2026-03-08 10:31:58,416 | INFO | smart_impute applied (skew_threshold=1.0).
2026-03-08 10:31:58,496 | INFO | handle_outliers method='iqr'
2026-03-08 10:31:58,498 | INFO | clean_column_names \u2192 renamed 17 cols: {'Rank': 'rank', 'CCA3': 'cca3', 'Country': 'country', 'Capital': 'capital', 'Continent': 'continent', '2022 Population': '2022_population', '2020 Population': '2020_population', '2015 Population': '2015_population', '2010 Population': '2010_population', '2000 Population': '2000_population', '1990 Population': '1990_population', '1980 Population': '1980_population', '1970 Population': '1970_population', 'Area (km²)': 'area_km²', 'Density (per km²)': 'density_per_km²', 'Growth Rate': 'growth_rate', 'World Population Percentage': 'world_population_percentage'}
2026-03-08 10:31:58,524 | INFO | standardize_strings applied.
2026-03-08 10:31:58,553 | INFO | drop_highly_correlated (threshold=0.95) \u2192 dropped ['2020_population', '2015_population', '2010_population', '2000_population', '1990_population', '1980_population', '1970_population', 'world_population_percentage']
2026-03-08 10:35:27,332 | INFO | smart_impute applied (skew_threshold=3.0).
2026-03-08 10:35:27,419 | INFO | handle_outliers method='iqr'
2026-03-08 10:35:27,453 | INFO | standardize_strings applied.
2026-03-08 10:35:27,472 | INFO | drop_highly_correlated (threshold=1.0) \u2192 dropped []
2026-03-08 10:35:30,901 | INFO | smart_impute applied (skew_threshold=3.0).
2026-03-08 10:35:30,969 | INFO | handle_outliers method='iqr'
2026-03-08 10:35:30,986 | INFO | standardize_strings applied.
2026-03-08 10:35:30,998 | INFO | drop_highly_correlated (threshold=1.0) \u2192 dropped []
2026-03-08 10:42:11,096 | INFO | smart_impute applied (skew_threshold=3.0).
2026-03-08 10:42:11,155 | INFO | handle_outliers method='iqr'
2026-03-08 10:42:11,172 | INFO | standardize_strings applied.
2026-03-08 10:42:11,182 | INFO | drop_highly_correlated (threshold=1.0) \u2192 dropped []
2026-03-08 10:50:53,089 | INFO | handle_outliers method='iqr'
2026-03-08 10:50:53,153 | INFO | standardize_strings applied.
2026-03-08 10:50:53,165 | INFO | fix_date_formats: ['Date']
2026-03-08 10:50:53,166 | INFO | fix_numeric_strings: []
2026-03-08 10:54:24,723 | INFO | handle_outliers method='iqr'
2026-03-08 10:54:24,727 | INFO | clean_column_names \u2192 renamed 8 cols: {'Store': 'store', 'Date': 'date', 'Weekly_Sales': 'weekly_sales', 'Holiday_Flag': 'holiday_flag', 'Temperature': 'temperature', 'Fuel_Price': 'fuel_price', 'CPI': 'cpi', 'Unemployment': 'unemployment'}
2026-03-08 10:54:24,784 | INFO | standardize_strings applied.
2026-03-08 10:54:24,796 | INFO | fix_date_formats: ['date']
2026-03-08 10:54:24,797 | INFO | fix_numeric_strings: []
2026-03-08 10:56:22,010 | INFO | handle_outliers method='iqr'
2026-03-08 10:56:22,011 | INFO | clean_column_names \u2192 renamed 8 cols: {'Store': 'store', 'Date': 'date', 'Weekly_Sales': 'weekly_sales', 'Holiday_Flag': 'holiday_flag', 'Temperature': 'temperature', 'Fuel_Price': 'fuel_price', 'CPI': 'cpi', 'Unemployment': 'unemployment'}
2026-03-08 10:56:22,074 | INFO | standardize_strings applied.
2026-03-08 10:56:22,086 | INFO | fix_date_formats: ['date']
2026-03-08 10:56:22,087 | INFO | fix_numeric_strings: []
2026-03-08 10:56:28,414 | INFO | handle_outliers method='iqr'
2026-03-08 10:56:28,415 | INFO | clean_column_names \u2192 renamed 8 cols: {'Store': 'store', 'Date': 'date', 'Weekly_Sales': 'weekly_sales', 'Holiday_Flag': 'holiday_flag', 'Temperature': 'temperature', 'Fuel_Price': 'fuel_price', 'CPI': 'cpi', 'Unemployment': 'unemployment'}
2026-03-08 10:56:28,464 | INFO | standardize_strings applied.
2026-03-08 10:56:28,473 | INFO | fix_date_formats: ['date']
2026-03-08 10:56:28,474 | INFO | fix_numeric_strings: []
2026-03-08 10:56:49,683 | WARNING | auto_fix_typos 'Date': AMBIGUOUS MERGE — '05-02-2010' (n=45) vs '05-03-2010' (n=45). Frequencies are close; verify these are not distinct values before accepting the auto-fix.
2026-03-08 10:56:49,685 | WARNING | auto_fix_typos 'Date': AMBIGUOUS MERGE — '12-02-2010' (n=45) vs '19-02-2010' (n=45). Frequencies are close; verify these are not distinct values before accepting the auto-fix.
2026-03-08 10:56:49,686 | WARNING | auto_fix_typos 'Date': AMBIGUOUS MERGE — '19-03-2010' (n=45) vs '19-02-2010' (n=45). Frequencies are close; verify these are not distinct values before accepting the auto-fix.
2026-03-08 10:56:49,687 | WARNING | auto_fix_typos 'Date': AMBIGUOUS MERGE — '26-03-2010' (n=45) vs '26-02-2010' (n=45). Frequencies are close; verify these are not distinct values before accepting the auto-fix.
2026-03-08 10:56:49,688 | WARNING | auto_fix_typos 'Date': AMBIGUOUS MERGE — '02-04-2010' (n=45) vs '09-04-2010' (n=45). Frequencies are close; verify these are not distinct values before accepting the auto-fix.
2026-03-08 10:56:49,689 | WARNING | auto_fix_typos 'Date': AMBIGUOUS MERGE — '16-04-2010' (n=45) vs '16-07-2010' (n=45). Frequencies are close; verify these are not distinct values before accepting the auto-fix.
2026-03-08 10:56:49,691 | WARNING | auto_fix_typos 'Date': AMBIGUOUS MERGE — '14-05-2010' (n=45) vs '21-05-2010' (n=45). Frequencies are close; verify these are not distinct values before accepting the auto-fix.
2026-03-08 10:56:49,692 | WARNING | auto_fix_typos 'Date': AMBIGUOUS MERGE — '28-05-2010' (n=45) vs '21-05-2010' (n=45). Frequencies are close; verify these are not distinct values before accepting the auto-fix.
2026-03-08 10:56:49,693 | WARNING | auto_fix_typos 'Date': AMBIGUOUS MERGE — '11-06-2010' (n=45) vs '18-06-2010' (n=45). Frequencies are close; verify these are not distinct values before accepting the auto-fix.
2026-03-08 10:56:49,695 | WARNING | auto_fix_typos 'Date': AMBIGUOUS MERGE — '09-07-2010' (n=45) vs '09-04-2010' (n=45). Frequencies are close; verify these are not distinct values before accepting the auto-fix.
2026-03-08 10:56:49,696 | WARNING | auto_fix_typos 'Date': AMBIGUOUS MERGE — '23-07-2010' (n=45) vs '23-04-2010' (n=45). Frequencies are close; verify these are not distinct values before accepting the auto-fix.
2026-03-08 10:56:49,697 | WARNING | auto_fix_typos 'Date': AMBIGUOUS MERGE — '06-08-2010' (n=45) vs '20-08-2010' (n=45). Frequencies are close; verify these are not distinct values before accepting the auto-fix.
2026-03-08 10:56:49,698 | WARNING | auto_fix_typos 'Date': AMBIGUOUS MERGE — '27-08-2010' (n=45) vs '20-08-2010' (n=45). Frequencies are close; verify these are not distinct values before accepting the auto-fix.
2026-03-08 10:56:49,702 | WARNING | auto_fix_typos 'Date': AMBIGUOUS MERGE — '03-09-2010' (n=45) vs '10-09-2010' (n=45). Frequencies are close; verify these are not distinct values before accepting the auto-fix.
2026-03-08 10:56:49,703 | WARNING | auto_fix_typos 'Date': AMBIGUOUS MERGE — '17-09-2010' (n=45) vs '10-09-2010' (n=45). Frequencies are close; verify these are not distinct values before accepting the auto-fix.
2026-03-08 10:56:49,705 | WARNING | auto_fix_typos 'Date': AMBIGUOUS MERGE — '01-10-2010' (n=45) vs '08-10-2010' (n=45). Frequencies are close; verify these are not distinct values before accepting the auto-fix.
2026-03-08 10:56:49,706 | WARNING | auto_fix_typos 'Date': AMBIGUOUS MERGE — '22-10-2010' (n=45) vs '29-10-2010' (n=45). Frequencies are close; verify these are not distinct values before accepting the auto-fix.
2026-03-08 10:56:49,707 | WARNING | auto_fix_typos 'Date': AMBIGUOUS MERGE — '12-11-2010' (n=45) vs '19-11-2010' (n=45). Frequencies are close; verify these are not distinct values before accepting the auto-fix.
2026-03-08 10:56:49,708 | WARNING | auto_fix_typos 'Date': AMBIGUOUS MERGE — '03-12-2010' (n=45) vs '10-12-2010' (n=45). Frequencies are close; verify these are not distinct values before accepting the auto-fix.
2026-03-08 10:56:49,710 | WARNING | auto_fix_typos 'Date': AMBIGUOUS MERGE — '17-12-2010' (n=45) vs '10-12-2010' (n=45). Frequencies are close; verify these are not distinct values before accepting the auto-fix.
2026-03-08 10:56:49,711 | WARNING | auto_fix_typos 'Date': AMBIGUOUS MERGE — '07-01-2011' (n=45) vs '07-10-2011' (n=45). Frequencies are close; verify these are not distinct values before accepting the auto-fix.
2026-03-08 10:56:49,712 | WARNING | auto_fix_typos 'Date': AMBIGUOUS MERGE — '14-01-2011' (n=45) vs '21-01-2011' (n=45). Frequencies are close; verify these are not distinct values before accepting the auto-fix.
2026-03-08 10:56:49,713 | WARNING | auto_fix_typos 'Date': AMBIGUOUS MERGE — '28-01-2011' (n=45) vs '21-01-2011' (n=45). Frequencies are close; verify these are not distinct values before accepting the auto-fix.
2026-03-08 10:56:49,717 | WARNING | auto_fix_typos 'Date': AMBIGUOUS MERGE — '04-02-2011' (n=45) vs '04-03-2011' (n=45). Frequencies are close; verify these are not distinct values before accepting the auto-fix.
2026-03-08 10:56:49,718 | WARNING | auto_fix_typos 'Date': AMBIGUOUS MERGE — '11-02-2011' (n=45) vs '18-02-2011' (n=45). Frequencies are close; verify these are not distinct values before accepting the auto-fix.
2026-03-08 10:56:49,719 | WARNING | auto_fix_typos 'Date': AMBIGUOUS MERGE — '25-02-2011' (n=45) vs '25-03-2011' (n=45). Frequencies are close; verify these are not distinct values before accepting the auto-fix.
2026-03-08 10:56:49,720 | WARNING | auto_fix_typos 'Date': AMBIGUOUS MERGE — '18-03-2011' (n=45) vs '18-02-2011' (n=45). Frequencies are close; verify these are not distinct values before accepting the auto-fix.
2026-03-08 10:56:49,722 | WARNING | auto_fix_typos 'Date': AMBIGUOUS MERGE — '01-04-2011' (n=45) vs '08-04-2011' (n=45). Frequencies are close; verify these are not distinct values before accepting the auto-fix.
2026-03-08 10:56:49,723 | WARNING | auto_fix_typos 'Date': AMBIGUOUS MERGE — '22-04-2011' (n=45) vs '29-04-2011' (n=45). Frequencies are close; verify these are not distinct values before accepting the auto-fix.
2026-03-08 10:56:49,724 | WARNING | auto_fix_typos 'Date': AMBIGUOUS MERGE — '06-05-2011' (n=45) vs '20-05-2011' (n=45). Frequencies are close; verify these are not distinct values before accepting the auto-fix.
2026-03-08 10:56:49,726 | WARNING | auto_fix_typos 'Date': AMBIGUOUS MERGE — '27-05-2011' (n=45) vs '20-05-2011' (n=45). Frequencies are close; verify these are not distinct values before accepting the auto-fix.
2026-03-08 10:56:49,727 | WARNING | auto_fix_typos 'Date': AMBIGUOUS MERGE — '03-06-2011' (n=45) vs '10-06-2011' (n=45). Frequencies are close; verify these are not distinct values before accepting the auto-fix.
2026-03-08 10:56:49,728 | WARNING | auto_fix_typos 'Date': AMBIGUOUS MERGE — '17-06-2011' (n=45) vs '10-06-2011' (n=45). Frequencies are close; verify these are not distinct values before accepting the auto-fix.
2026-03-08 10:56:49,730 | WARNING | auto_fix_typos 'Date': AMBIGUOUS MERGE — '08-07-2011' (n=45) vs '08-04-2011' (n=45). Frequencies are close; verify these are not distinct values before accepting the auto-fix.
2026-03-08 10:56:49,733 | WARNING | auto_fix_typos 'Date': AMBIGUOUS MERGE — '15-07-2011' (n=45) vs '15-04-2011' (n=45). Frequencies are close; verify these are not distinct values before accepting the auto-fix.
2026-03-08 10:56:49,735 | WARNING | auto_fix_typos 'Date': AMBIGUOUS MERGE — '29-07-2011' (n=45) vs '29-04-2011' (n=45). Frequencies are close; verify these are not distinct values before accepting the auto-fix.
2026-03-08 10:56:49,736 | WARNING | auto_fix_typos 'Date': AMBIGUOUS MERGE — '12-08-2011' (n=45) vs '19-08-2011' (n=45). Frequencies are close; verify these are not distinct values before accepting the auto-fix.
2026-03-08 10:56:49,737 | WARNING | auto_fix_typos 'Date': AMBIGUOUS MERGE — '02-09-2011' (n=45) vs '09-09-2011' (n=45). Frequencies are close; verify these are not distinct values before accepting the auto-fix.
2026-03-08 10:56:49,739 | WARNING | auto_fix_typos 'Date': AMBIGUOUS MERGE — '21-10-2011' (n=45) vs '21-01-2011' (n=45). Frequencies are close; verify these are not distinct values before accepting the auto-fix.
2026-03-08 10:56:49,740 | WARNING | auto_fix_typos 'Date': AMBIGUOUS MERGE — '11-11-2011' (n=45) vs '18-11-2011' (n=45). Frequencies are close; verify these are not distinct values before accepting the auto-fix.
2026-03-08 10:56:49,741 | WARNING | auto_fix_typos 'Date': AMBIGUOUS MERGE — '02-12-2011' (n=45) vs '09-12-2011' (n=45). Frequencies are close; verify these are not distinct values before accepting the auto-fix.
2026-03-08 10:56:49,743 | WARNING | auto_fix_typos 'Date': AMBIGUOUS MERGE — '06-01-2012' (n=45) vs '20-01-2012' (n=45). Frequencies are close; verify these are not distinct values before accepting the auto-fix.
2026-03-08 10:56:49,744 | WARNING | auto_fix_typos 'Date': AMBIGUOUS MERGE — '13-01-2012' (n=45) vs '13-04-2012' (n=45). Frequencies are close; verify these are not distinct values before accepting the auto-fix.
2026-03-08 10:56:49,745 | WARNING | auto_fix_typos 'Date': AMBIGUOUS MERGE — '27-01-2012' (n=45) vs '20-01-2012' (n=45). Frequencies are close; verify these are not distinct values before accepting the auto-fix.
2026-03-08 10:56:49,748 | WARNING | auto_fix_typos 'Date': AMBIGUOUS MERGE — '03-02-2012' (n=45) vs '10-02-2012' (n=45). Frequencies are close; verify these are not distinct values before accepting the auto-fix.
2026-03-08 10:56:49,750 | WARNING | auto_fix_typos 'Date': AMBIGUOUS MERGE — '17-02-2012' (n=45) vs '10-02-2012' (n=45). Frequencies are close; verify these are not distinct values before accepting the auto-fix.
2026-03-08 10:56:49,751 | WARNING | auto_fix_typos 'Date': AMBIGUOUS MERGE — '24-02-2012' (n=45) vs '24-08-2012' (n=45). Frequencies are close; verify these are not distinct values before accepting the auto-fix.
2026-03-08 10:56:49,752 | WARNING | auto_fix_typos 'Date': AMBIGUOUS MERGE — '02-03-2012' (n=45) vs '09-03-2012' (n=45). Frequencies are close; verify these are not distinct values before accepting the auto-fix.
2026-03-08 10:56:49,754 | WARNING | auto_fix_typos 'Date': AMBIGUOUS MERGE — '20-04-2012' (n=45) vs '20-01-2012' (n=45). Frequencies are close; verify these are not distinct values before accepting the auto-fix.
2026-03-08 10:56:49,755 | WARNING | auto_fix_typos 'Date': AMBIGUOUS MERGE — '11-05-2012' (n=45) vs '18-05-2012' (n=45). Frequencies are close; verify these are not distinct values before accepting the auto-fix.
2026-03-08 10:56:49,756 | WARNING | auto_fix_typos 'Date': AMBIGUOUS MERGE — '01-06-2012' (n=45) vs '08-06-2012' (n=45). Frequencies are close; verify these are not distinct values before accepting the auto-fix.
2026-03-08 10:56:49,757 | WARNING | auto_fix_typos 'Date': AMBIGUOUS MERGE — '22-06-2012' (n=45) vs '29-06-2012' (n=45). Frequencies are close; verify these are not distinct values before accepting the auto-fix.
2026-03-08 10:56:49,758 | WARNING | auto_fix_typos 'Date': AMBIGUOUS MERGE — '10-08-2012' (n=45) vs '10-02-2012' (n=45). Frequencies are close; verify these are not distinct values before accepting the auto-fix.
2026-03-08 10:56:49,760 | WARNING | auto_fix_typos 'Date': AMBIGUOUS MERGE — '14-09-2012' (n=45) vs '21-09-2012' (n=45). Frequencies are close; verify these are not distinct values before accepting the auto-fix.
2026-03-08 10:56:49,764 | WARNING | auto_fix_typos 'Date': AMBIGUOUS MERGE — '28-09-2012' (n=45) vs '21-09-2012' (n=45). Frequencies are close; verify these are not distinct values before accepting the auto-fix.
2026-03-08 10:56:49,765 | WARNING | auto_fix_typos 'Date': AMBIGUOUS MERGE — '12-10-2012' (n=45) vs '19-10-2012' (n=45). Frequencies are close; verify these are not distinct values before accepting the auto-fix.
2026-03-08 10:56:49,798 | INFO | auto_fix_typos 'Date': {'05-03-2010': '05-02-2010', '19-02-2010': '19-03-2010', '26-02-2010': '26-03-2010', '12-03-2010': '26-03-2010', '09-04-2010': '09-07-2010', '23-04-2010': '23-07-2010', '30-04-2010': '02-04-2010', '02-07-2010': '23-07-2010', '16-07-2010': '16-04-2010', '21-05-2010': '28-05-2010', '18-06-2010': '11-06-2010', '30-07-2010': '23-07-2010', '20-08-2010': '27-08-2010', '10-09-2010': '17-09-2010', '08-10-2010': '01-10-2010', '15-10-2010': '01-10-2010', '29-10-2010': '22-10-2010', '19-11-2010': '12-11-2010', '26-11-2010': '12-11-2010', '10-12-2010': '17-12-2010', '31-12-2010': '17-12-2010', '07-10-2011': '07-01-2011', '21-01-2011': '21-10-2011', '14-10-2011': '21-10-2011', '28-10-2011': '21-10-2011', '04-03-2011': '04-02-2011', '18-02-2011': '18-03-2011', '11-03-2011': '18-03-2011', '25-03-2011': '25-02-2011', '08-04-2011': '08-07-2011', '15-04-2011': '15-07-2011', '01-07-2011': '15-07-2011', '29-04-2011': '29-07-2011', '22-07-2011': '29-07-2011', '20-05-2011': '27-05-2011', '10-06-2011': '17-06-2011', '19-08-2011': '12-08-2011', '26-08-2011': '12-08-2011', '09-09-2011': '02-09-2011', '23-09-2011': '02-09-2011', '30-09-2011': '02-09-2011', '18-11-2011': '11-11-2011', '09-12-2011': '02-12-2011', '23-12-2011': '02-12-2011', '30-12-2011': '02-12-2011', '20-01-2012': '20-04-2012', '06-04-2012': '20-04-2012', '06-07-2012': '06-01-2012', '13-04-2012': '13-01-2012', '13-07-2012': '13-01-2012', '27-04-2012': '20-04-2012', '27-07-2012': '27-01-2012', '10-02-2012': '10-08-2012', '03-08-2012': '10-08-2012', '17-08-2012': '10-08-2012', '24-08-2012': '24-02-2012', '09-03-2012': '02-03-2012', '23-03-2012': '02-03-2012', '30-03-2012': '02-03-2012', '20-07-2012': '20-04-2012', '18-05-2012': '11-05-2012', '08-06-2012': '01-06-2012', '15-06-2012': '01-06-2012', '29-06-2012': '22-06-2012', '31-08-2012': '10-08-2012', '21-09-2012': '28-09-2012', '19-10-2012': '12-10-2012', '26-10-2012': '12-10-2012'}
2026-03-08 10:57:11,601 | INFO | fix_date_formats: ['Date']
2026-03-08 10:57:11,602 | INFO | fix_numeric_strings: []
2026-03-08 10:57:27,338 | INFO | fix_numeric_strings: []
2026-03-08 10:57:27,345 | WARNING | auto_fix_typos 'Date': AMBIGUOUS MERGE — '05-02-2010' (n=45) vs '05-03-2010' (n=45). Frequencies are close; verify these are not distinct values before accepting the auto-fix.
2026-03-08 10:57:27,347 | WARNING | auto_fix_typos 'Date': AMBIGUOUS MERGE — '12-02-2010' (n=45) vs '19-02-2010' (n=45). Frequencies are close; verify these are not distinct values before accepting the auto-fix.
2026-03-08 10:57:27,348 | WARNING | auto_fix_typos 'Date': AMBIGUOUS MERGE — '19-03-2010' (n=45) vs '19-02-2010' (n=45). Frequencies are close; verify these are not distinct values before accepting the auto-fix.
2026-03-08 10:57:27,349 | WARNING | auto_fix_typos 'Date': AMBIGUOUS MERGE — '26-03-2010' (n=45) vs '26-02-2010' (n=45). Frequencies are close; verify these are not distinct values before accepting the auto-fix.
2026-03-08 10:57:27,350 | WARNING | auto_fix_typos 'Date': AMBIGUOUS MERGE — '02-04-2010' (n=45) vs '09-04-2010' (n=45). Frequencies are close; verify these are not distinct values before accepting the auto-fix.
2026-03-08 10:57:27,351 | WARNING | auto_fix_typos 'Date': AMBIGUOUS MERGE — '16-04-2010' (n=45) vs '16-07-2010' (n=45). Frequencies are close; verify these are not distinct values before accepting the auto-fix.
2026-03-08 10:57:27,353 | WARNING | auto_fix_typos 'Date': AMBIGUOUS MERGE — '14-05-2010' (n=45) vs '21-05-2010' (n=45). Frequencies are close; verify these are not distinct values before accepting the auto-fix.
2026-03-08 10:57:27,354 | WARNING | auto_fix_typos 'Date': AMBIGUOUS MERGE — '28-05-2010' (n=45) vs '21-05-2010' (n=45). Frequencies are close; verify these are not distinct values before accepting the auto-fix.
2026-03-08 10:57:27,355 | WARNING | auto_fix_typos 'Date': AMBIGUOUS MERGE — '11-06-2010' (n=45) vs '18-06-2010' (n=45). Frequencies are close; verify these are not distinct values before accepting the auto-fix.
2026-03-08 10:57:27,356 | WARNING | auto_fix_typos 'Date': AMBIGUOUS MERGE — '09-07-2010' (n=45) vs '09-04-2010' (n=45). Frequencies are close; verify these are not distinct values before accepting the auto-fix.
2026-03-08 10:57:27,357 | WARNING | auto_fix_typos 'Date': AMBIGUOUS MERGE — '23-07-2010' (n=45) vs '23-04-2010' (n=45). Frequencies are close; verify these are not distinct values before accepting the auto-fix.
2026-03-08 10:57:27,358 | WARNING | auto_fix_typos 'Date': AMBIGUOUS MERGE — '06-08-2010' (n=45) vs '20-08-2010' (n=45). Frequencies are close; verify these are not distinct values before accepting the auto-fix.
2026-03-08 10:57:27,362 | WARNING | auto_fix_typos 'Date': AMBIGUOUS MERGE — '27-08-2010' (n=45) vs '20-08-2010' (n=45). Frequencies are close; verify these are not distinct values before accepting the auto-fix.
2026-03-08 10:57:27,363 | WARNING | auto_fix_typos 'Date': AMBIGUOUS MERGE — '03-09-2010' (n=45) vs '10-09-2010' (n=45). Frequencies are close; verify these are not distinct values before accepting the auto-fix.
2026-03-08 10:57:27,364 | WARNING | auto_fix_typos 'Date': AMBIGUOUS MERGE — '17-09-2010' (n=45) vs '10-09-2010' (n=45). Frequencies are close; verify these are not distinct values before accepting the auto-fix.
2026-03-08 10:57:27,365 | WARNING | auto_fix_typos 'Date': AMBIGUOUS MERGE — '01-10-2010' (n=45) vs '08-10-2010' (n=45). Frequencies are close; verify these are not distinct values before accepting the auto-fix.
2026-03-08 10:57:27,366 | WARNING | auto_fix_typos 'Date': AMBIGUOUS MERGE — '22-10-2010' (n=45) vs '29-10-2010' (n=45). Frequencies are close; verify these are not distinct values before accepting the auto-fix.
2026-03-08 10:57:27,368 | WARNING | auto_fix_typos 'Date': AMBIGUOUS MERGE — '12-11-2010' (n=45) vs '19-11-2010' (n=45). Frequencies are close; verify these are not distinct values before accepting the auto-fix.
2026-03-08 10:57:27,369 | WARNING | auto_fix_typos 'Date': AMBIGUOUS MERGE — '03-12-2010' (n=45) vs '10-12-2010' (n=45). Frequencies are close; verify these are not distinct values before accepting the auto-fix.
2026-03-08 10:57:27,370 | WARNING | auto_fix_typos 'Date': AMBIGUOUS MERGE — '17-12-2010' (n=45) vs '10-12-2010' (n=45). Frequencies are close; verify these are not distinct values before accepting the auto-fix.
2026-03-08 10:57:27,371 | WARNING | auto_fix_typos 'Date': AMBIGUOUS MERGE — '07-01-2011' (n=45) vs '07-10-2011' (n=45). Frequencies are close; verify these are not distinct values before accepting the auto-fix.
2026-03-08 10:57:27,372 | WARNING | auto_fix_typos 'Date': AMBIGUOUS MERGE — '14-01-2011' (n=45) vs '21-01-2011' (n=45). Frequencies are close; verify these are not distinct values before accepting the auto-fix.
2026-03-08 10:57:27,373 | WARNING | auto_fix_typos 'Date': AMBIGUOUS MERGE — '28-01-2011' (n=45) vs '21-01-2011' (n=45). Frequencies are close; verify these are not distinct values before accepting the auto-fix.
2026-03-08 10:57:27,374 | WARNING | auto_fix_typos 'Date': AMBIGUOUS MERGE — '04-02-2011' (n=45) vs '04-03-2011' (n=45). Frequencies are close; verify these are not distinct values before accepting the auto-fix.
2026-03-08 10:57:27,378 | WARNING | auto_fix_typos 'Date': AMBIGUOUS MERGE — '11-02-2011' (n=45) vs '18-02-2011' (n=45). Frequencies are close; verify these are not distinct values before accepting the auto-fix.
2026-03-08 10:57:27,380 | WARNING | auto_fix_typos 'Date': AMBIGUOUS MERGE — '25-02-2011' (n=45) vs '25-03-2011' (n=45). Frequencies are close; verify these are not distinct values before accepting the auto-fix.
2026-03-08 10:57:27,381 | WARNING | auto_fix_typos 'Date': AMBIGUOUS MERGE — '18-03-2011' (n=45) vs '18-02-2011' (n=45). Frequencies are close; verify these are not distinct values before accepting the auto-fix.
2026-03-08 10:57:27,382 | WARNING | auto_fix_typos 'Date': AMBIGUOUS MERGE — '01-04-2011' (n=45) vs '08-04-2011' (n=45). Frequencies are close; verify these are not distinct values before accepting the auto-fix.
2026-03-08 10:57:27,383 | WARNING | auto_fix_typos 'Date': AMBIGUOUS MERGE — '22-04-2011' (n=45) vs '29-04-2011' (n=45). Frequencies are close; verify these are not distinct values before accepting the auto-fix.
2026-03-08 10:57:27,384 | WARNING | auto_fix_typos 'Date': AMBIGUOUS MERGE — '06-05-2011' (n=45) vs '20-05-2011' (n=45). Frequencies are close; verify these are not distinct values before accepting the auto-fix.
2026-03-08 10:57:27,385 | WARNING | auto_fix_typos 'Date': AMBIGUOUS MERGE — '27-05-2011' (n=45) vs '20-05-2011' (n=45). Frequencies are close; verify these are not distinct values before accepting the auto-fix.
2026-03-08 10:57:27,386 | WARNING | auto_fix_typos 'Date': AMBIGUOUS MERGE — '03-06-2011' (n=45) vs '10-06-2011' (n=45). Frequencies are close; verify these are not distinct values before accepting the auto-fix.
2026-03-08 10:57:27,387 | WARNING | auto_fix_typos 'Date': AMBIGUOUS MERGE — '17-06-2011' (n=45) vs '10-06-2011' (n=45). Frequencies are close; verify these are not distinct values before accepting the auto-fix.
2026-03-08 10:57:27,389 | WARNING | auto_fix_typos 'Date': AMBIGUOUS MERGE — '08-07-2011' (n=45) vs '08-04-2011' (n=45). Frequencies are close; verify these are not distinct values before accepting the auto-fix.
2026-03-08 10:57:27,390 | WARNING | auto_fix_typos 'Date': AMBIGUOUS MERGE — '15-07-2011' (n=45) vs '15-04-2011' (n=45). Frequencies are close; verify these are not distinct values before accepting the auto-fix.
2026-03-08 10:57:27,393 | WARNING | auto_fix_typos 'Date': AMBIGUOUS MERGE — '29-07-2011' (n=45) vs '29-04-2011' (n=45). Frequencies are close; verify these are not distinct values before accepting the auto-fix.
2026-03-08 10:57:27,395 | WARNING | auto_fix_typos 'Date': AMBIGUOUS MERGE — '12-08-2011' (n=45) vs '19-08-2011' (n=45). Frequencies are close; verify these are not distinct values before accepting the auto-fix.
2026-03-08 10:57:27,396 | WARNING | auto_fix_typos 'Date': AMBIGUOUS MERGE — '02-09-2011' (n=45) vs '09-09-2011' (n=45). Frequencies are close; verify these are not distinct values before accepting the auto-fix.
2026-03-08 10:57:27,397 | WARNING | auto_fix_typos 'Date': AMBIGUOUS MERGE — '21-10-2011' (n=45) vs '21-01-2011' (n=45). Frequencies are close; verify these are not distinct values before accepting the auto-fix.
2026-03-08 10:57:27,398 | WARNING | auto_fix_typos 'Date': AMBIGUOUS MERGE — '11-11-2011' (n=45) vs '18-11-2011' (n=45). Frequencies are close; verify these are not distinct values before accepting the auto-fix.
2026-03-08 10:57:27,400 | WARNING | auto_fix_typos 'Date': AMBIGUOUS MERGE — '02-12-2011' (n=45) vs '09-12-2011' (n=45). Frequencies are close; verify these are not distinct values before accepting the auto-fix.
2026-03-08 10:57:27,401 | WARNING | auto_fix_typos 'Date': AMBIGUOUS MERGE — '06-01-2012' (n=45) vs '20-01-2012' (n=45). Frequencies are close; verify these are not distinct values before accepting the auto-fix.
2026-03-08 10:57:27,402 | WARNING | auto_fix_typos 'Date': AMBIGUOUS MERGE — '13-01-2012' (n=45) vs '13-04-2012' (n=45). Frequencies are close; verify these are not distinct values before accepting the auto-fix.
2026-03-08 10:57:27,403 | WARNING | auto_fix_typos 'Date': AMBIGUOUS MERGE — '27-01-2012' (n=45) vs '20-01-2012' (n=45). Frequencies are close; verify these are not distinct values before accepting the auto-fix.
2026-03-08 10:57:27,404 | WARNING | auto_fix_typos 'Date': AMBIGUOUS MERGE — '03-02-2012' (n=45) vs '10-02-2012' (n=45). Frequencies are close; verify these are not distinct values before accepting the auto-fix.
2026-03-08 10:57:27,405 | WARNING | auto_fix_typos 'Date': AMBIGUOUS MERGE — '17-02-2012' (n=45) vs '10-02-2012' (n=45). Frequencies are close; verify these are not distinct values before accepting the auto-fix.
2026-03-08 10:57:27,406 | WARNING | auto_fix_typos 'Date': AMBIGUOUS MERGE — '24-02-2012' (n=45) vs '24-08-2012' (n=45). Frequencies are close; verify these are not distinct values before accepting the auto-fix.
2026-03-08 10:57:27,409 | WARNING | auto_fix_typos 'Date': AMBIGUOUS MERGE — '02-03-2012' (n=45) vs '09-03-2012' (n=45). Frequencies are close; verify these are not distinct values before accepting the auto-fix.
2026-03-08 10:57:27,411 | WARNING | auto_fix_typos 'Date': AMBIGUOUS MERGE — '20-04-2012' (n=45) vs '20-01-2012' (n=45). Frequencies are close; verify these are not distinct values before accepting the auto-fix.
2026-03-08 10:57:27,413 | WARNING | auto_fix_typos 'Date': AMBIGUOUS MERGE — '11-05-2012' (n=45) vs '18-05-2012' (n=45). Frequencies are close; verify these are not distinct values before accepting the auto-fix.
2026-03-08 10:57:27,414 | WARNING | auto_fix_typos 'Date': AMBIGUOUS MERGE — '01-06-2012' (n=45) vs '08-06-2012' (n=45). Frequencies are close; verify these are not distinct values before accepting the auto-fix.
2026-03-08 10:57:27,415 | WARNING | auto_fix_typos 'Date': AMBIGUOUS MERGE — '22-06-2012' (n=45) vs '29-06-2012' (n=45). Frequencies are close; verify these are not distinct values before accepting the auto-fix.
2026-03-08 10:57:27,416 | WARNING | auto_fix_typos 'Date': AMBIGUOUS MERGE — '10-08-2012' (n=45) vs '10-02-2012' (n=45). Frequencies are close; verify these are not distinct values before accepting the auto-fix.
2026-03-08 10:57:27,417 | WARNING | auto_fix_typos 'Date': AMBIGUOUS MERGE — '14-09-2012' (n=45) vs '21-09-2012' (n=45). Frequencies are close; verify these are not distinct values before accepting the auto-fix.
2026-03-08 10:57:27,418 | WARNING | auto_fix_typos 'Date': AMBIGUOUS MERGE — '28-09-2012' (n=45) vs '21-09-2012' (n=45). Frequencies are close; verify these are not distinct values before accepting the auto-fix.
2026-03-08 10:57:27,419 | WARNING | auto_fix_typos 'Date': AMBIGUOUS MERGE — '12-10-2012' (n=45) vs '19-10-2012' (n=45). Frequencies are close; verify these are not distinct values before accepting the auto-fix.
2026-03-08 10:57:27,446 | INFO | auto_fix_typos 'Date': {'05-03-2010': '05-02-2010', '19-02-2010': '19-03-2010', '26-02-2010': '26-03-2010', '12-03-2010': '26-03-2010', '09-04-2010': '09-07-2010', '23-04-2010': '23-07-2010', '30-04-2010': '02-04-2010', '02-07-2010': '23-07-2010', '16-07-2010': '16-04-2010', '21-05-2010': '28-05-2010', '18-06-2010': '11-06-2010', '30-07-2010': '23-07-2010', '20-08-2010': '27-08-2010', '10-09-2010': '17-09-2010', '08-10-2010': '01-10-2010', '15-10-2010': '01-10-2010', '29-10-2010': '22-10-2010', '19-11-2010': '12-11-2010', '26-11-2010': '12-11-2010', '10-12-2010': '17-12-2010', '31-12-2010': '17-12-2010', '07-10-2011': '07-01-2011', '21-01-2011': '21-10-2011', '14-10-2011': '21-10-2011', '28-10-2011': '21-10-2011', '04-03-2011': '04-02-2011', '18-02-2011': '18-03-2011', '11-03-2011': '18-03-2011', '25-03-2011': '25-02-2011', '08-04-2011': '08-07-2011', '15-04-2011': '15-07-2011', '01-07-2011': '15-07-2011', '29-04-2011': '29-07-2011', '22-07-2011': '29-07-2011', '20-05-2011': '27-05-2011', '10-06-2011': '17-06-2011', '19-08-2011': '12-08-2011', '26-08-2011': '12-08-2011', '09-09-2011': '02-09-2011', '23-09-2011': '02-09-2011', '30-09-2011': '02-09-2011', '18-11-2011': '11-11-2011', '09-12-2011': '02-12-2011', '23-12-2011': '02-12-2011', '30-12-2011': '02-12-2011', '20-01-2012': '20-04-2012', '06-04-2012': '20-04-2012', '06-07-2012': '06-01-2012', '13-04-2012': '13-01-2012', '13-07-2012': '13-01-2012', '27-04-2012': '20-04-2012', '27-07-2012': '27-01-2012', '10-02-2012': '10-08-2012', '03-08-2012': '10-08-2012', '17-08-2012': '10-08-2012', '24-08-2012': '24-02-2012', '09-03-2012': '02-03-2012', '23-03-2012': '02-03-2012', '30-03-2012': '02-03-2012', '20-07-2012': '20-04-2012', '18-05-2012': '11-05-2012', '08-06-2012': '01-06-2012', '15-06-2012': '01-06-2012', '29-06-2012': '22-06-2012', '31-08-2012': '10-08-2012', '21-09-2012': '28-09-2012', '19-10-2012': '12-10-2012', '26-10-2012': '12-10-2012'}
2026-03-08 10:57:41,826 | INFO | standardize_strings applied.
2026-03-08 10:57:41,835 | INFO | fix_numeric_strings: []
2026-03-08 10:57:41,842 | WARNING | auto_fix_typos 'Date': AMBIGUOUS MERGE — '05-02-2010' (n=45) vs '05-03-2010' (n=45). Frequencies are close; verify these are not distinct values before accepting the auto-fix.
2026-03-08 10:57:41,843 | WARNING | auto_fix_typos 'Date': AMBIGUOUS MERGE — '12-02-2010' (n=45) vs '19-02-2010' (n=45). Frequencies are close; verify these are not distinct values before accepting the auto-fix.
2026-03-08 10:57:41,844 | WARNING | auto_fix_typos 'Date': AMBIGUOUS MERGE — '19-03-2010' (n=45) vs '19-02-2010' (n=45). Frequencies are close; verify these are not distinct values before accepting the auto-fix.
2026-03-08 10:57:41,845 | WARNING | auto_fix_typos 'Date': AMBIGUOUS MERGE — '26-03-2010' (n=45) vs '26-02-2010' (n=45). Frequencies are close; verify these are not distinct values before accepting the auto-fix.
2026-03-08 10:57:41,846 | WARNING | auto_fix_typos 'Date': AMBIGUOUS MERGE — '02-04-2010' (n=45) vs '09-04-2010' (n=45). Frequencies are close; verify these are not distinct values before accepting the auto-fix.
2026-03-08 10:57:41,847 | WARNING | auto_fix_typos 'Date': AMBIGUOUS MERGE — '16-04-2010' (n=45) vs '16-07-2010' (n=45). Frequencies are close; verify these are not distinct values before accepting the auto-fix.
2026-03-08 10:57:41,848 | WARNING | auto_fix_typos 'Date': AMBIGUOUS MERGE — '14-05-2010' (n=45) vs '21-05-2010' (n=45). Frequencies are close; verify these are not distinct values before accepting the auto-fix.
2026-03-08 10:57:41,849 | WARNING | auto_fix_typos 'Date': AMBIGUOUS MERGE — '28-05-2010' (n=45) vs '21-05-2010' (n=45). Frequencies are close; verify these are not distinct values before accepting the auto-fix.
2026-03-08 10:57:41,854 | WARNING | auto_fix_typos 'Date': AMBIGUOUS MERGE — '11-06-2010' (n=45) vs '18-06-2010' (n=45). Frequencies are close; verify these are not distinct values before accepting the auto-fix.
2026-03-08 10:57:41,856 | WARNING | auto_fix_typos 'Date': AMBIGUOUS MERGE — '09-07-2010' (n=45) vs '09-04-2010' (n=45). Frequencies are close; verify these are not distinct values before accepting the auto-fix.
2026-03-08 10:57:41,857 | WARNING | auto_fix_typos 'Date': AMBIGUOUS MERGE — '23-07-2010' (n=45) vs '23-04-2010' (n=45). Frequencies are close; verify these are not distinct values before accepting the auto-fix.
2026-03-08 10:57:41,858 | WARNING | auto_fix_typos 'Date': AMBIGUOUS MERGE — '06-08-2010' (n=45) vs '20-08-2010' (n=45). Frequencies are close; verify these are not distinct values before accepting the auto-fix.
2026-03-08 10:57:41,860 | WARNING | auto_fix_typos 'Date': AMBIGUOUS MERGE — '27-08-2010' (n=45) vs '20-08-2010' (n=45). Frequencies are close; verify these are not distinct values before accepting the auto-fix.
2026-03-08 10:57:41,861 | WARNING | auto_fix_typos 'Date': AMBIGUOUS MERGE — '03-09-2010' (n=45) vs '10-09-2010' (n=45). Frequencies are close; verify these are not distinct values before accepting the auto-fix.
2026-03-08 10:57:41,862 | WARNING | auto_fix_typos 'Date': AMBIGUOUS MERGE — '17-09-2010' (n=45) vs '10-09-2010' (n=45). Frequencies are close; verify these are not distinct values before accepting the auto-fix.
2026-03-08 10:57:41,863 | WARNING | auto_fix_typos 'Date': AMBIGUOUS MERGE — '01-10-2010' (n=45) vs '08-10-2010' (n=45). Frequencies are close; verify these are not distinct values before accepting the auto-fix.
2026-03-08 10:57:41,864 | WARNING | auto_fix_typos 'Date': AMBIGUOUS MERGE — '22-10-2010' (n=45) vs '29-10-2010' (n=45). Frequencies are close; verify these are not distinct values before accepting the auto-fix.
2026-03-08 10:57:41,865 | WARNING | auto_fix_typos 'Date': AMBIGUOUS MERGE — '12-11-2010' (n=45) vs '19-11-2010' (n=45). Frequencies are close; verify these are not distinct values before accepting the auto-fix.
2026-03-08 10:57:41,867 | WARNING | auto_fix_typos 'Date': AMBIGUOUS MERGE — '03-12-2010' (n=45) vs '10-12-2010' (n=45). Frequencies are close; verify these are not distinct values before accepting the auto-fix.
2026-03-08 10:57:41,868 | WARNING | auto_fix_typos 'Date': AMBIGUOUS MERGE — '17-12-2010' (n=45) vs '10-12-2010' (n=45). Frequencies are close; verify these are not distinct values before accepting the auto-fix.
2026-03-08 10:57:41,869 | WARNING | auto_fix_typos 'Date': AMBIGUOUS MERGE — '07-01-2011' (n=45) vs '07-10-2011' (n=45). Frequencies are close; verify these are not distinct values before accepting the auto-fix.
2026-03-08 10:57:41,870 | WARNING | auto_fix_typos 'Date': AMBIGUOUS MERGE — '14-01-2011' (n=45) vs '21-01-2011' (n=45). Frequencies are close; verify these are not distinct values before accepting the auto-fix.
2026-03-08 10:57:41,874 | WARNING | auto_fix_typos 'Date': AMBIGUOUS MERGE — '28-01-2011' (n=45) vs '21-01-2011' (n=45). Frequencies are close; verify these are not distinct values before accepting the auto-fix.
2026-03-08 10:57:41,875 | WARNING | auto_fix_typos 'Date': AMBIGUOUS MERGE — '04-02-2011' (n=45) vs '04-03-2011' (n=45). Frequencies are close; verify these are not distinct values before accepting the auto-fix.
2026-03-08 10:57:41,876 | WARNING | auto_fix_typos 'Date': AMBIGUOUS MERGE — '11-02-2011' (n=45) vs '18-02-2011' (n=45). Frequencies are close; verify these are not distinct values before accepting the auto-fix.
2026-03-08 10:57:41,877 | WARNING | auto_fix_typos 'Date': AMBIGUOUS MERGE — '25-02-2011' (n=45) vs '25-03-2011' (n=45). Frequencies are close; verify these are not distinct values before accepting the auto-fix.
2026-03-08 10:57:41,878 | WARNING | auto_fix_typos 'Date': AMBIGUOUS MERGE — '18-03-2011' (n=45) vs '18-02-2011' (n=45). Frequencies are close; verify these are not distinct values before accepting the auto-fix.
2026-03-08 10:57:41,879 | WARNING | auto_fix_typos 'Date': AMBIGUOUS MERGE — '01-04-2011' (n=45) vs '08-04-2011' (n=45). Frequencies are close; verify these are not distinct values before accepting the auto-fix.
2026-03-08 10:57:41,880 | WARNING | auto_fix_typos 'Date': AMBIGUOUS MERGE — '22-04-2011' (n=45) vs '29-04-2011' (n=45). Frequencies are close; verify these are not distinct values before accepting the auto-fix.
2026-03-08 10:57:41,881 | WARNING | auto_fix_typos 'Date': AMBIGUOUS MERGE — '06-05-2011' (n=45) vs '20-05-2011' (n=45). Frequencies are close; verify these are not distinct values before accepting the auto-fix.
2026-03-08 10:57:41,882 | WARNING | auto_fix_typos 'Date': AMBIGUOUS MERGE — '27-05-2011' (n=45) vs '20-05-2011' (n=45). Frequencies are close; verify these are not distinct values before accepting the auto-fix.
2026-03-08 10:57:41,883 | WARNING | auto_fix_typos 'Date': AMBIGUOUS MERGE — '03-06-2011' (n=45) vs '10-06-2011' (n=45). Frequencies are close; verify these are not distinct values before accepting the auto-fix.
2026-03-08 10:57:41,884 | WARNING | auto_fix_typos 'Date': AMBIGUOUS MERGE — '17-06-2011' (n=45) vs '10-06-2011' (n=45). Frequencies are close; verify these are not distinct values before accepting the auto-fix.
2026-03-08 10:57:41,886 | WARNING | auto_fix_typos 'Date': AMBIGUOUS MERGE — '08-07-2011' (n=45) vs '08-04-2011' (n=45). Frequencies are close; verify these are not distinct values before accepting the auto-fix.
2026-03-08 10:57:41,890 | WARNING | auto_fix_typos 'Date': AMBIGUOUS MERGE — '15-07-2011' (n=45) vs '15-04-2011' (n=45). Frequencies are close; verify these are not distinct values before accepting the auto-fix.
2026-03-08 10:57:41,891 | WARNING | auto_fix_typos 'Date': AMBIGUOUS MERGE — '29-07-2011' (n=45) vs '29-04-2011' (n=45). Frequencies are close; verify these are not distinct values before accepting the auto-fix.
2026-03-08 10:57:41,893 | WARNING | auto_fix_typos 'Date': AMBIGUOUS MERGE — '12-08-2011' (n=45) vs '19-08-2011' (n=45). Frequencies are close; verify these are not distinct values before accepting the auto-fix.
2026-03-08 10:57:41,894 | WARNING | auto_fix_typos 'Date': AMBIGUOUS MERGE — '02-09-2011' (n=45) vs '09-09-2011' (n=45). Frequencies are close; verify these are not distinct values before accepting the auto-fix.
2026-03-08 10:57:41,895 | WARNING | auto_fix_typos 'Date': AMBIGUOUS MERGE — '21-10-2011' (n=45) vs '21-01-2011' (n=45). Frequencies are close; verify these are not distinct values before accepting the auto-fix.
2026-03-08 10:57:41,896 | WARNING | auto_fix_typos 'Date': AMBIGUOUS MERGE — '11-11-2011' (n=45) vs '18-11-2011' (n=45). Frequencies are close; verify these are not distinct values before accepting the auto-fix.
2026-03-08 10:57:41,898 | WARNING | auto_fix_typos 'Date': AMBIGUOUS MERGE — '02-12-2011' (n=45) vs '09-12-2011' (n=45). Frequencies are close; verify these are not distinct values before accepting the auto-fix.
2026-03-08 10:57:41,899 | WARNING | auto_fix_typos 'Date': AMBIGUOUS MERGE — '06-01-2012' (n=45) vs '20-01-2012' (n=45). Frequencies are close; verify these are not distinct values before accepting the auto-fix.
2026-03-08 10:57:41,900 | WARNING | auto_fix_typos 'Date': AMBIGUOUS MERGE — '13-01-2012' (n=45) vs '13-04-2012' (n=45). Frequencies are close; verify these are not distinct values before accepting the auto-fix.
2026-03-08 10:57:41,901 | WARNING | auto_fix_typos 'Date': AMBIGUOUS MERGE — '27-01-2012' (n=45) vs '20-01-2012' (n=45). Frequencies are close; verify these are not distinct values before accepting the auto-fix.
2026-03-08 10:57:41,904 | WARNING | auto_fix_typos 'Date': AMBIGUOUS MERGE — '03-02-2012' (n=45) vs '10-02-2012' (n=45). Frequencies are close; verify these are not distinct values before accepting the auto-fix.
2026-03-08 10:57:41,905 | WARNING | auto_fix_typos 'Date': AMBIGUOUS MERGE — '17-02-2012' (n=45) vs '10-02-2012' (n=45). Frequencies are close; verify these are not distinct values before accepting the auto-fix.
2026-03-08 10:57:41,906 | WARNING | auto_fix_typos 'Date': AMBIGUOUS MERGE — '24-02-2012' (n=45) vs '24-08-2012' (n=45). Frequencies are close; verify these are not distinct values before accepting the auto-fix.
2026-03-08 10:57:41,907 | WARNING | auto_fix_typos 'Date': AMBIGUOUS MERGE — '02-03-2012' (n=45) vs '09-03-2012' (n=45). Frequencies are close; verify these are not distinct values before accepting the auto-fix.
2026-03-08 10:57:41,909 | WARNING | auto_fix_typos 'Date': AMBIGUOUS MERGE — '20-04-2012' (n=45) vs '20-01-2012' (n=45). Frequencies are close; verify these are not distinct values before accepting the auto-fix.
2026-03-08 10:57:41,910 | WARNING | auto_fix_typos 'Date': AMBIGUOUS MERGE — '11-05-2012' (n=45) vs '18-05-2012' (n=45). Frequencies are close; verify these are not distinct values before accepting the auto-fix.
2026-03-08 10:57:41,911 | WARNING | auto_fix_typos 'Date': AMBIGUOUS MERGE — '01-06-2012' (n=45) vs '08-06-2012' (n=45). Frequencies are close; verify these are not distinct values before accepting the auto-fix.
2026-03-08 10:57:41,912 | WARNING | auto_fix_typos 'Date': AMBIGUOUS MERGE — '22-06-2012' (n=45) vs '29-06-2012' (n=45). Frequencies are close; verify these are not distinct values before accepting the auto-fix.
2026-03-08 10:57:41,913 | WARNING | auto_fix_typos 'Date': AMBIGUOUS MERGE — '10-08-2012' (n=45) vs '10-02-2012' (n=45). Frequencies are close; verify these are not distinct values before accepting the auto-fix.
2026-03-08 10:57:41,914 | WARNING | auto_fix_typos 'Date': AMBIGUOUS MERGE — '14-09-2012' (n=45) vs '21-09-2012' (n=45). Frequencies are close; verify these are not distinct values before accepting the auto-fix.
2026-03-08 10:57:41,915 | WARNING | auto_fix_typos 'Date': AMBIGUOUS MERGE — '28-09-2012' (n=45) vs '21-09-2012' (n=45). Frequencies are close; verify these are not distinct values before accepting the auto-fix.
2026-03-08 10:57:41,917 | WARNING | auto_fix_typos 'Date': AMBIGUOUS MERGE — '12-10-2012' (n=45) vs '19-10-2012' (n=45). Frequencies are close; verify these are not distinct values before accepting the auto-fix.
2026-03-08 10:57:41,947 | INFO | auto_fix_typos 'Date': {'05-03-2010': '05-02-2010', '19-02-2010': '19-03-2010', '26-02-2010': '26-03-2010', '12-03-2010': '26-03-2010', '09-04-2010': '09-07-2010', '23-04-2010': '23-07-2010', '30-04-2010': '02-04-2010', '02-07-2010': '23-07-2010', '16-07-2010': '16-04-2010', '21-05-2010': '28-05-2010', '18-06-2010': '11-06-2010', '30-07-2010': '23-07-2010', '20-08-2010': '27-08-2010', '10-09-2010': '17-09-2010', '08-10-2010': '01-10-2010', '15-10-2010': '01-10-2010', '29-10-2010': '22-10-2010', '19-11-2010': '12-11-2010', '26-11-2010': '12-11-2010', '10-12-2010': '17-12-2010', '31-12-2010': '17-12-2010', '07-10-2011': '07-01-2011', '21-01-2011': '21-10-2011', '14-10-2011': '21-10-2011', '28-10-2011': '21-10-2011', '04-03-2011': '04-02-2011', '18-02-2011': '18-03-2011', '11-03-2011': '18-03-2011', '25-03-2011': '25-02-2011', '08-04-2011': '08-07-2011', '15-04-2011': '15-07-2011', '01-07-2011': '15-07-2011', '29-04-2011': '29-07-2011', '22-07-2011': '29-07-2011', '20-05-2011': '27-05-2011', '10-06-2011': '17-06-2011', '19-08-2011': '12-08-2011', '26-08-2011': '12-08-2011', '09-09-2011': '02-09-2011', '23-09-2011': '02-09-2011', '30-09-2011': '02-09-2011', '18-11-2011': '11-11-2011', '09-12-2011': '02-12-2011', '23-12-2011': '02-12-2011', '30-12-2011': '02-12-2011', '20-01-2012': '20-04-2012', '06-04-2012': '20-04-2012', '06-07-2012': '06-01-2012', '13-04-2012': '13-01-2012', '13-07-2012': '13-01-2012', '27-04-2012': '20-04-2012', '27-07-2012': '27-01-2012', '10-02-2012': '10-08-2012', '03-08-2012': '10-08-2012', '17-08-2012': '10-08-2012', '24-08-2012': '24-02-2012', '09-03-2012': '02-03-2012', '23-03-2012': '02-03-2012', '30-03-2012': '02-03-2012', '20-07-2012': '20-04-2012', '18-05-2012': '11-05-2012', '08-06-2012': '01-06-2012', '15-06-2012': '01-06-2012', '29-06-2012': '22-06-2012', '31-08-2012': '10-08-2012', '21-09-2012': '28-09-2012', '19-10-2012': '12-10-2012', '26-10-2012': '12-10-2012'}
2026-03-08 11:01:04,541 | INFO | smart_impute applied (skew_threshold=1.0).
2026-03-08 11:01:04,544 | INFO | clean_column_names \u2192 renamed 8 cols: {'Transaction ID': 'transaction_id', 'Item': 'item', 'Quantity': 'quantity', 'Price Per Unit': 'price_per_unit', 'Total Spent': 'total_spent', 'Payment Method': 'payment_method', 'Location': 'location', 'Transaction Date': 'transaction_date'}
2026-03-08 11:01:04,944 | INFO | standardize_strings applied.
2026-03-08 11:01:04,951 | INFO | fix_date_formats: ['transaction_date']
2026-03-08 11:01:05,046 | INFO | fix_numeric_strings: []
2026-03-08 11:01:05,132 | INFO | flag_test_data \u2192 0 rows flagged.
2026-03-08 11:01:05,203 | WARNING | auto_fix_typos 'transaction_id': AMBIGUOUS MERGE — 'Txn_4271903' (n=1) vs 'Txn_4271034' (n=1). Frequencies are close; verify these are not distinct values before accepting the auto-fix.
2026-03-08 11:01:05,259 | WARNING | auto_fix_typos 'transaction_id': AMBIGUOUS MERGE — 'Txn_2602893' (n=1) vs 'Txn_2028930' (n=1). Frequencies are close; verify these are not distinct values before accepting the auto-fix.
2026-03-08 11:01:05,281 | WARNING | auto_fix_typos 'transaction_id': AMBIGUOUS MERGE — 'Txn_4433211' (n=1) vs 'Txn_4439321' (n=1). Frequencies are close; verify these are not distinct values before accepting the auto-fix.
2026-03-08 11:01:05,302 | WARNING | auto_fix_typos 'transaction_id': AMBIGUOUS MERGE — 'Txn_6699534' (n=1) vs 'Txn_6699343' (n=1). Frequencies are close; verify these are not distinct values before accepting the auto-fix.
2026-03-08 11:01:05,341 | WARNING | auto_fix_typos 'transaction_id': AMBIGUOUS MERGE — 'Txn_2064365' (n=1) vs 'Txn_2064360' (n=1). Frequencies are close; verify these are not distinct values before accepting the auto-fix.
2026-03-08 11:01:05,378 | WARNING | auto_fix_typos 'transaction_id': AMBIGUOUS MERGE — 'Txn_3051279' (n=1) vs 'Txn_9301279' (n=1). Frequencies are close; verify these are not distinct values before accepting the auto-fix.
2026-03-08 11:01:05,528 | WARNING | auto_fix_typos 'transaction_id': AMBIGUOUS MERGE — 'Txn_3709394' (n=1) vs 'Txn_3670939' (n=1). Frequencies are close; verify these are not distinct values before accepting the auto-fix.
2026-03-08 11:01:05,550 | WARNING | auto_fix_typos 'transaction_id': AMBIGUOUS MERGE — 'Txn_3522028' (n=1) vs 'Txn_3352028' (n=1). Frequencies are close; verify these are not distinct values before accepting the auto-fix.
2026-03-08 11:01:05,640 | WARNING | auto_fix_typos 'transaction_id': AMBIGUOUS MERGE — 'Txn_9400181' (n=1) vs 'Txn_4030181' (n=1). Frequencies are close; verify these are not distinct values before accepting the auto-fix.
2026-03-08 11:01:05,739 | WARNING | auto_fix_typos 'transaction_id': AMBIGUOUS MERGE — 'Txn_8467949' (n=1) vs 'Txn_4679409' (n=1). Frequencies are close; verify these are not distinct values before accepting the auto-fix.
2026-03-08 11:01:05,763 | WARNING | auto_fix_typos 'transaction_id': AMBIGUOUS MERGE — 'Txn_7640952' (n=1) vs 'Txn_4740952' (n=1). Frequencies are close; verify these are not distinct values before accepting the auto-fix.
2026-03-08 11:01:05,788 | WARNING | auto_fix_typos 'transaction_id': AMBIGUOUS MERGE — 'Txn_1736287' (n=1) vs 'Txn_5173628' (n=1). Frequencies are close; verify these are not distinct values before accepting the auto-fix.
2026-03-08 11:01:05,828 | WARNING | auto_fix_typos 'transaction_id': AMBIGUOUS MERGE — 'Txn_9677376' (n=1) vs 'Txn_6747376' (n=1). Frequencies are close; verify these are not distinct values before accepting the auto-fix.
2026-03-08 11:01:05,848 | WARNING | auto_fix_typos 'transaction_id': AMBIGUOUS MERGE — 'Txn_7710508' (n=1) vs 'Txn_7710078' (n=1). Frequencies are close; verify these are not distinct values before accepting the auto-fix.
2026-03-08 11:01:05,907 | WARNING | auto_fix_typos 'transaction_id': AMBIGUOUS MERGE — 'Txn_6855453' (n=1) vs 'Txn_4685453' (n=1). Frequencies are close; verify these are not distinct values before accepting the auto-fix.
2026-03-08 11:01:05,927 | WARNING | auto_fix_typos 'transaction_id': AMBIGUOUS MERGE — 'Txn_1080432' (n=1) vs 'Txn_1804132' (n=1). Frequencies are close; verify these are not distinct values before accepting the auto-fix.
2026-03-08 11:01:05,985 | WARNING | auto_fix_typos 'transaction_id': AMBIGUOUS MERGE — 'Txn_2083138' (n=1) vs 'Txn_2083132' (n=1). Frequencies are close; verify these are not distinct values before accepting the auto-fix.
2026-03-08 11:01:06,005 | WARNING | auto_fix_typos 'transaction_id': AMBIGUOUS MERGE — 'Txn_2427584' (n=1) vs 'Txn_2427834' (n=1). Frequencies are close; verify these are not distinct values before accepting the auto-fix.
2026-03-08 11:01:06,086 | WARNING | auto_fix_typos 'transaction_id': AMBIGUOUS MERGE — 'Txn_5455792' (n=1) vs 'Txn_5455079' (n=1). Frequencies are close; verify these are not distinct values before accepting the auto-fix.
2026-03-08 11:01:06,144 | WARNING | auto_fix_typos 'transaction_id': AMBIGUOUS MERGE — 'Txn_8201146' (n=1) vs 'Txn_8211146' (n=1). Frequencies are close; verify these are not distinct values before accepting the auto-fix.
2026-03-08 11:01:06,164 | WARNING | auto_fix_typos 'transaction_id': AMBIGUOUS MERGE — 'Txn_8230936' (n=1) vs 'Txn_8305936' (n=1). Frequencies are close; verify these are not distinct values before accepting the auto-fix.
2026-03-08 11:01:06,188 | WARNING | auto_fix_typos 'transaction_id': AMBIGUOUS MERGE — 'Txn_7742742' (n=1) vs 'Txn_8742742' (n=1). Frequencies are close; verify these are not distinct values before accepting the auto-fix.
2026-03-08 11:01:06,246 | WARNING | auto_fix_typos 'transaction_id': AMBIGUOUS MERGE — 'Txn_8914892' (n=1) vs 'Txn_8918902' (n=1). Frequencies are close; verify these are not distinct values before accepting the auto-fix.
2026-03-08 11:01:06,280 | WARNING | auto_fix_typos 'transaction_id': AMBIGUOUS MERGE — 'Txn_3363746' (n=1) vs 'Txn_3263746' (n=1). Frequencies are close; verify these are not distinct values before accepting the auto-fix.
2026-03-08 11:01:06,312 | WARNING | auto_fix_typos 'transaction_id': AMBIGUOUS MERGE — 'Txn_8614868' (n=1) vs 'Txn_8631468' (n=1). Frequencies are close; verify these are not distinct values before accepting the auto-fix.
2026-03-08 11:01:06,476 | WARNING | auto_fix_typos 'transaction_id': AMBIGUOUS MERGE — 'Txn_8051289' (n=1) vs 'Txn_8751289' (n=1). Frequencies are close; verify these are not distinct values before accepting the auto-fix.
2026-03-08 11:01:06,610 | WARNING | auto_fix_typos 'transaction_id': AMBIGUOUS MERGE — 'Txn_8427104' (n=1) vs 'Txn_4271034' (n=1). Frequencies are close; verify these are not distinct values before accepting the auto-fix.
2026-03-08 11:01:06,630 | WARNING | auto_fix_typos 'transaction_id': AMBIGUOUS MERGE — 'Txn_8471743' (n=1) vs 'Txn_4071743' (n=1). Frequencies are close; verify these are not distinct values before accepting the auto-fix.
2026-03-08 11:01:06,670 | WARNING | auto_fix_typos 'transaction_id': AMBIGUOUS MERGE — 'Txn_4726376' (n=1) vs 'Txn_4376376' (n=1). Frequencies are close; verify these are not distinct values before accepting the auto-fix.
2026-03-08 11:01:06,782 | WARNING | auto_fix_typos 'transaction_id': AMBIGUOUS MERGE — 'Txn_2091733' (n=1) vs 'Txn_2991733' (n=1). Frequencies are close; verify these are not distinct values before accepting the auto-fix.
2026-03-08 11:01:06,802 | WARNING | auto_fix_typos 'transaction_id': AMBIGUOUS MERGE — 'Txn_8735480' (n=1) vs 'Txn_7354480' (n=1). Frequencies are close; verify these are not distinct values before accepting the auto-fix.
2026-03-08 11:01:06,822 | WARNING | auto_fix_typos 'transaction_id': AMBIGUOUS MERGE — 'Txn_3829165' (n=1) vs 'Txn_3894165' (n=1). Frequencies are close; verify these are not distinct values before accepting the auto-fix.
2026-03-08 11:01:06,859 | WARNING | auto_fix_typos 'transaction_id': AMBIGUOUS MERGE — 'Txn_1993289' (n=1) vs 'Txn_1932897' (n=1). Frequencies are close; verify these are not distinct values before accepting the auto-fix.
2026-03-08 11:01:06,908 | WARNING | auto_fix_typos 'transaction_id': AMBIGUOUS MERGE — 'Txn_5266394' (n=1) vs 'Txn_9266394' (n=1). Frequencies are close; verify these are not distinct values before accepting the auto-fix.
2026-03-08 11:01:06,947 | WARNING | auto_fix_typos 'transaction_id': AMBIGUOUS MERGE — 'Txn_8035512' (n=1) vs 'Txn_6035512' (n=1). Frequencies are close; verify these are not distinct values before accepting the auto-fix.
2026-03-08 11:01:06,976 | WARNING | auto_fix_typos 'transaction_id': AMBIGUOUS MERGE — 'Txn_8718498' (n=1) vs 'Txn_9818498' (n=1). Frequencies are close; verify these are not distinct values before accepting the auto-fix.
2026-03-08 11:01:07,016 | WARNING | auto_fix_typos 'transaction_id': AMBIGUOUS MERGE — 'Txn_9487821' (n=1) vs 'Txn_9487214' (n=1). Frequencies are close; verify these are not distinct values before accepting the auto-fix.
2026-03-08 11:01:07,116 | WARNING | auto_fix_typos 'transaction_id': AMBIGUOUS MERGE — 'Txn_3011323' (n=1) vs 'Txn_3113823' (n=1). Frequencies are close; verify these are not distinct values before accepting the auto-fix.
2026-03-08 11:01:07,138 | WARNING | auto_fix_typos 'transaction_id': AMBIGUOUS MERGE — 'Txn_6289610' (n=1) vs 'Txn_6289180' (n=1). Frequencies are close; verify these are not distinct values before accepting the auto-fix.
2026-03-08 11:01:07,169 | WARNING | auto_fix_typos 'transaction_id': AMBIGUOUS MERGE — 'Txn_8268061' (n=1) vs 'Txn_8260461' (n=1). Frequencies are close; verify these are not distinct values before accepting the auto-fix.
2026-03-08 11:01:07,207 | WARNING | auto_fix_typos 'transaction_id': AMBIGUOUS MERGE — 'Txn_3085509' (n=1) vs 'Txn_3051509' (n=1). Frequencies are close; verify these are not distinct values before accepting the auto-fix.
2026-03-08 11:01:07,357 | WARNING | auto_fix_typos 'transaction_id': AMBIGUOUS MERGE — 'Txn_6955416' (n=1) vs 'Txn_2695546' (n=1). Frequencies are close; verify these are not distinct values before accepting the auto-fix.
2026-03-08 11:01:07,416 | WARNING | auto_fix_typos 'transaction_id': AMBIGUOUS MERGE — 'Txn_4358673' (n=1) vs 'Txn_4386732' (n=1). Frequencies are close; verify these are not distinct values before accepting the auto-fix.
2026-03-08 11:01:07,436 | WARNING | auto_fix_typos 'transaction_id': AMBIGUOUS MERGE — 'Txn_4174591' (n=1) vs 'Txn_4175191' (n=1). Frequencies are close; verify these are not distinct values before accepting the auto-fix.
2026-03-08 11:01:07,455 | WARNING | auto_fix_typos 'transaction_id': AMBIGUOUS MERGE — 'Txn_3398520' (n=1) vs 'Txn_3985920' (n=1). Frequencies are close; verify these are not distinct values before accepting the auto-fix.
2026-03-08 11:01:07,497 | WARNING | auto_fix_typos 'transaction_id': AMBIGUOUS MERGE — 'Txn_2530938' (n=1) vs 'Txn_2539318' (n=1). Frequencies are close; verify these are not distinct values before accepting the auto-fix.
2026-03-08 11:01:07,625 | WARNING | auto_fix_typos 'transaction_id': AMBIGUOUS MERGE — 'Txn_4368416' (n=1) vs 'Txn_5436816' (n=1). Frequencies are close; verify these are not distinct values before accepting the auto-fix.
2026-03-08 11:01:07,729 | WARNING | auto_fix_typos 'transaction_id': AMBIGUOUS MERGE — 'Txn_7945375' (n=1) vs 'Txn_7953750' (n=1). Frequencies are close; verify these are not distinct values before accepting the auto-fix.
2026-03-08 11:01:07,802 | WARNING | auto_fix_typos 'transaction_id': AMBIGUOUS MERGE — 'Txn_3407169' (n=1) vs 'Txn_3478169' (n=1). Frequencies are close; verify these are not distinct values before accepting the auto-fix.
2026-03-08 11:01:07,821 | WARNING | auto_fix_typos 'transaction_id': AMBIGUOUS MERGE — 'Txn_2277042' (n=1) vs 'Txn_2274702' (n=1). Frequencies are close; verify these are not distinct values before accepting the auto-fix.
2026-03-08 11:01:07,840 | WARNING | auto_fix_typos 'transaction_id': AMBIGUOUS MERGE — 'Txn_9273729' (n=1) vs 'Txn_9237291' (n=1). Frequencies are close; verify these are not distinct values before accepting the auto-fix.
2026-03-08 11:01:07,880 | WARNING | auto_fix_typos 'transaction_id': AMBIGUOUS MERGE — 'Txn_1150033' (n=1) vs 'Txn_1185003' (n=1). Frequencies are close; verify these are not distinct values before accepting the auto-fix.
2026-03-08 11:01:07,900 | WARNING | auto_fix_typos 'transaction_id': AMBIGUOUS MERGE — 'Txn_1443912' (n=1) vs 'Txn_4439120' (n=1). Frequencies are close; verify these are not distinct values before accepting the auto-fix.
2026-03-08 11:01:07,921 | WARNING | auto_fix_typos 'transaction_id': AMBIGUOUS MERGE — 'Txn_8700451' (n=1) vs 'Txn_8004510' (n=1). Frequencies are close; verify these are not distinct values before accepting the auto-fix.
2026-03-08 11:01:08,016 | WARNING | auto_fix_typos 'transaction_id': AMBIGUOUS MERGE — 'Txn_2484241' (n=1) vs 'Txn_2842641' (n=1). Frequencies are close; verify these are not distinct values before accepting the auto-fix.
2026-03-08 11:01:08,075 | WARNING | auto_fix_typos 'transaction_id': AMBIGUOUS MERGE — 'Txn_8495063' (n=1) vs 'Txn_4953063' (n=1). Frequencies are close; verify these are not distinct values before accepting the auto-fix.
2026-03-08 11:01:08,096 | WARNING | auto_fix_typos 'transaction_id': AMBIGUOUS MERGE — 'Txn_4811133' (n=1) vs 'Txn_8211133' (n=1). Frequencies are close; verify these are not distinct values before accepting the auto-fix.
2026-03-08 11:01:08,173 | WARNING | auto_fix_typos 'transaction_id': AMBIGUOUS MERGE — 'Txn_3424331' (n=1) vs 'Txn_3432433' (n=1). Frequencies are close; verify these are not distinct values before accepting the auto-fix.
2026-03-08 11:01:08,211 | WARNING | auto_fix_typos 'transaction_id': AMBIGUOUS MERGE — 'Txn_8687151' (n=1) vs 'Txn_6587151' (n=1). Frequencies are close; verify these are not distinct values before accepting the auto-fix.
2026-03-08 11:01:08,234 | WARNING | auto_fix_typos 'transaction_id': AMBIGUOUS MERGE — 'Txn_4031509' (n=1) vs 'Txn_4011509' (n=1). Frequencies are close; verify these are not distinct values before accepting the auto-fix.
2026-03-08 11:01:08,253 | WARNING | auto_fix_typos 'transaction_id': AMBIGUOUS MERGE — 'Txn_5265095' (n=1) vs 'Txn_5965095' (n=1). Frequencies are close; verify these are not distinct values before accepting the auto-fix.
2026-03-08 11:01:08,278 | WARNING | auto_fix_typos 'transaction_id': AMBIGUOUS MERGE — 'Txn_6541415' (n=1) vs 'Txn_6540415' (n=1). Frequencies are close; verify these are not distinct values before accepting the auto-fix.
2026-03-08 11:01:08,337 | WARNING | auto_fix_typos 'transaction_id': AMBIGUOUS MERGE — 'Txn_1928241' (n=1) vs 'Txn_1928401' (n=1). Frequencies are close; verify these are not distinct values before accepting the auto-fix.
2026-03-08 11:01:08,448 | WARNING | auto_fix_typos 'transaction_id': AMBIGUOUS MERGE — 'Txn_9238666' (n=1) vs 'Txn_9238066' (n=1). Frequencies are close; verify these are not distinct values before accepting the auto-fix.
2026-03-08 11:01:08,468 | WARNING | auto_fix_typos 'transaction_id': AMBIGUOUS MERGE — 'Txn_1631695' (n=1) vs 'Txn_6316959' (n=1). Frequencies are close; verify these are not distinct values before accepting the auto-fix.
2026-03-08 11:01:08,548 | WARNING | auto_fix_typos 'transaction_id': AMBIGUOUS MERGE — 'Txn_4062737' (n=1) vs 'Txn_4026277' (n=1). Frequencies are close; verify these are not distinct values before accepting the auto-fix.
2026-03-08 11:01:08,568 | WARNING | auto_fix_typos 'transaction_id': AMBIGUOUS MERGE — 'Txn_3494565' (n=1) vs 'Txn_3494652' (n=1). Frequencies are close; verify these are not distinct values before accepting the auto-fix.
2026-03-08 11:01:08,686 | WARNING | auto_fix_typos 'transaction_id': AMBIGUOUS MERGE — 'Txn_8005489' (n=1) vs 'Txn_8005089' (n=1). Frequencies are close; verify these are not distinct values before accepting the auto-fix.
2026-03-08 11:01:08,724 | WARNING | auto_fix_typos 'transaction_id': AMBIGUOUS MERGE — 'Txn_3925836' (n=1) vs 'Txn_3912836' (n=1). Frequencies are close; verify these are not distinct values before accepting the auto-fix.
2026-03-08 11:01:08,893 | WARNING | auto_fix_typos 'transaction_id': AMBIGUOUS MERGE — 'Txn_5365809' (n=1) vs 'Txn_5376589' (n=1). Frequencies are close; verify these are not distinct values before accepting the auto-fix.
2026-03-08 11:01:08,931 | WARNING | auto_fix_typos 'transaction_id': AMBIGUOUS MERGE — 'Txn_6629480' (n=1) vs 'Txn_6622980' (n=1). Frequencies are close; verify these are not distinct values before accepting the auto-fix.
2026-03-08 11:01:08,951 | WARNING | auto_fix_typos 'transaction_id': AMBIGUOUS MERGE — 'Txn_3833797' (n=1) vs 'Txn_3833729' (n=1). Frequencies are close; verify these are not distinct values before accepting the auto-fix.
2026-03-08 11:01:09,030 | WARNING | auto_fix_typos 'transaction_id': AMBIGUOUS MERGE — 'Txn_7412722' (n=1) vs 'Txn_7412782' (n=1). Frequencies are close; verify these are not distinct values before accepting the auto-fix.
2026-03-08 11:01:09,049 | WARNING | auto_fix_typos 'transaction_id': AMBIGUOUS MERGE — 'Txn_3937509' (n=1) vs 'Txn_9737509' (n=1). Frequencies are close; verify these are not distinct values before accepting the auto-fix.
2026-03-08 11:01:09,070 | WARNING | auto_fix_typos 'transaction_id': AMBIGUOUS MERGE — 'Txn_6000201' (n=1) vs 'Txn_6300001' (n=1). Frequencies are close; verify these are not distinct values before accepting the auto-fix.
2026-03-08 11:01:09,128 | WARNING | auto_fix_typos 'transaction_id': AMBIGUOUS MERGE — 'Txn_5115080' (n=1) vs 'Txn_5115009' (n=1). Frequencies are close; verify these are not distinct values before accepting the auto-fix.
2026-03-08 11:01:09,248 | WARNING | auto_fix_typos 'transaction_id': AMBIGUOUS MERGE — 'Txn_8964522' (n=1) vs 'Txn_8964527' (n=1). Frequencies are close; verify these are not distinct values before accepting the auto-fix.
2026-03-08 11:01:09,290 | WARNING | auto_fix_typos 'transaction_id': AMBIGUOUS MERGE — 'Txn_3779366' (n=1) vs 'Txn_3277936' (n=1). Frequencies are close; verify these are not distinct values before accepting the auto-fix.
2026-03-08 11:01:09,345 | WARNING | auto_fix_typos 'transaction_id': AMBIGUOUS MERGE — 'Txn_3171373' (n=1) vs 'Txn_3171673' (n=1). Frequencies are close; verify these are not distinct values before accepting the auto-fix.
2026-03-08 11:01:09,401 | WARNING | auto_fix_typos 'transaction_id': AMBIGUOUS MERGE — 'Txn_6717827' (n=1) vs 'Txn_6671827' (n=1). Frequencies are close; verify these are not distinct values before accepting the auto-fix.
2026-03-08 11:01:09,440 | WARNING | auto_fix_typos 'transaction_id': AMBIGUOUS MERGE — 'Txn_8587583' (n=1) vs 'Txn_8588758' (n=1). Frequencies are close; verify these are not distinct values before accepting the auto-fix.
2026-03-08 11:01:09,459 | WARNING | auto_fix_typos 'transaction_id': AMBIGUOUS MERGE — 'Txn_8693704' (n=1) vs 'Txn_8693747' (n=1). Frequencies are close; verify these are not distinct values before accepting the auto-fix.
2026-03-08 11:01:09,653 | WARNING | auto_fix_typos 'transaction_id': AMBIGUOUS MERGE — 'Txn_5761073' (n=1) vs 'Txn_5761207' (n=1). Frequencies are close; verify these are not distinct values before accepting the auto-fix.
2026-03-08 11:01:09,751 | WARNING | auto_fix_typos 'transaction_id': AMBIGUOUS MERGE — 'Txn_8377564' (n=1) vs 'Txn_1837764' (n=1). Frequencies are close; verify these are not distinct values before accepting the auto-fix.
2026-03-08 11:01:09,790 | WARNING | auto_fix_typos 'transaction_id': AMBIGUOUS MERGE — 'Txn_2230167' (n=1) vs 'Txn_2423167' (n=1). Frequencies are close; verify these are not distinct values before accepting the auto-fix.
2026-03-08 11:01:09,809 | WARNING | auto_fix_typos 'transaction_id': AMBIGUOUS MERGE — 'Txn_6446616' (n=1) vs 'Txn_4496616' (n=1). Frequencies are close; verify these are not distinct values before accepting the auto-fix.
2026-03-08 11:01:09,828 | WARNING | auto_fix_typos 'transaction_id': AMBIGUOUS MERGE — 'Txn_1721827' (n=1) vs 'Txn_8172182' (n=1). Frequencies are close; verify these are not distinct values before accepting the auto-fix.
2026-03-08 11:01:09,893 | WARNING | auto_fix_typos 'transaction_id': AMBIGUOUS MERGE — 'Txn_8562645' (n=1) vs 'Txn_8562684' (n=1). Frequencies are close; verify these are not distinct values before accepting the auto-fix.
2026-03-08 11:01:09,913 | WARNING | auto_fix_typos 'transaction_id': AMBIGUOUS MERGE — 'Txn_4700144' (n=1) vs 'Txn_7060144' (n=1). Frequencies are close; verify these are not distinct values before accepting the auto-fix.
2026-03-08 11:01:09,992 | WARNING | auto_fix_typos 'transaction_id': AMBIGUOUS MERGE — 'Txn_3205009' (n=1) vs 'Txn_3205079' (n=1). Frequencies are close; verify these are not distinct values before accepting the auto-fix.
2026-03-08 11:01:10,012 | WARNING | auto_fix_typos 'transaction_id': AMBIGUOUS MERGE — 'Txn_3786188' (n=1) vs 'Txn_3786518' (n=1). Frequencies are close; verify these are not distinct values before accepting the auto-fix.
2026-03-08 11:01:10,030 | WARNING | auto_fix_typos 'transaction_id': AMBIGUOUS MERGE — 'Txn_4530804' (n=1) vs 'Txn_5308047' (n=1). Frequencies are close; verify these are not distinct values before accepting the auto-fix.
2026-03-08 11:01:10,071 | WARNING | auto_fix_typos 'transaction_id': AMBIGUOUS MERGE — 'Txn_7328294' (n=1) vs 'Txn_7528294' (n=1). Frequencies are close; verify these are not distinct values before accepting the auto-fix.
2026-03-08 11:01:10,129 | WARNING | auto_fix_typos 'transaction_id': AMBIGUOUS MERGE — 'Txn_6714420' (n=1) vs 'Txn_6571440' (n=1). Frequencies are close; verify these are not distinct values before accepting the auto-fix.
2026-03-08 11:01:10,166 | WARNING | auto_fix_typos 'transaction_id': AMBIGUOUS MERGE — 'Txn_7803615' (n=1) vs 'Txn_5780615' (n=1). Frequencies are close; verify these are not distinct values before accepting the auto-fix.
2026-03-08 11:01:10,185 | WARNING | auto_fix_typos 'transaction_id': AMBIGUOUS MERGE — 'Txn_7549542' (n=1) vs 'Txn_7595042' (n=1). Frequencies are close; verify these are not distinct values before accepting the auto-fix.
2026-03-08 11:01:10,206 | WARNING | auto_fix_typos 'transaction_id': AMBIGUOUS MERGE — 'Txn_3544789' (n=1) vs 'Txn_3544792' (n=1). Frequencies are close; verify these are not distinct values before accepting the auto-fix.
2026-03-08 11:01:10,245 | WARNING | auto_fix_typos 'transaction_id': AMBIGUOUS MERGE — 'Txn_8472308' (n=1) vs 'Txn_4723089' (n=1). Frequencies are close; verify these are not distinct values before accepting the auto-fix.
2026-03-08 11:01:10,284 | WARNING | auto_fix_typos 'transaction_id': AMBIGUOUS MERGE — 'Txn_2029497' (n=1) vs 'Txn_2269497' (n=1). Frequencies are close; verify these are not distinct values before accepting the auto-fix.
2026-03-08 11:01:10,378 | WARNING | auto_fix_typos 'transaction_id': AMBIGUOUS MERGE — 'Txn_2059647' (n=1) vs 'Txn_2096487' (n=1). Frequencies are close; verify these are not distinct values before accepting the auto-fix.
2026-03-08 11:01:10,517 | WARNING | auto_fix_typos 'transaction_id': AMBIGUOUS MERGE — 'Txn_8669422' (n=1) vs 'Txn_8966922' (n=1). Frequencies are close; verify these are not distinct values before accepting the auto-fix.
2026-03-08 11:01:10,576 | WARNING | auto_fix_typos 'transaction_id': AMBIGUOUS MERGE — 'Txn_1746320' (n=1) vs 'Txn_4746320' (n=1). Frequencies are close; verify these are not distinct values before accepting the auto-fix.
2026-03-08 11:01:10,671 | WARNING | auto_fix_typos 'transaction_id': AMBIGUOUS MERGE — 'Txn_2130245' (n=1) vs 'Txn_2130415' (n=1). Frequencies are close; verify these are not distinct values before accepting the auto-fix.
2026-03-08 11:01:10,749 | WARNING | auto_fix_typos 'transaction_id': AMBIGUOUS MERGE — 'Txn_9913877' (n=1) vs 'Txn_9938977' (n=1). Frequencies are close; verify these are not distinct values before accepting the auto-fix.
2026-03-08 11:01:10,768 | WARNING | auto_fix_typos 'transaction_id': AMBIGUOUS MERGE — 'Txn_2084377' (n=1) vs 'Txn_5208377' (n=1). Frequencies are close; verify these are not distinct values before accepting the auto-fix.
2026-03-08 11:01:10,789 | WARNING | auto_fix_typos 'transaction_id': AMBIGUOUS MERGE — 'Txn_1842675' (n=1) vs 'Txn_1842697' (n=1). Frequencies are close; verify these are not distinct values before accepting the auto-fix.
2026-03-08 11:01:10,925 | WARNING | auto_fix_typos 'transaction_id': AMBIGUOUS MERGE — 'Txn_7557340' (n=1) vs 'Txn_1757340' (n=1). Frequencies are close; verify these are not distinct values before accepting the auto-fix.
2026-03-08 11:01:10,944 | WARNING | auto_fix_typos 'transaction_id': AMBIGUOUS MERGE — 'Txn_1157817' (n=1) vs 'Txn_1158197' (n=1). Frequencies are close; verify these are not distinct values before accepting the auto-fix.
2026-03-08 11:01:10,983 | WARNING | auto_fix_typos 'transaction_id': AMBIGUOUS MERGE — 'Txn_8692094' (n=1) vs 'Txn_8696094' (n=1). Frequencies are close; verify these are not distinct values before accepting the auto-fix.
2026-03-08 11:01:11,022 | WARNING | auto_fix_typos 'transaction_id': AMBIGUOUS MERGE — 'Txn_9703120' (n=1) vs 'Txn_9723120' (n=1). Frequencies are close; verify these are not distinct values before accepting the auto-fix.
2026-03-08 11:01:11,060 | WARNING | auto_fix_typos 'transaction_id': AMBIGUOUS MERGE — 'Txn_2031459' (n=1) vs 'Txn_2031545' (n=1). Frequencies are close; verify these are not distinct values before accepting the auto-fix.
2026-03-08 11:01:11,101 | WARNING | auto_fix_typos 'transaction_id': AMBIGUOUS MERGE — 'Txn_2256622' (n=1) vs 'Txn_2253622' (n=1). Frequencies are close; verify these are not distinct values before accepting the auto-fix.
2026-03-08 11:01:11,141 | WARNING | auto_fix_typos 'transaction_id': AMBIGUOUS MERGE — 'Txn_4912930' (n=1) vs 'Txn_4612930' (n=1). Frequencies are close; verify these are not distinct values before accepting the auto-fix.
2026-03-08 11:01:11,160 | WARNING | auto_fix_typos 'transaction_id': AMBIGUOUS MERGE — 'Txn_4942692' (n=1) vs 'Txn_4482692' (n=1). Frequencies are close; verify these are not distinct values before accepting the auto-fix.
2026-03-08 11:01:11,179 | WARNING | auto_fix_typos 'transaction_id': AMBIGUOUS MERGE — 'Txn_3723007' (n=1) vs 'Txn_3730077' (n=1). Frequencies are close; verify these are not distinct values before accepting the auto-fix.
2026-03-08 11:01:11,199 | WARNING | auto_fix_typos 'transaction_id': AMBIGUOUS MERGE — 'Txn_7922392' (n=1) vs 'Txn_7952232' (n=1). Frequencies are close; verify these are not distinct values before accepting the auto-fix.
2026-03-08 11:01:11,336 | WARNING | auto_fix_typos 'transaction_id': AMBIGUOUS MERGE — 'Txn_5446858' (n=1) vs 'Txn_5446085' (n=1). Frequencies are close; verify these are not distinct values before accepting the auto-fix.
2026-03-08 11:01:11,548 | WARNING | auto_fix_typos 'transaction_id': AMBIGUOUS MERGE — 'Txn_6702428' (n=1) vs 'Txn_6704284' (n=1). Frequencies are close; verify these are not distinct values before accepting the auto-fix.
2026-03-08 11:01:11,567 | WARNING | auto_fix_typos 'transaction_id': AMBIGUOUS MERGE — 'Txn_8955259' (n=1) vs 'Txn_8951525' (n=1). Frequencies are close; verify these are not distinct values before accepting the auto-fix.
2026-03-08 11:01:11,606 | WARNING | auto_fix_typos 'transaction_id': AMBIGUOUS MERGE — 'Txn_5997803' (n=1) vs 'Txn_9599703' (n=1). Frequencies are close; verify these are not distinct values before accepting the auto-fix.
2026-03-08 11:01:11,625 | WARNING | auto_fix_typos 'transaction_id': AMBIGUOUS MERGE — 'Txn_1340956' (n=1) vs 'Txn_1034956' (n=1). Frequencies are close; verify these are not distinct values before accepting the auto-fix.
2026-03-08 11:01:11,683 | WARNING | auto_fix_typos 'transaction_id': AMBIGUOUS MERGE — 'Txn_8894157' (n=1) vs 'Txn_8899417' (n=1). Frequencies are close; verify these are not distinct values before accepting the auto-fix.
2026-03-08 11:01:11,762 | WARNING | auto_fix_typos 'transaction_id': AMBIGUOUS MERGE — 'Txn_1158829' (n=1) vs 'Txn_1418829' (n=1). Frequencies are close; verify these are not distinct values before accepting the auto-fix.
2026-03-08 11:01:11,838 | WARNING | auto_fix_typos 'transaction_id': AMBIGUOUS MERGE — 'Txn_1524626' (n=1) vs 'Txn_6154626' (n=1). Frequencies are close; verify these are not distinct values before accepting the auto-fix.
2026-03-08 11:01:11,880 | WARNING | auto_fix_typos 'transaction_id': AMBIGUOUS MERGE — 'Txn_2889622' (n=1) vs 'Txn_2886223' (n=1). Frequencies are close; verify these are not distinct values before accepting the auto-fix.
2026-03-08 11:01:11,979 | WARNING | auto_fix_typos 'transaction_id': AMBIGUOUS MERGE — 'Txn_4473352' (n=1) vs 'Txn_4435352' (n=1). Frequencies are close; verify these are not distinct values before accepting the auto-fix.
2026-03-08 11:01:12,051 | WARNING | auto_fix_typos 'transaction_id': AMBIGUOUS MERGE — 'Txn_7140471' (n=1) vs 'Txn_1714471' (n=1). Frequencies are close; verify these are not distinct values before accepting the auto-fix.
2026-03-08 11:01:12,078 | WARNING | auto_fix_typos 'transaction_id': AMBIGUOUS MERGE — 'Txn_3119542' (n=1) vs 'Txn_8119542' (n=1). Frequencies are close; verify these are not distinct values before accepting the auto-fix.
2026-03-08 11:01:12,100 | WARNING | auto_fix_typos 'transaction_id': AMBIGUOUS MERGE — 'Txn_7773968' (n=1) vs 'Txn_7377398' (n=1). Frequencies are close; verify these are not distinct values before accepting the auto-fix.
2026-03-08 11:01:12,119 | WARNING | auto_fix_typos 'transaction_id': AMBIGUOUS MERGE — 'Txn_9081088' (n=1) vs 'Txn_9001088' (n=1). Frequencies are close; verify these are not distinct values before accepting the auto-fix.
2026-03-08 11:01:12,139 | WARNING | auto_fix_typos 'transaction_id': AMBIGUOUS MERGE — 'Txn_8559167' (n=1) vs 'Txn_5591967' (n=1). Frequencies are close; verify these are not distinct values before accepting the auto-fix.
2026-03-08 11:01:12,234 | WARNING | auto_fix_typos 'transaction_id': AMBIGUOUS MERGE — 'Txn_8365478' (n=1) vs 'Txn_8536578' (n=1). Frequencies are close; verify these are not distinct values before accepting the auto-fix.
2026-03-08 11:01:12,314 | WARNING | auto_fix_typos 'transaction_id': AMBIGUOUS MERGE — 'Txn_4134594' (n=1) vs 'Txn_4135454' (n=1). Frequencies are close; verify these are not distinct values before accepting the auto-fix.
2026-03-08 11:01:12,353 | WARNING | auto_fix_typos 'transaction_id': AMBIGUOUS MERGE — 'Txn_8276635' (n=1) vs 'Txn_8276063' (n=1). Frequencies are close; verify these are not distinct values before accepting the auto-fix.
2026-03-08 11:01:12,393 | WARNING | auto_fix_typos 'transaction_id': AMBIGUOUS MERGE — 'Txn_3959152' (n=1) vs 'Txn_3459152' (n=1). Frequencies are close; verify these are not distinct values before accepting the auto-fix.
2026-03-08 11:01:12,411 | WARNING | auto_fix_typos 'transaction_id': AMBIGUOUS MERGE — 'Txn_7776739' (n=1) vs 'Txn_7762739' (n=1). Frequencies are close; verify these are not distinct values before accepting the auto-fix.
2026-03-08 11:01:12,527 | WARNING | auto_fix_typos 'transaction_id': AMBIGUOUS MERGE — 'Txn_3638955' (n=1) vs 'Txn_3633955' (n=1). Frequencies are close; verify these are not distinct values before accepting the auto-fix.
2026-03-08 11:01:12,590 | WARNING | auto_fix_typos 'transaction_id': AMBIGUOUS MERGE — 'Txn_9271457' (n=1) vs 'Txn_9271577' (n=1). Frequencies are close; verify these are not distinct values before accepting the auto-fix.
2026-03-08 11:01:12,610 | WARNING | auto_fix_typos 'transaction_id': AMBIGUOUS MERGE — 'Txn_5392603' (n=1) vs 'Txn_5392630' (n=1). Frequencies are close; verify these are not distinct values before accepting the auto-fix.
2026-03-08 11:01:12,646 | WARNING | auto_fix_typos 'transaction_id': AMBIGUOUS MERGE — 'Txn_9263299' (n=1) vs 'Txn_9063299' (n=1). Frequencies are close; verify these are not distinct values before accepting the auto-fix.
2026-03-08 11:01:12,709 | WARNING | auto_fix_typos 'transaction_id': AMBIGUOUS MERGE — 'Txn_8751516' (n=1) vs 'Txn_8518516' (n=1). Frequencies are close; verify these are not distinct values before accepting the auto-fix.
2026-03-08 11:01:12,729 | WARNING | auto_fix_typos 'transaction_id': AMBIGUOUS MERGE — 'Txn_8147357' (n=1) vs 'Txn_8147057' (n=1). Frequencies are close; verify these are not distinct values before accepting the auto-fix.
2026-03-08 11:01:12,794 | WARNING | auto_fix_typos 'transaction_id': AMBIGUOUS MERGE — 'Txn_7480234' (n=1) vs 'Txn_7482834' (n=1). Frequencies are close; verify these are not distinct values before accepting the auto-fix.
2026-03-08 11:01:12,839 | WARNING | auto_fix_typos 'transaction_id': AMBIGUOUS MERGE — 'Txn_2633602' (n=1) vs 'Txn_2633600' (n=1). Frequencies are close; verify these are not distinct values before accepting the auto-fix.
2026-03-08 11:01:12,860 | WARNING | auto_fix_typos 'transaction_id': AMBIGUOUS MERGE — 'Txn_3093219' (n=1) vs 'Txn_7093219' (n=1). Frequencies are close; verify these are not distinct values before accepting the auto-fix.
2026-03-08 11:01:12,930 | WARNING | auto_fix_typos 'transaction_id': AMBIGUOUS MERGE — 'Txn_4010658' (n=1) vs 'Txn_2010658' (n=1). Frequencies are close; verify these are not distinct values before accepting the auto-fix.
2026-03-08 11:01:12,992 | WARNING | auto_fix_typos 'transaction_id': AMBIGUOUS MERGE — 'Txn_3390285' (n=1) vs 'Txn_3902815' (n=1). Frequencies are close; verify these are not distinct values before accepting the auto-fix.
2026-03-08 11:01:13,133 | WARNING | auto_fix_typos 'transaction_id': AMBIGUOUS MERGE — 'Txn_3668051' (n=1) vs 'Txn_6638051' (n=1). Frequencies are close; verify these are not distinct values before accepting the auto-fix.
2026-03-08 11:01:13,212 | WARNING | auto_fix_typos 'transaction_id': AMBIGUOUS MERGE — 'Txn_1234097' (n=1) vs 'Txn_1234907' (n=1). Frequencies are close; verify these are not distinct values before accepting the auto-fix.
2026-03-08 11:01:13,307 | WARNING | auto_fix_typos 'transaction_id': AMBIGUOUS MERGE — 'Txn_8158496' (n=1) vs 'Txn_8158986' (n=1). Frequencies are close; verify these are not distinct values before accepting the auto-fix.
2026-03-08 11:01:13,331 | WARNING | auto_fix_typos 'transaction_id': AMBIGUOUS MERGE — 'Txn_2726848' (n=1) vs 'Txn_2726843' (n=1). Frequencies are close; verify these are not distinct values before accepting the auto-fix.
2026-03-08 11:01:13,369 | WARNING | auto_fix_typos 'transaction_id': AMBIGUOUS MERGE — 'Txn_5499915' (n=1) vs 'Txn_5649995' (n=1). Frequencies are close; verify these are not distinct values before accepting the auto-fix.
2026-03-08 11:01:13,424 | WARNING | auto_fix_typos 'transaction_id': AMBIGUOUS MERGE — 'Txn_1564754' (n=1) vs 'Txn_2156454' (n=1). Frequencies are close; verify these are not distinct values before accepting the auto-fix.
2026-03-08 11:01:13,443 | WARNING | auto_fix_typos 'transaction_id': AMBIGUOUS MERGE — 'Txn_1824506' (n=1) vs 'Txn_8245906' (n=1). Frequencies are close; verify these are not distinct values before accepting the auto-fix.
2026-03-08 11:01:13,484 | WARNING | auto_fix_typos 'transaction_id': AMBIGUOUS MERGE — 'Txn_3677592' (n=1) vs 'Txn_6775972' (n=1). Frequencies are close; verify these are not distinct values before accepting the auto-fix.
2026-03-08 11:01:13,637 | WARNING | auto_fix_typos 'transaction_id': AMBIGUOUS MERGE — 'Txn_8048037' (n=1) vs 'Txn_8048357' (n=1). Frequencies are close; verify these are not distinct values before accepting the auto-fix.
2026-03-08 11:01:13,696 | WARNING | auto_fix_typos 'transaction_id': AMBIGUOUS MERGE — 'Txn_1887522' (n=1) vs 'Txn_1875220' (n=1). Frequencies are close; verify these are not distinct values before accepting the auto-fix.
2026-03-08 11:01:13,735 | WARNING | auto_fix_typos 'transaction_id': AMBIGUOUS MERGE — 'Txn_4759769' (n=1) vs 'Txn_4759797' (n=1). Frequencies are close; verify these are not distinct values before accepting the auto-fix.
2026-03-08 11:01:13,791 | WARNING | auto_fix_typos 'transaction_id': AMBIGUOUS MERGE — 'Txn_6857943' (n=1) vs 'Txn_6585794' (n=1). Frequencies are close; verify these are not distinct values before accepting the auto-fix.
2026-03-08 11:01:13,924 | WARNING | auto_fix_typos 'transaction_id': AMBIGUOUS MERGE — 'Txn_4980282' (n=1) vs 'Txn_4982382' (n=1). Frequencies are close; verify these are not distinct values before accepting the auto-fix.
2026-03-08 11:01:14,000 | WARNING | auto_fix_typos 'transaction_id': AMBIGUOUS MERGE — 'Txn_1325631' (n=1) vs 'Txn_1635631' (n=1). Frequencies are close; verify these are not distinct values before accepting the auto-fix.
2026-03-08 11:01:14,019 | WARNING | auto_fix_typos 'transaction_id': AMBIGUOUS MERGE — 'Txn_8209125' (n=1) vs 'Txn_8208915' (n=1). Frequencies are close; verify these are not distinct values before accepting the auto-fix.
2026-03-08 11:01:14,112 | WARNING | auto_fix_typos 'transaction_id': AMBIGUOUS MERGE — 'Txn_8763180' (n=1) vs 'Txn_4873180' (n=1). Frequencies are close; verify these are not distinct values before accepting the auto-fix.
2026-03-08 11:01:14,151 | WARNING | auto_fix_typos 'transaction_id': AMBIGUOUS MERGE — 'Txn_6234872' (n=1) vs 'Txn_6234882' (n=1). Frequencies are close; verify these are not distinct values before accepting the auto-fix.
2026-03-08 11:01:14,171 | WARNING | auto_fix_typos 'transaction_id': AMBIGUOUS MERGE — 'Txn_7919440' (n=1) vs 'Txn_1719440' (n=1). Frequencies are close; verify these are not distinct values before accepting the auto-fix.
2026-03-08 11:01:14,209 | WARNING | auto_fix_typos 'transaction_id': AMBIGUOUS MERGE — 'Txn_9940220' (n=1) vs 'Txn_9402270' (n=1). Frequencies are close; verify these are not distinct values before accepting the auto-fix.
2026-03-08 11:01:14,227 | WARNING | auto_fix_typos 'transaction_id': AMBIGUOUS MERGE — 'Txn_8805984' (n=1) vs 'Txn_8850984' (n=1). Frequencies are close; verify these are not distinct values before accepting the auto-fix.
2026-03-08 11:01:14,267 | WARNING | auto_fix_typos 'transaction_id': AMBIGUOUS MERGE — 'Txn_1972584' (n=1) vs 'Txn_1972843' (n=1). Frequencies are close; verify these are not distinct values before accepting the auto-fix.
2026-03-08 11:01:14,325 | WARNING | auto_fix_typos 'transaction_id': AMBIGUOUS MERGE — 'Txn_5511805' (n=1) vs 'Txn_5251180' (n=1). Frequencies are close; verify these are not distinct values before accepting the auto-fix.
2026-03-08 11:01:14,345 | WARNING | auto_fix_typos 'transaction_id': AMBIGUOUS MERGE — 'Txn_7292548' (n=1) vs 'Txn_7225428' (n=1). Frequencies are close; verify these are not distinct values before accepting the auto-fix.
2026-03-08 11:01:14,364 | WARNING | auto_fix_typos 'transaction_id': AMBIGUOUS MERGE — 'Txn_2169664' (n=1) vs 'Txn_2696664' (n=1). Frequencies are close; verify these are not distinct values before accepting the auto-fix.
2026-03-08 11:01:14,496 | WARNING | auto_fix_typos 'transaction_id': AMBIGUOUS MERGE — 'Txn_3088796' (n=1) vs 'Txn_3087096' (n=1). Frequencies are close; verify these are not distinct values before accepting the auto-fix.
2026-03-08 11:01:14,516 | WARNING | auto_fix_typos 'transaction_id': AMBIGUOUS MERGE — 'Txn_3414935' (n=1) vs 'Txn_3244935' (n=1). Frequencies are close; verify these are not distinct values before accepting the auto-fix.
2026-03-08 11:01:14,554 | WARNING | auto_fix_typos 'transaction_id': AMBIGUOUS MERGE — 'Txn_8502094' (n=1) vs 'Txn_5024094' (n=1). Frequencies are close; verify these are not distinct values before accepting the auto-fix.
2026-03-08 11:01:14,592 | WARNING | auto_fix_typos 'transaction_id': AMBIGUOUS MERGE — 'Txn_7661609' (n=1) vs 'Txn_7666909' (n=1). Frequencies are close; verify these are not distinct values before accepting the auto-fix.
2026-03-08 11:01:14,808 | WARNING | auto_fix_typos 'transaction_id': AMBIGUOUS MERGE — 'Txn_3560062' (n=1) vs 'Txn_3956062' (n=1). Frequencies are close; verify these are not distinct values before accepting the auto-fix.
2026-03-08 11:01:14,846 | WARNING | auto_fix_typos 'transaction_id': AMBIGUOUS MERGE — 'Txn_7270652' (n=1) vs 'Txn_7276452' (n=1). Frequencies are close; verify these are not distinct values before accepting the auto-fix.
2026-03-08 11:01:14,887 | WARNING | auto_fix_typos 'transaction_id': AMBIGUOUS MERGE — 'Txn_6360132' (n=1) vs 'Txn_3601382' (n=1). Frequencies are close; verify these are not distinct values before accepting the auto-fix.
2026-03-08 11:01:14,964 | WARNING | auto_fix_typos 'transaction_id': AMBIGUOUS MERGE — 'Txn_2640701' (n=1) vs 'Txn_2640771' (n=1). Frequencies are close; verify these are not distinct values before accepting the auto-fix.
2026-03-08 11:01:14,983 | WARNING | auto_fix_typos 'transaction_id': AMBIGUOUS MERGE — 'Txn_3740963' (n=1) vs 'Txn_4374963' (n=1). Frequencies are close; verify these are not distinct values before accepting the auto-fix.
2026-03-08 11:01:15,079 | WARNING | auto_fix_typos 'transaction_id': AMBIGUOUS MERGE — 'Txn_8778598' (n=1) vs 'Txn_8707598' (n=1). Frequencies are close; verify these are not distinct values before accepting the auto-fix.
2026-03-08 11:01:15,098 | WARNING | auto_fix_typos 'transaction_id': AMBIGUOUS MERGE — 'Txn_7550103' (n=1) vs 'Txn_7551023' (n=1). Frequencies are close; verify these are not distinct values before accepting the auto-fix.
2026-03-08 11:01:15,249 | WARNING | auto_fix_typos 'transaction_id': AMBIGUOUS MERGE — 'Txn_4033802' (n=1) vs 'Txn_4033982' (n=1). Frequencies are close; verify these are not distinct values before accepting the auto-fix.
2026-03-08 11:01:15,328 | WARNING | auto_fix_typos 'transaction_id': AMBIGUOUS MERGE — 'Txn_8259257' (n=1) vs 'Txn_8265257' (n=1). Frequencies are close; verify these are not distinct values before accepting the auto-fix.
2026-03-08 11:01:15,385 | WARNING | auto_fix_typos 'transaction_id': AMBIGUOUS MERGE — 'Txn_4696439' (n=1) vs 'Txn_4664329' (n=1). Frequencies are close; verify these are not distinct values before accepting the auto-fix.
2026-03-08 11:01:15,405 | WARNING | auto_fix_typos 'transaction_id': AMBIGUOUS MERGE — 'Txn_8826983' (n=1) vs 'Txn_8829698' (n=1). Frequencies are close; verify these are not distinct values before accepting the auto-fix.
2026-03-08 11:01:15,427 | WARNING | auto_fix_typos 'transaction_id': AMBIGUOUS MERGE — 'Txn_8267034' (n=1) vs 'Txn_2767034' (n=1). Frequencies are close; verify these are not distinct values before accepting the auto-fix.
2026-03-08 11:01:15,484 | WARNING | auto_fix_typos 'transaction_id': AMBIGUOUS MERGE — 'Txn_2947822' (n=1) vs 'Txn_2947622' (n=1). Frequencies are close; verify these are not distinct values before accepting the auto-fix.
2026-03-08 11:01:15,633 | WARNING | auto_fix_typos 'transaction_id': AMBIGUOUS MERGE — 'Txn_4538354' (n=1) vs 'Txn_4958354' (n=1). Frequencies are close; verify these are not distinct values before accepting the auto-fix.
2026-03-08 11:01:15,788 | WARNING | auto_fix_typos 'transaction_id': AMBIGUOUS MERGE — 'Txn_1387401' (n=1) vs 'Txn_1874601' (n=1). Frequencies are close; verify these are not distinct values before accepting the auto-fix.
2026-03-08 11:01:15,808 | WARNING | auto_fix_typos 'transaction_id': AMBIGUOUS MERGE — 'Txn_6727029' (n=1) vs 'Txn_6720290' (n=1). Frequencies are close; verify these are not distinct values before accepting the auto-fix.
2026-03-08 11:01:15,827 | WARNING | auto_fix_typos 'transaction_id': AMBIGUOUS MERGE — 'Txn_3917193' (n=1) vs 'Txn_7917193' (n=1). Frequencies are close; verify these are not distinct values before accepting the auto-fix.
2026-03-08 11:01:15,845 | WARNING | auto_fix_typos 'transaction_id': AMBIGUOUS MERGE — 'Txn_2062854' (n=1) vs 'Txn_2406254' (n=1). Frequencies are close; verify these are not distinct values before accepting the auto-fix.
2026-03-08 11:01:15,903 | WARNING | auto_fix_typos 'transaction_id': AMBIGUOUS MERGE — 'Txn_4621665' (n=1) vs 'Txn_4625165' (n=1). Frequencies are close; verify these are not distinct values before accepting the auto-fix.
2026-03-08 11:01:16,005 | WARNING | auto_fix_typos 'transaction_id': AMBIGUOUS MERGE — 'Txn_4186681' (n=1) vs 'Txn_1866816' (n=1). Frequencies are close; verify these are not distinct values before accepting the auto-fix.
2026-03-08 11:01:16,025 | WARNING | auto_fix_typos 'transaction_id': AMBIGUOUS MERGE — 'Txn_4152036' (n=1) vs 'Txn_4252036' (n=1). Frequencies are close; verify these are not distinct values before accepting the auto-fix.
2026-03-08 11:01:16,120 | WARNING | auto_fix_typos 'transaction_id': AMBIGUOUS MERGE — 'Txn_6250692' (n=1) vs 'Txn_6206792' (n=1). Frequencies are close; verify these are not distinct values before accepting the auto-fix.
2026-03-08 11:01:16,141 | WARNING | auto_fix_typos 'transaction_id': AMBIGUOUS MERGE — 'Txn_1183995' (n=1) vs 'Txn_1139495' (n=1). Frequencies are close; verify these are not distinct values before accepting the auto-fix.
2026-03-08 11:01:16,253 | WARNING | auto_fix_typos 'transaction_id': AMBIGUOUS MERGE — 'Txn_7578769' (n=1) vs 'Txn_5788769' (n=1). Frequencies are close; verify these are not distinct values before accepting the auto-fix.
2026-03-08 11:01:16,293 | WARNING | auto_fix_typos 'transaction_id': AMBIGUOUS MERGE — 'Txn_6209258' (n=1) vs 'Txn_2019258' (n=1). Frequencies are close; verify these are not distinct values before accepting the auto-fix.
2026-03-08 11:01:16,367 | WARNING | auto_fix_typos 'transaction_id': AMBIGUOUS MERGE — 'Txn_5547519' (n=1) vs 'Txn_5054719' (n=1). Frequencies are close; verify these are not distinct values before accepting the auto-fix.
2026-03-08 11:01:16,423 | WARNING | auto_fix_typos 'transaction_id': AMBIGUOUS MERGE — 'Txn_4669664' (n=1) vs 'Txn_4663964' (n=1). Frequencies are close; verify these are not distinct values before accepting the auto-fix.
2026-03-08 11:01:16,503 | WARNING | auto_fix_typos 'transaction_id': AMBIGUOUS MERGE — 'Txn_8320245' (n=1) vs 'Txn_8432045' (n=1). Frequencies are close; verify these are not distinct values before accepting the auto-fix.
2026-03-08 11:01:16,524 | WARNING | auto_fix_typos 'transaction_id': AMBIGUOUS MERGE — 'Txn_5904646' (n=1) vs 'Txn_5049646' (n=1). Frequencies are close; verify these are not distinct values before accepting the auto-fix.
2026-03-08 11:01:16,653 | WARNING | auto_fix_typos 'transaction_id': AMBIGUOUS MERGE — 'Txn_7380277' (n=1) vs 'Txn_7380217' (n=1). Frequencies are close; verify these are not distinct values before accepting the auto-fix.
2026-03-08 11:01:16,715 | WARNING | auto_fix_typos 'transaction_id': AMBIGUOUS MERGE — 'Txn_7609853' (n=1) vs 'Txn_7860953' (n=1). Frequencies are close; verify these are not distinct values before accepting the auto-fix.
2026-03-08 11:01:16,759 | WARNING | auto_fix_typos 'transaction_id': AMBIGUOUS MERGE — 'Txn_8298311' (n=1) vs 'Txn_8298711' (n=1). Frequencies are close; verify these are not distinct values before accepting the auto-fix.
2026-03-08 11:01:16,832 | WARNING | auto_fix_typos 'transaction_id': AMBIGUOUS MERGE — 'Txn_2156206' (n=1) vs 'Txn_2316206' (n=1). Frequencies are close; verify these are not distinct values before accepting the auto-fix.
2026-03-08 11:01:16,930 | WARNING | auto_fix_typos 'transaction_id': AMBIGUOUS MERGE — 'Txn_1556652' (n=1) vs 'Txn_5566652' (n=1). Frequencies are close; verify these are not distinct values before accepting the auto-fix.
2026-03-08 11:01:16,951 | WARNING | auto_fix_typos 'transaction_id': AMBIGUOUS MERGE — 'Txn_8608765' (n=1) vs 'Txn_8680875' (n=1). Frequencies are close; verify these are not distinct values before accepting the auto-fix.
2026-03-08 11:01:16,971 | WARNING | auto_fix_typos 'transaction_id': AMBIGUOUS MERGE — 'Txn_8764825' (n=1) vs 'Txn_8676485' (n=1). Frequencies are close; verify these are not distinct values before accepting the auto-fix.
2026-03-08 11:01:16,999 | WARNING | auto_fix_typos 'transaction_id': AMBIGUOUS MERGE — 'Txn_7353972' (n=1) vs 'Txn_4735392' (n=1). Frequencies are close; verify these are not distinct values before accepting the auto-fix.
2026-03-08 11:01:17,166 | WARNING | auto_fix_typos 'transaction_id': AMBIGUOUS MERGE — 'Txn_6352917' (n=1) vs 'Txn_6335297' (n=1). Frequencies are close; verify these are not distinct values before accepting the auto-fix.
2026-03-08 11:01:17,263 | WARNING | auto_fix_typos 'transaction_id': AMBIGUOUS MERGE — 'Txn_1921262' (n=1) vs 'Txn_1212652' (n=1). Frequencies are close; verify these are not distinct values before accepting the auto-fix.
2026-03-08 11:01:17,284 | WARNING | auto_fix_typos 'transaction_id': AMBIGUOUS MERGE — 'Txn_1259824' (n=1) vs 'Txn_1295824' (n=1). Frequencies are close; verify these are not distinct values before accepting the auto-fix.
2026-03-08 11:01:17,399 | WARNING | auto_fix_typos 'transaction_id': AMBIGUOUS MERGE — 'Txn_3481470' (n=1) vs 'Txn_1481470' (n=1). Frequencies are close; verify these are not distinct values before accepting the auto-fix.
2026-03-08 11:01:17,419 | WARNING | auto_fix_typos 'transaction_id': AMBIGUOUS MERGE — 'Txn_9907327' (n=1) vs 'Txn_4997327' (n=1). Frequencies are close; verify these are not distinct values before accepting the auto-fix.
2026-03-08 11:01:17,476 | WARNING | auto_fix_typos 'transaction_id': AMBIGUOUS MERGE — 'Txn_3179966' (n=1) vs 'Txn_3979966' (n=1). Frequencies are close; verify these are not distinct values before accepting the auto-fix.
2026-03-08 11:01:17,500 | WARNING | auto_fix_typos 'transaction_id': AMBIGUOUS MERGE — 'Txn_9289174' (n=1) vs 'Txn_9268974' (n=1). Frequencies are close; verify these are not distinct values before accepting the auto-fix.
2026-03-08 11:01:17,540 | WARNING | auto_fix_typos 'transaction_id': AMBIGUOUS MERGE — 'Txn_3142836' (n=1) vs 'Txn_3912836' (n=1). Frequencies are close; verify these are not distinct values before accepting the auto-fix.
2026-03-08 11:01:17,579 | WARNING | auto_fix_typos 'transaction_id': AMBIGUOUS MERGE — 'Txn_7228816' (n=1) vs 'Txn_4722816' (n=1). Frequencies are close; verify these are not distinct values before accepting the auto-fix.
2026-03-08 11:01:17,598 | WARNING | auto_fix_typos 'transaction_id': AMBIGUOUS MERGE — 'Txn_6904590' (n=1) vs 'Txn_6960459' (n=1). Frequencies are close; verify these are not distinct values before accepting the auto-fix.
2026-03-08 11:01:17,636 | WARNING | auto_fix_typos 'transaction_id': AMBIGUOUS MERGE — 'Txn_8664315' (n=1) vs 'Txn_8664335' (n=1). Frequencies are close; verify these are not distinct values before accepting the auto-fix.
2026-03-08 11:01:17,699 | WARNING | auto_fix_typos 'transaction_id': AMBIGUOUS MERGE — 'Txn_2211685' (n=1) vs 'Txn_2521185' (n=1). Frequencies are close; verify these are not distinct values before accepting the auto-fix.
2026-03-08 11:01:17,814 | WARNING | auto_fix_typos 'transaction_id': AMBIGUOUS MERGE — 'Txn_8255965' (n=1) vs 'Txn_8215595' (n=1). Frequencies are close; verify these are not distinct values before accepting the auto-fix.
2026-03-08 11:01:17,894 | WARNING | auto_fix_typos 'transaction_id': AMBIGUOUS MERGE — 'Txn_6721531' (n=1) vs 'Txn_7215311' (n=1). Frequencies are close; verify these are not distinct values before accepting the auto-fix.
2026-03-08 11:01:17,932 | WARNING | auto_fix_typos 'transaction_id': AMBIGUOUS MERGE — 'Txn_5686113' (n=1) vs 'Txn_5669113' (n=1). Frequencies are close; verify these are not distinct values before accepting the auto-fix.
2026-03-08 11:01:17,971 | WARNING | auto_fix_typos 'transaction_id': AMBIGUOUS MERGE — 'Txn_9265319' (n=1) vs 'Txn_9265313' (n=1). Frequencies are close; verify these are not distinct values before accepting the auto-fix.
2026-03-08 11:01:17,992 | WARNING | auto_fix_typos 'transaction_id': AMBIGUOUS MERGE — 'Txn_3397609' (n=1) vs 'Txn_3396099' (n=1). Frequencies are close; verify these are not distinct values before accepting the auto-fix.
2026-03-08 11:01:18,071 | WARNING | auto_fix_typos 'transaction_id': AMBIGUOUS MERGE — 'Txn_6905718' (n=1) vs 'Txn_8905718' (n=1). Frequencies are close; verify these are not distinct values before accepting the auto-fix.
2026-03-08 11:01:18,093 | WARNING | auto_fix_typos 'transaction_id': AMBIGUOUS MERGE — 'Txn_3130548' (n=1) vs 'Txn_3105489' (n=1). Frequencies are close; verify these are not distinct values before accepting the auto-fix.
2026-03-08 11:01:18,185 | WARNING | auto_fix_typos 'transaction_id': AMBIGUOUS MERGE — 'Txn_9323513' (n=1) vs 'Txn_9320353' (n=1). Frequencies are close; verify these are not distinct values before accepting the auto-fix.
2026-03-08 11:01:18,204 | WARNING | auto_fix_typos 'transaction_id': AMBIGUOUS MERGE — 'Txn_9097641' (n=1) vs 'Txn_7997641' (n=1). Frequencies are close; verify these are not distinct values before accepting the auto-fix.
2026-03-08 11:01:18,281 | WARNING | auto_fix_typos 'transaction_id': AMBIGUOUS MERGE — 'Txn_2915281' (n=1) vs 'Txn_2915287' (n=1). Frequencies are close; verify these are not distinct values before accepting the auto-fix.
2026-03-08 11:01:18,339 | WARNING | auto_fix_typos 'transaction_id': AMBIGUOUS MERGE — 'Txn_7806146' (n=1) vs 'Txn_8061460' (n=1). Frequencies are close; verify these are not distinct values before accepting the auto-fix.
2026-03-08 11:01:18,414 | WARNING | auto_fix_typos 'transaction_id': AMBIGUOUS MERGE — 'Txn_6830557' (n=1) vs 'Txn_6805057' (n=1). Frequencies are close; verify these are not distinct values before accepting the auto-fix.
2026-03-08 11:01:18,453 | WARNING | auto_fix_typos 'transaction_id': AMBIGUOUS MERGE — 'Txn_4663299' (n=1) vs 'Txn_4664329' (n=1). Frequencies are close; verify these are not distinct values before accepting the auto-fix.
2026-03-08 11:01:18,472 | WARNING | auto_fix_typos 'transaction_id': AMBIGUOUS MERGE — 'Txn_9236713' (n=1) vs 'Txn_9923613' (n=1). Frequencies are close; verify these are not distinct values before accepting the auto-fix.
2026-03-08 11:01:18,494 | WARNING | auto_fix_typos 'transaction_id': AMBIGUOUS MERGE — 'Txn_1079239' (n=1) vs 'Txn_1307239' (n=1). Frequencies are close; verify these are not distinct values before accepting the auto-fix.
2026-03-08 11:01:18,514 | WARNING | auto_fix_typos 'transaction_id': AMBIGUOUS MERGE — 'Txn_4690833' (n=1) vs 'Txn_4679083' (n=1). Frequencies are close; verify these are not distinct values before accepting the auto-fix.
2026-03-08 11:01:18,589 | WARNING | auto_fix_typos 'transaction_id': AMBIGUOUS MERGE — 'Txn_2866147' (n=1) vs 'Txn_6266147' (n=1). Frequencies are close; verify these are not distinct values before accepting the auto-fix.
2026-03-08 11:01:18,687 | WARNING | auto_fix_typos 'transaction_id': AMBIGUOUS MERGE — 'Txn_5476465' (n=1) vs 'Txn_5476846' (n=1). Frequencies are close; verify these are not distinct values before accepting the auto-fix.
2026-03-08 11:01:18,728 | WARNING | auto_fix_typos 'transaction_id': AMBIGUOUS MERGE — 'Txn_7688650' (n=1) vs 'Txn_7688625' (n=1). Frequencies are close; verify these are not distinct values before accepting the auto-fix.
2026-03-08 11:01:18,785 | WARNING | auto_fix_typos 'transaction_id': AMBIGUOUS MERGE — 'Txn_2977414' (n=1) vs 'Txn_5977414' (n=1). Frequencies are close; verify these are not distinct values before accepting the auto-fix.
2026-03-08 11:01:18,810 | WARNING | auto_fix_typos 'transaction_id': AMBIGUOUS MERGE — 'Txn_8938144' (n=1) vs 'Txn_8938445' (n=1). Frequencies are close; verify these are not distinct values before accepting the auto-fix.
2026-03-08 11:01:18,865 | WARNING | auto_fix_typos 'transaction_id': AMBIGUOUS MERGE — 'Txn_1655100' (n=1) vs 'Txn_1675510' (n=1). Frequencies are close; verify these are not distinct values before accepting the auto-fix.
2026-03-08 11:01:18,955 | WARNING | auto_fix_typos 'transaction_id': AMBIGUOUS MERGE — 'Txn_1706201' (n=1) vs 'Txn_1767201' (n=1). Frequencies are close; verify these are not distinct values before accepting the auto-fix.
2026-03-08 11:01:18,975 | WARNING | auto_fix_typos 'transaction_id': AMBIGUOUS MERGE — 'Txn_2498488' (n=1) vs 'Txn_2480488' (n=1). Frequencies are close; verify these are not distinct values before accepting the auto-fix.
2026-03-08 11:01:19,030 | WARNING | auto_fix_typos 'transaction_id': AMBIGUOUS MERGE — 'Txn_5051924' (n=1) vs 'Txn_5519424' (n=1). Frequencies are close; verify these are not distinct values before accepting the auto-fix.
2026-03-08 11:01:19,112 | WARNING | auto_fix_typos 'transaction_id': AMBIGUOUS MERGE — 'Txn_8386792' (n=1) vs 'Txn_8308672' (n=1). Frequencies are close; verify these are not distinct values before accepting the auto-fix.
2026-03-08 11:01:19,151 | WARNING | auto_fix_typos 'transaction_id': AMBIGUOUS MERGE — 'Txn_6347472' (n=1) vs 'Txn_4634772' (n=1). Frequencies are close; verify these are not distinct values before accepting the auto-fix.
2026-03-08 11:01:19,261 | WARNING | auto_fix_typos 'transaction_id': AMBIGUOUS MERGE — 'Txn_9989415' (n=1) vs 'Txn_9989458' (n=1). Frequencies are close; verify these are not distinct values before accepting the auto-fix.
2026-03-08 11:01:19,284 | WARNING | auto_fix_typos 'transaction_id': AMBIGUOUS MERGE — 'Txn_4476634' (n=1) vs 'Txn_4476636' (n=1). Frequencies are close; verify these are not distinct values before accepting the auto-fix.
2026-03-08 11:01:19,304 | WARNING | auto_fix_typos 'transaction_id': AMBIGUOUS MERGE — 'Txn_2178964' (n=1) vs 'Txn_1789644' (n=1). Frequencies are close; verify these are not distinct values before accepting the auto-fix.
2026-03-08 11:01:19,361 | WARNING | auto_fix_typos 'transaction_id': AMBIGUOUS MERGE — 'Txn_7020671' (n=1) vs 'Txn_7006741' (n=1). Frequencies are close; verify these are not distinct values before accepting the auto-fix.
2026-03-08 11:01:19,379 | WARNING | auto_fix_typos 'transaction_id': AMBIGUOUS MERGE — 'Txn_8297135' (n=1) vs 'Txn_8970135' (n=1). Frequencies are close; verify these are not distinct values before accepting the auto-fix.
2026-03-08 11:01:19,416 | WARNING | auto_fix_typos 'transaction_id': AMBIGUOUS MERGE — 'Txn_1347965' (n=1) vs 'Txn_8347965' (n=1). Frequencies are close; verify these are not distinct values before accepting the auto-fix.
2026-03-08 11:01:19,472 | WARNING | auto_fix_typos 'transaction_id': AMBIGUOUS MERGE — 'Txn_3145041' (n=1) vs 'Txn_4314504' (n=1). Frequencies are close; verify these are not distinct values before accepting the auto-fix.
2026-03-08 11:01:19,535 | WARNING | auto_fix_typos 'transaction_id': AMBIGUOUS MERGE — 'Txn_4512118' (n=1) vs 'Txn_1512118' (n=1). Frequencies are close; verify these are not distinct values before accepting the auto-fix.
2026-03-08 11:01:19,555 | WARNING | auto_fix_typos 'transaction_id': AMBIGUOUS MERGE — 'Txn_5763254' (n=1) vs 'Txn_5632564' (n=1). Frequencies are close; verify these are not distinct values before accepting the auto-fix.
2026-03-08 11:01:19,579 | WARNING | auto_fix_typos 'transaction_id': AMBIGUOUS MERGE — 'Txn_8167279' (n=1) vs 'Txn_8167275' (n=1). Frequencies are close; verify these are not distinct values before accepting the auto-fix.
2026-03-08 11:01:19,698 | WARNING | auto_fix_typos 'transaction_id': AMBIGUOUS MERGE — 'Txn_2004851' (n=1) vs 'Txn_2004781' (n=1). Frequencies are close; verify these are not distinct values before accepting the auto-fix.
2026-03-08 11:01:19,717 | WARNING | auto_fix_typos 'transaction_id': AMBIGUOUS MERGE — 'Txn_1869814' (n=1) vs 'Txn_1869147' (n=1). Frequencies are close; verify these are not distinct values before accepting the auto-fix.
2026-03-08 11:01:19,773 | WARNING | auto_fix_typos 'transaction_id': AMBIGUOUS MERGE — 'Txn_3183527' (n=1) vs 'Txn_3713527' (n=1). Frequencies are close; verify these are not distinct values before accepting the auto-fix.
2026-03-08 11:01:19,830 | WARNING | auto_fix_typos 'transaction_id': AMBIGUOUS MERGE — 'Txn_2611960' (n=1) vs 'Txn_2611990' (n=1). Frequencies are close; verify these are not distinct values before accepting the auto-fix.
2026-03-08 11:01:19,853 | WARNING | auto_fix_typos 'transaction_id': AMBIGUOUS MERGE — 'Txn_7923140' (n=1) vs 'Txn_9231480' (n=1). Frequencies are close; verify these are not distinct values before accepting the auto-fix.
2026-03-08 11:01:19,915 | WARNING | auto_fix_typos 'transaction_id': AMBIGUOUS MERGE — 'Txn_4074732' (n=1) vs 'Txn_4075432' (n=1). Frequencies are close; verify these are not distinct values before accepting the auto-fix.
2026-03-08 11:01:19,993 | WARNING | auto_fix_typos 'transaction_id': AMBIGUOUS MERGE — 'Txn_7399897' (n=1) vs 'Txn_7399898' (n=1). Frequencies are close; verify these are not distinct values before accepting the auto-fix.
2026-03-08 11:01:20,090 | WARNING | auto_fix_typos 'transaction_id': AMBIGUOUS MERGE — 'Txn_5969754' (n=1) vs 'Txn_9697154' (n=1). Frequencies are close; verify these are not distinct values before accepting the auto-fix.
2026-03-08 11:01:20,110 | WARNING | auto_fix_typos 'transaction_id': AMBIGUOUS MERGE — 'Txn_5740553' (n=1) vs 'Txn_8540553' (n=1). Frequencies are close; verify these are not distinct values before accepting the auto-fix.
2026-03-08 11:01:20,130 | WARNING | auto_fix_typos 'transaction_id': AMBIGUOUS MERGE — 'Txn_4809497' (n=1) vs 'Txn_4801947' (n=1). Frequencies are close; verify these are not distinct values before accepting the auto-fix.
2026-03-08 11:01:20,150 | WARNING | auto_fix_typos 'transaction_id': AMBIGUOUS MERGE — 'Txn_2392934' (n=1) vs 'Txn_2369294' (n=1). Frequencies are close; verify these are not distinct values before accepting the auto-fix.
2026-03-08 11:01:20,206 | WARNING | auto_fix_typos 'transaction_id': AMBIGUOUS MERGE — 'Txn_1046394' (n=1) vs 'Txn_1046384' (n=1). Frequencies are close; verify these are not distinct values before accepting the auto-fix.
2026-03-08 11:01:20,225 | WARNING | auto_fix_typos 'transaction_id': AMBIGUOUS MERGE — 'Txn_3228823' (n=1) vs 'Txn_3288233' (n=1). Frequencies are close; verify these are not distinct values before accepting the auto-fix.
2026-03-08 11:01:20,283 | WARNING | auto_fix_typos 'transaction_id': AMBIGUOUS MERGE — 'Txn_6540946' (n=1) vs 'Txn_6504096' (n=1). Frequencies are close; verify these are not distinct values before accepting the auto-fix.
2026-03-08 11:01:20,321 | WARNING | auto_fix_typos 'transaction_id': AMBIGUOUS MERGE — 'Txn_6571898' (n=1) vs 'Txn_6571288' (n=1). Frequencies are close; verify these are not distinct values before accepting the auto-fix.
2026-03-08 11:01:20,379 | WARNING | auto_fix_typos 'transaction_id': AMBIGUOUS MERGE — 'Txn_4015710' (n=1) vs 'Txn_7401710' (n=1). Frequencies are close; verify these are not distinct values before accepting the auto-fix.
2026-03-08 11:01:20,531 | WARNING | auto_fix_typos 'transaction_id': AMBIGUOUS MERGE — 'Txn_9587884' (n=1) vs 'Txn_9587814' (n=1). Frequencies are close; verify these are not distinct values before accepting the auto-fix.
2026-03-08 11:01:20,550 | WARNING | auto_fix_typos 'transaction_id': AMBIGUOUS MERGE — 'Txn_4625910' (n=1) vs 'Txn_4624591' (n=1). Frequencies are close; verify these are not distinct values before accepting the auto-fix.
2026-03-08 11:01:20,645 | WARNING | auto_fix_typos 'transaction_id': AMBIGUOUS MERGE — 'Txn_9196322' (n=1) vs 'Txn_9196229' (n=1). Frequencies are close; verify these are not distinct values before accepting the auto-fix.
2026-03-08 11:01:20,705 | WARNING | auto_fix_typos 'transaction_id': AMBIGUOUS MERGE — 'Txn_8354174' (n=1) vs 'Txn_8541074' (n=1). Frequencies are close; verify these are not distinct values before accepting the auto-fix.
2026-03-08 11:01:20,724 | WARNING | auto_fix_typos 'transaction_id': AMBIGUOUS MERGE — 'Txn_5931292' (n=1) vs 'Txn_5932892' (n=1). Frequencies are close; verify these are not distinct values before accepting the auto-fix.
2026-03-08 11:01:21,006 | WARNING | auto_fix_typos 'transaction_id': AMBIGUOUS MERGE — 'Txn_2840323' (n=1) vs 'Txn_2834323' (n=1). Frequencies are close; verify these are not distinct values before accepting the auto-fix.
2026-03-08 11:01:21,026 | WARNING | auto_fix_typos 'transaction_id': AMBIGUOUS MERGE — 'Txn_6691767' (n=1) vs 'Txn_6869767' (n=1). Frequencies are close; verify these are not distinct values before accepting the auto-fix.
2026-03-08 11:01:21,079 | WARNING | auto_fix_typos 'transaction_id': AMBIGUOUS MERGE — 'Txn_6932070' (n=1) vs 'Txn_8932070' (n=1). Frequencies are close; verify these are not distinct values before accepting the auto-fix.
2026-03-08 11:01:21,111 | WARNING | auto_fix_typos 'transaction_id': AMBIGUOUS MERGE — 'Txn_3502743' (n=1) vs 'Txn_3850274' (n=1). Frequencies are close; verify these are not distinct values before accepting the auto-fix.
2026-03-08 11:01:21,162 | WARNING | auto_fix_typos 'transaction_id': AMBIGUOUS MERGE — 'Txn_4916272' (n=1) vs 'Txn_4176272' (n=1). Frequencies are close; verify these are not distinct values before accepting the auto-fix.
2026-03-08 11:01:21,186 | WARNING | auto_fix_typos 'transaction_id': AMBIGUOUS MERGE — 'Txn_7940202' (n=1) vs 'Txn_7694020' (n=1). Frequencies are close; verify these are not distinct values before accepting the auto-fix.
2026-03-08 11:01:21,284 | WARNING | auto_fix_typos 'transaction_id': AMBIGUOUS MERGE — 'Txn_3172751' (n=1) vs 'Txn_3177517' (n=1). Frequencies are close; verify these are not distinct values before accepting the auto-fix.
2026-03-08 11:01:21,345 | WARNING | auto_fix_typos 'transaction_id': AMBIGUOUS MERGE — 'Txn_4827371' (n=1) vs 'Txn_4827637' (n=1). Frequencies are close; verify these are not distinct values before accepting the auto-fix.
2026-03-08 11:01:21,478 | WARNING | auto_fix_typos 'transaction_id': AMBIGUOUS MERGE — 'Txn_9658677' (n=1) vs 'Txn_9686177' (n=1). Frequencies are close; verify these are not distinct values before accepting the auto-fix.
2026-03-08 11:01:21,610 | WARNING | auto_fix_typos 'transaction_id': AMBIGUOUS MERGE — 'Txn_7585348' (n=1) vs 'Txn_6755348' (n=1). Frequencies are close; verify these are not distinct values before accepting the auto-fix.
2026-03-08 11:01:21,853 | WARNING | auto_fix_typos 'transaction_id': AMBIGUOUS MERGE — 'Txn_7315198' (n=1) vs 'Txn_6731518' (n=1). Frequencies are close; verify these are not distinct values before accepting the auto-fix.
2026-03-08 11:01:21,873 | WARNING | auto_fix_typos 'transaction_id': AMBIGUOUS MERGE — 'Txn_4339682' (n=1) vs 'Txn_4336892' (n=1). Frequencies are close; verify these are not distinct values before accepting the auto-fix.
2026-03-08 11:01:21,894 | WARNING | auto_fix_typos 'transaction_id': AMBIGUOUS MERGE — 'Txn_3363831' (n=1) vs 'Txn_3368231' (n=1). Frequencies are close; verify these are not distinct values before accepting the auto-fix.
2026-03-08 11:01:21,955 | WARNING | auto_fix_typos 'transaction_id': AMBIGUOUS MERGE — 'Txn_8187656' (n=1) vs 'Txn_8128656' (n=1). Frequencies are close; verify these are not distinct values before accepting the auto-fix.
2026-03-08 11:01:22,012 | WARNING | auto_fix_typos 'transaction_id': AMBIGUOUS MERGE — 'Txn_3197752' (n=1) vs 'Txn_3977520' (n=1). Frequencies are close; verify these are not distinct values before accepting the auto-fix.
2026-03-08 11:01:22,233 | WARNING | auto_fix_typos 'transaction_id': AMBIGUOUS MERGE — 'Txn_8022689' (n=1) vs 'Txn_8223689' (n=1). Frequencies are close; verify these are not distinct values before accepting the auto-fix.
2026-03-08 11:01:22,313 | WARNING | auto_fix_typos 'transaction_id': AMBIGUOUS MERGE — 'Txn_3463928' (n=1) vs 'Txn_3463281' (n=1). Frequencies are close; verify these are not distinct values before accepting the auto-fix.
2026-03-08 11:01:22,405 | WARNING | auto_fix_typos 'transaction_id': AMBIGUOUS MERGE — 'Txn_8689416' (n=1) vs 'Txn_8689246' (n=1). Frequencies are close; verify these are not distinct values before accepting the auto-fix.
2026-03-08 11:01:22,447 | WARNING | auto_fix_typos 'transaction_id': AMBIGUOUS MERGE — 'Txn_9402247' (n=1) vs 'Txn_9402270' (n=1). Frequencies are close; verify these are not distinct values before accepting the auto-fix.
2026-03-08 11:01:22,510 | WARNING | auto_fix_typos 'transaction_id': AMBIGUOUS MERGE — 'Txn_2416816' (n=1) vs 'Txn_2414686' (n=1). Frequencies are close; verify these are not distinct values before accepting the auto-fix.
2026-03-08 11:01:22,530 | WARNING | auto_fix_typos 'transaction_id': AMBIGUOUS MERGE — 'Txn_8005682' (n=1) vs 'Txn_8010562' (n=1). Frequencies are close; verify these are not distinct values before accepting the auto-fix.
2026-03-08 11:01:22,586 | WARNING | auto_fix_typos 'transaction_id': AMBIGUOUS MERGE — 'Txn_7675823' (n=1) vs 'Txn_7675213' (n=1). Frequencies are close; verify these are not distinct values before accepting the auto-fix.
2026-03-08 11:01:22,724 | WARNING | auto_fix_typos 'transaction_id': AMBIGUOUS MERGE — 'Txn_9536472' (n=1) vs 'Txn_9364172' (n=1). Frequencies are close; verify these are not distinct values before accepting the auto-fix.
2026-03-08 11:01:22,744 | WARNING | auto_fix_typos 'transaction_id': AMBIGUOUS MERGE — 'Txn_6696913' (n=1) vs 'Txn_6669163' (n=1). Frequencies are close; verify these are not distinct values before accepting the auto-fix.
2026-03-08 11:01:22,820 | WARNING | auto_fix_typos 'transaction_id': AMBIGUOUS MERGE — 'Txn_2820693' (n=1) vs 'Txn_2892693' (n=1). Frequencies are close; verify these are not distinct values before accepting the auto-fix.
2026-03-08 11:01:22,858 | WARNING | auto_fix_typos 'transaction_id': AMBIGUOUS MERGE — 'Txn_3746260' (n=1) vs 'Txn_3462602' (n=1). Frequencies are close; verify these are not distinct values before accepting the auto-fix.
2026-03-08 11:01:22,974 | WARNING | auto_fix_typos 'transaction_id': AMBIGUOUS MERGE — 'Txn_1575608' (n=1) vs 'Txn_1556708' (n=1). Frequencies are close; verify these are not distinct values before accepting the auto-fix.
2026-03-08 11:01:23,017 | WARNING | auto_fix_typos 'transaction_id': AMBIGUOUS MERGE — 'Txn_5163686' (n=1) vs 'Txn_5153686' (n=1). Frequencies are close; verify these are not distinct values before accepting the auto-fix.
2026-03-08 11:01:23,036 | WARNING | auto_fix_typos 'transaction_id': AMBIGUOUS MERGE — 'Txn_5445318' (n=1) vs 'Txn_5944318' (n=1). Frequencies are close; verify these are not distinct values before accepting the auto-fix.
2026-03-08 11:01:23,055 | WARNING | auto_fix_typos 'transaction_id': AMBIGUOUS MERGE — 'Txn_2391446' (n=1) vs 'Txn_3391446' (n=1). Frequencies are close; verify these are not distinct values before accepting the auto-fix.
2026-03-08 11:01:23,076 | WARNING | auto_fix_typos 'transaction_id': AMBIGUOUS MERGE — 'Txn_2826603' (n=1) vs 'Txn_2265603' (n=1). Frequencies are close; verify these are not distinct values before accepting the auto-fix.
2026-03-08 11:01:23,117 | WARNING | auto_fix_typos 'transaction_id': AMBIGUOUS MERGE — 'Txn_2526667' (n=1) vs 'Txn_2526267' (n=1). Frequencies are close; verify these are not distinct values before accepting the auto-fix.
2026-03-08 11:01:23,155 | WARNING | auto_fix_typos 'transaction_id': AMBIGUOUS MERGE — 'Txn_7679707' (n=1) vs 'Txn_7797507' (n=1). Frequencies are close; verify these are not distinct values before accepting the auto-fix.
2026-03-08 11:01:23,238 | WARNING | auto_fix_typos 'transaction_id': AMBIGUOUS MERGE — 'Txn_5124870' (n=1) vs 'Txn_5124080' (n=1). Frequencies are close; verify these are not distinct values before accepting the auto-fix.
2026-03-08 11:01:23,319 | WARNING | auto_fix_typos 'transaction_id': AMBIGUOUS MERGE — 'Txn_7078232' (n=1) vs 'Txn_2078232' (n=1). Frequencies are close; verify these are not distinct values before accepting the auto-fix.
2026-03-08 11:01:23,379 | WARNING | auto_fix_typos 'transaction_id': AMBIGUOUS MERGE — 'Txn_3135132' (n=1) vs 'Txn_3195132' (n=1). Frequencies are close; verify these are not distinct values before accepting the auto-fix.
2026-03-08 11:01:23,433 | WARNING | auto_fix_typos 'transaction_id': AMBIGUOUS MERGE — 'Txn_1713098' (n=1) vs 'Txn_1713983' (n=1). Frequencies are close; verify these are not distinct values before accepting the auto-fix.
2026-03-08 11:01:23,532 | WARNING | auto_fix_typos 'transaction_id': AMBIGUOUS MERGE — 'Txn_1122140' (n=1) vs 'Txn_1522140' (n=1). Frequencies are close; verify these are not distinct values before accepting the auto-fix.
2026-03-08 11:01:23,552 | WARNING | auto_fix_typos 'transaction_id': AMBIGUOUS MERGE — 'Txn_7484682' (n=1) vs 'Txn_7484638' (n=1). Frequencies are close; verify these are not distinct values before accepting the auto-fix.
2026-03-08 11:01:23,652 | WARNING | auto_fix_typos 'transaction_id': AMBIGUOUS MERGE — 'Txn_9140598' (n=1) vs 'Txn_1405498' (n=1). Frequencies are close; verify these are not distinct values before accepting the auto-fix.
2026-03-08 11:01:23,707 | WARNING | auto_fix_typos 'transaction_id': AMBIGUOUS MERGE — 'Txn_4316299' (n=1) vs 'Txn_4310629' (n=1). Frequencies are close; verify these are not distinct values before accepting the auto-fix.
2026-03-08 11:01:23,827 | WARNING | auto_fix_typos 'transaction_id': AMBIGUOUS MERGE — 'Txn_2024121' (n=1) vs 'Txn_2624121' (n=1). Frequencies are close; verify these are not distinct values before accepting the auto-fix.
2026-03-08 11:01:23,912 | WARNING | auto_fix_typos 'transaction_id': AMBIGUOUS MERGE — 'Txn_2492058' (n=1) vs 'Txn_2492586' (n=1). Frequencies are close; verify these are not distinct values before accepting the auto-fix.
2026-03-08 11:01:24,047 | WARNING | auto_fix_typos 'transaction_id': AMBIGUOUS MERGE — 'Txn_8379141' (n=1) vs 'Txn_8791641' (n=1). Frequencies are close; verify these are not distinct values before accepting the auto-fix.
2026-03-08 11:01:24,086 | WARNING | auto_fix_typos 'transaction_id': AMBIGUOUS MERGE — 'Txn_2287941' (n=1) vs 'Txn_2628941' (n=1). Frequencies are close; verify these are not distinct values before accepting the auto-fix.
2026-03-08 11:01:24,108 | WARNING | auto_fix_typos 'transaction_id': AMBIGUOUS MERGE — 'Txn_3794585' (n=1) vs 'Txn_3994585' (n=1). Frequencies are close; verify these are not distinct values before accepting the auto-fix.
2026-03-08 11:01:24,130 | WARNING | auto_fix_typos 'transaction_id': AMBIGUOUS MERGE — 'Txn_3856427' (n=1) vs 'Txn_3865627' (n=1). Frequencies are close; verify these are not distinct values before accepting the auto-fix.
2026-03-08 11:01:24,150 | WARNING | auto_fix_typos 'transaction_id': AMBIGUOUS MERGE — 'Txn_9890874' (n=1) vs 'Txn_9890734' (n=1). Frequencies are close; verify these are not distinct values before accepting the auto-fix.
2026-03-08 11:01:24,169 | WARNING | auto_fix_typos 'transaction_id': AMBIGUOUS MERGE — 'Txn_3945716' (n=1) vs 'Txn_3947116' (n=1). Frequencies are close; verify these are not distinct values before accepting the auto-fix.
2026-03-08 11:01:24,228 | WARNING | auto_fix_typos 'transaction_id': AMBIGUOUS MERGE — 'Txn_4874685' (n=1) vs 'Txn_4876685' (n=1). Frequencies are close; verify these are not distinct values before accepting the auto-fix.
2026-03-08 11:01:24,247 | WARNING | auto_fix_typos 'transaction_id': AMBIGUOUS MERGE — 'Txn_6269119' (n=1) vs 'Txn_2569119' (n=1). Frequencies are close; verify these are not distinct values before accepting the auto-fix.
2026-03-08 11:01:24,269 | WARNING | auto_fix_typos 'transaction_id': AMBIGUOUS MERGE — 'Txn_6024625' (n=1) vs 'Txn_6404625' (n=1). Frequencies are close; verify these are not distinct values before accepting the auto-fix.
2026-03-08 11:01:24,369 | WARNING | auto_fix_typos 'transaction_id': AMBIGUOUS MERGE — 'Txn_4491072' (n=1) vs 'Txn_4791072' (n=1). Frequencies are close; verify these are not distinct values before accepting the auto-fix.
2026-03-08 11:01:24,410 | WARNING | auto_fix_typos 'transaction_id': AMBIGUOUS MERGE — 'Txn_9086709' (n=1) vs 'Txn_6086709' (n=1). Frequencies are close; verify these are not distinct values before accepting the auto-fix.
2026-03-08 11:01:24,432 | WARNING | auto_fix_typos 'transaction_id': AMBIGUOUS MERGE — 'Txn_1646009' (n=1) vs 'Txn_6460409' (n=1). Frequencies are close; verify these are not distinct values before accepting the auto-fix.
2026-03-08 11:01:24,457 | WARNING | auto_fix_typos 'transaction_id': AMBIGUOUS MERGE — 'Txn_8692653' (n=1) vs 'Txn_8632653' (n=1). Frequencies are close; verify these are not distinct values before accepting the auto-fix.
2026-03-08 11:01:24,482 | WARNING | auto_fix_typos 'transaction_id': AMBIGUOUS MERGE — 'Txn_5021925' (n=1) vs 'Txn_5027125' (n=1). Frequencies are close; verify these are not distinct values before accepting the auto-fix.
2026-03-08 11:01:24,526 | WARNING | auto_fix_typos 'transaction_id': AMBIGUOUS MERGE — 'Txn_6358073' (n=1) vs 'Txn_6580743' (n=1). Frequencies are close; verify these are not distinct values before accepting the auto-fix.
2026-03-08 11:01:24,550 | WARNING | auto_fix_typos 'transaction_id': AMBIGUOUS MERGE — 'Txn_7764154' (n=1) vs 'Txn_7764175' (n=1). Frequencies are close; verify these are not distinct values before accepting the auto-fix.
2026-03-08 11:01:24,635 | WARNING | auto_fix_typos 'transaction_id': AMBIGUOUS MERGE — 'Txn_4125165' (n=1) vs 'Txn_4625165' (n=1). Frequencies are close; verify these are not distinct values before accepting the auto-fix.
2026-03-08 11:01:24,805 | WARNING | auto_fix_typos 'transaction_id': AMBIGUOUS MERGE — 'Txn_8920751' (n=1) vs 'Txn_8900751' (n=1). Frequencies are close; verify these are not distinct values before accepting the auto-fix.
2026-03-08 11:01:24,873 | WARNING | auto_fix_typos 'transaction_id': AMBIGUOUS MERGE — 'Txn_2625324' (n=1) vs 'Txn_2653224' (n=1). Frequencies are close; verify these are not distinct values before accepting the auto-fix.
2026-03-08 11:01:24,921 | WARNING | auto_fix_typos 'transaction_id': AMBIGUOUS MERGE — 'Txn_1494608' (n=1) vs 'Txn_1496038' (n=1). Frequencies are close; verify these are not distinct values before accepting the auto-fix.
2026-03-08 11:01:25,003 | WARNING | auto_fix_typos 'transaction_id': AMBIGUOUS MERGE — 'Txn_5546684' (n=1) vs 'Txn_2546684' (n=1). Frequencies are close; verify these are not distinct values before accepting the auto-fix.
2026-03-08 11:01:25,043 | WARNING | auto_fix_typos 'transaction_id': AMBIGUOUS MERGE — 'Txn_5373527' (n=1) vs 'Txn_3713527' (n=1). Frequencies are close; verify these are not distinct values before accepting the auto-fix.
2026-03-08 11:01:25,105 | WARNING | auto_fix_typos 'transaction_id': AMBIGUOUS MERGE — 'Txn_7223120' (n=1) vs 'Txn_9723120' (n=1). Frequencies are close; verify these are not distinct values before accepting the auto-fix.
2026-03-08 11:01:25,127 | WARNING | auto_fix_typos 'transaction_id': AMBIGUOUS MERGE — 'Txn_1991104' (n=1) vs 'Txn_1899114' (n=1). Frequencies are close; verify these are not distinct values before accepting the auto-fix.
2026-03-08 11:01:25,336 | WARNING | auto_fix_typos 'transaction_id': AMBIGUOUS MERGE — 'Txn_5136936' (n=1) vs 'Txn_1346936' (n=1). Frequencies are close; verify these are not distinct values before accepting the auto-fix.
2026-03-08 11:01:25,376 | WARNING | auto_fix_typos 'transaction_id': AMBIGUOUS MERGE — 'Txn_5654490' (n=1) vs 'Txn_2565449' (n=1). Frequencies are close; verify these are not distinct values before accepting the auto-fix.
2026-03-08 11:01:25,395 | WARNING | auto_fix_typos 'transaction_id': AMBIGUOUS MERGE — 'Txn_4033888' (n=1) vs 'Txn_4038488' (n=1). Frequencies are close; verify these are not distinct values before accepting the auto-fix.
2026-03-08 11:01:25,417 | WARNING | auto_fix_typos 'transaction_id': AMBIGUOUS MERGE — 'Txn_4591512' (n=1) vs 'Txn_3459152' (n=1). Frequencies are close; verify these are not distinct values before accepting the auto-fix.
2026-03-08 11:01:25,498 | WARNING | auto_fix_typos 'transaction_id': AMBIGUOUS MERGE — 'Txn_7880148' (n=1) vs 'Txn_7080148' (n=1). Frequencies are close; verify these are not distinct values before accepting the auto-fix.
2026-03-08 11:01:25,537 | WARNING | auto_fix_typos 'transaction_id': AMBIGUOUS MERGE — 'Txn_2482129' (n=1) vs 'Txn_2482298' (n=1). Frequencies are close; verify these are not distinct values before accepting the auto-fix.
2026-03-08 11:01:25,602 | WARNING | auto_fix_typos 'transaction_id': AMBIGUOUS MERGE — 'Txn_9553579' (n=1) vs 'Txn_5535579' (n=1). Frequencies are close; verify these are not distinct values before accepting the auto-fix.
2026-03-08 11:01:25,658 | WARNING | auto_fix_typos 'transaction_id': AMBIGUOUS MERGE — 'Txn_6187083' (n=1) vs 'Txn_1887083' (n=1). Frequencies are close; verify these are not distinct values before accepting the auto-fix.
2026-03-08 11:01:25,678 | WARNING | auto_fix_typos 'transaction_id': AMBIGUOUS MERGE — 'Txn_1521486' (n=1) vs 'Txn_1214868' (n=1). Frequencies are close; verify these are not distinct values before accepting the auto-fix.
2026-03-08 11:01:25,718 | WARNING | auto_fix_typos 'transaction_id': AMBIGUOUS MERGE — 'Txn_6035534' (n=1) vs 'Txn_6052534' (n=1). Frequencies are close; verify these are not distinct values before accepting the auto-fix.
2026-03-08 11:01:25,789 | WARNING | auto_fix_typos 'transaction_id': AMBIGUOUS MERGE — 'Txn_7201724' (n=1) vs 'Txn_7217284' (n=1). Frequencies are close; verify these are not distinct values before accepting the auto-fix.
2026-03-08 11:01:25,854 | WARNING | auto_fix_typos 'transaction_id': AMBIGUOUS MERGE — 'Txn_6113876' (n=1) vs 'Txn_6110386' (n=1). Frequencies are close; verify these are not distinct values before accepting the auto-fix.
2026-03-08 11:01:25,891 | WARNING | auto_fix_typos 'transaction_id': AMBIGUOUS MERGE — 'Txn_6007079' (n=1) vs 'Txn_6005707' (n=1). Frequencies are close; verify these are not distinct values before accepting the auto-fix.
2026-03-08 11:01:25,917 | WARNING | auto_fix_typos 'transaction_id': AMBIGUOUS MERGE — 'Txn_3163383' (n=1) vs 'Txn_3186333' (n=1). Frequencies are close; verify these are not distinct values before accepting the auto-fix.
2026-03-08 11:01:25,959 | WARNING | auto_fix_typos 'transaction_id': AMBIGUOUS MERGE — 'Txn_1413304' (n=1) vs 'Txn_1413310' (n=1). Frequencies are close; verify these are not distinct values before accepting the auto-fix.
2026-03-08 11:01:26,018 | WARNING | auto_fix_typos 'transaction_id': AMBIGUOUS MERGE — 'Txn_7894514' (n=1) vs 'Txn_7894534' (n=1). Frequencies are close; verify these are not distinct values before accepting the auto-fix.
2026-03-08 11:01:26,087 | WARNING | auto_fix_typos 'transaction_id': AMBIGUOUS MERGE — 'Txn_6732989' (n=1) vs 'Txn_6793298' (n=1). Frequencies are close; verify these are not distinct values before accepting the auto-fix.
2026-03-08 11:01:26,128 | WARNING | auto_fix_typos 'transaction_id': AMBIGUOUS MERGE — 'Txn_2155368' (n=1) vs 'Txn_2556368' (n=1). Frequencies are close; verify these are not distinct values before accepting the auto-fix.
2026-03-08 11:01:26,170 | WARNING | auto_fix_typos 'transaction_id': AMBIGUOUS MERGE — 'Txn_9328595' (n=1) vs 'Txn_7932895' (n=1). Frequencies are close; verify these are not distinct values before accepting the auto-fix.
2026-03-08 11:01:26,211 | WARNING | auto_fix_typos 'transaction_id': AMBIGUOUS MERGE — 'Txn_6148397' (n=1) vs 'Txn_6145837' (n=1). Frequencies are close; verify these are not distinct values before accepting the auto-fix.
2026-03-08 11:01:26,254 | WARNING | auto_fix_typos 'transaction_id': AMBIGUOUS MERGE — 'Txn_3857768' (n=1) vs 'Txn_3577683' (n=1). Frequencies are close; verify these are not distinct values before accepting the auto-fix.
2026-03-08 11:01:26,319 | WARNING | auto_fix_typos 'transaction_id': AMBIGUOUS MERGE — 'Txn_4637070' (n=1) vs 'Txn_6378070' (n=1). Frequencies are close; verify these are not distinct values before accepting the auto-fix.
2026-03-08 11:01:26,418 | WARNING | auto_fix_typos 'transaction_id': AMBIGUOUS MERGE — 'Txn_7026504' (n=1) vs 'Txn_7021504' (n=1). Frequencies are close; verify these are not distinct values before accepting the auto-fix.
2026-03-08 11:01:26,457 | WARNING | auto_fix_typos 'transaction_id': AMBIGUOUS MERGE — 'Txn_6622954' (n=1) vs 'Txn_6625294' (n=1). Frequencies are close; verify these are not distinct values before accepting the auto-fix.
2026-03-08 11:01:26,527 | WARNING | auto_fix_typos 'transaction_id': AMBIGUOUS MERGE — 'Txn_1438257' (n=1) vs 'Txn_1434857' (n=1). Frequencies are close; verify these are not distinct values before accepting the auto-fix.
2026-03-08 11:01:26,582 | WARNING | auto_fix_typos 'transaction_id': AMBIGUOUS MERGE — 'Txn_4257830' (n=1) vs 'Txn_2578309' (n=1). Frequencies are close; verify these are not distinct values before accepting the auto-fix.
2026-03-08 11:01:26,646 | WARNING | auto_fix_typos 'transaction_id': AMBIGUOUS MERGE — 'Txn_5801294' (n=1) vs 'Txn_5812394' (n=1). Frequencies are close; verify these are not distinct values before accepting the auto-fix.
2026-03-08 11:01:26,683 | WARNING | auto_fix_typos 'transaction_id': AMBIGUOUS MERGE — 'Txn_4315988' (n=1) vs 'Txn_4359885' (n=1). Frequencies are close; verify these are not distinct values before accepting the auto-fix.
2026-03-08 11:01:26,722 | WARNING | auto_fix_typos 'transaction_id': AMBIGUOUS MERGE — 'Txn_3963927' (n=1) vs 'Txn_3893927' (n=1). Frequencies are close; verify these are not distinct values before accepting the auto-fix.
2026-03-08 11:01:26,895 | WARNING | auto_fix_typos 'transaction_id': AMBIGUOUS MERGE — 'Txn_3516263' (n=1) vs 'Txn_3516296' (n=1). Frequencies are close; verify these are not distinct values before accepting the auto-fix.
2026-03-08 11:01:27,010 | WARNING | auto_fix_typos 'transaction_id': AMBIGUOUS MERGE — 'Txn_1697018' (n=1) vs 'Txn_1970180' (n=1). Frequencies are close; verify these are not distinct values before accepting the auto-fix.
2026-03-08 11:01:27,144 | WARNING | auto_fix_typos 'transaction_id': AMBIGUOUS MERGE — 'Txn_9159212' (n=1) vs 'Txn_9152120' (n=1). Frequencies are close; verify these are not distinct values before accepting the auto-fix.
2026-03-08 11:01:27,165 | WARNING | auto_fix_typos 'transaction_id': AMBIGUOUS MERGE — 'Txn_6881523' (n=1) vs 'Txn_8815623' (n=1). Frequencies are close; verify these are not distinct values before accepting the auto-fix.
2026-03-08 11:01:27,205 | WARNING | auto_fix_typos 'transaction_id': AMBIGUOUS MERGE — 'Txn_3282436' (n=1) vs 'Txn_2824366' (n=1). Frequencies are close; verify these are not distinct values before accepting the auto-fix.
2026-03-08 11:01:27,224 | WARNING | auto_fix_typos 'transaction_id': AMBIGUOUS MERGE — 'Txn_4206256' (n=1) vs 'Txn_4209626' (n=1). Frequencies are close; verify these are not distinct values before accepting the auto-fix.
2026-03-08 11:01:27,267 | WARNING | auto_fix_typos 'transaction_id': AMBIGUOUS MERGE — 'Txn_1286779' (n=1) vs 'Txn_1236779' (n=1). Frequencies are close; verify these are not distinct values before accepting the auto-fix.
2026-03-08 11:01:27,534 | WARNING | auto_fix_typos 'transaction_id': AMBIGUOUS MERGE — 'Txn_9769410' (n=1) vs 'Txn_9676940' (n=1). Frequencies are close; verify these are not distinct values before accepting the auto-fix.
2026-03-08 11:01:27,556 | WARNING | auto_fix_typos 'transaction_id': AMBIGUOUS MERGE — 'Txn_7482583' (n=1) vs 'Txn_7482834' (n=1). Frequencies are close; verify these are not distinct values before accepting the auto-fix.
2026-03-08 11:01:27,670 | WARNING | auto_fix_typos 'transaction_id': AMBIGUOUS MERGE — 'Txn_2413626' (n=1) vs 'Txn_2413026' (n=1). Frequencies are close; verify these are not distinct values before accepting the auto-fix.
2026-03-08 11:01:27,689 | WARNING | auto_fix_typos 'transaction_id': AMBIGUOUS MERGE — 'Txn_1568657' (n=1) vs 'Txn_5680657' (n=1). Frequencies are close; verify these are not distinct values before accepting the auto-fix.
2026-03-08 11:01:28,088 | WARNING | auto_fix_typos 'transaction_id': AMBIGUOUS MERGE — 'Txn_5480564' (n=1) vs 'Txn_9480564' (n=1). Frequencies are close; verify these are not distinct values before accepting the auto-fix.
2026-03-08 11:01:28,141 | WARNING | auto_fix_typos 'transaction_id': AMBIGUOUS MERGE — 'Txn_2367947' (n=1) vs 'Txn_2379467' (n=1). Frequencies are close; verify these are not distinct values before accepting the auto-fix.
2026-03-08 11:01:28,261 | WARNING | auto_fix_typos 'transaction_id': AMBIGUOUS MERGE — 'Txn_4496665' (n=1) vs 'Txn_4496616' (n=1). Frequencies are close; verify these are not distinct values before accepting the auto-fix.
2026-03-08 11:01:28,330 | WARNING | auto_fix_typos 'transaction_id': AMBIGUOUS MERGE — 'Txn_3942164' (n=1) vs 'Txn_3941164' (n=1). Frequencies are close; verify these are not distinct values before accepting the auto-fix.
2026-03-08 11:01:28,403 | WARNING | auto_fix_typos 'transaction_id': AMBIGUOUS MERGE — 'Txn_9822317' (n=1) vs 'Txn_9822173' (n=1). Frequencies are close; verify these are not distinct values before accepting the auto-fix.
2026-03-08 11:01:28,455 | WARNING | auto_fix_typos 'transaction_id': AMBIGUOUS MERGE — 'Txn_7626939' (n=1) vs 'Txn_7263939' (n=1). Frequencies are close; verify these are not distinct values before accepting the auto-fix.
2026-03-08 11:01:28,541 | WARNING | auto_fix_typos 'transaction_id': AMBIGUOUS MERGE — 'Txn_9102030' (n=1) vs 'Txn_6910030' (n=1). Frequencies are close; verify these are not distinct values before accepting the auto-fix.
2026-03-08 11:01:28,625 | WARNING | auto_fix_typos 'transaction_id': AMBIGUOUS MERGE — 'Txn_4176373' (n=1) vs 'Txn_4187673' (n=1). Frequencies are close; verify these are not distinct values before accepting the auto-fix.
2026-03-08 11:01:28,718 | WARNING | auto_fix_typos 'transaction_id': AMBIGUOUS MERGE — 'Txn_6806290' (n=1) vs 'Txn_5680629' (n=1). Frequencies are close; verify these are not distinct values before accepting the auto-fix.
2026-03-08 11:01:28,767 | WARNING | auto_fix_typos 'transaction_id': AMBIGUOUS MERGE — 'Txn_5386752' (n=1) vs 'Txn_5386352' (n=1). Frequencies are close; verify these are not distinct values before accepting the auto-fix.
2026-03-08 11:01:28,805 | WARNING | auto_fix_typos 'transaction_id': AMBIGUOUS MERGE — 'Txn_3125997' (n=1) vs 'Txn_3125699' (n=1). Frequencies are close; verify these are not distinct values before accepting the auto-fix.
2026-03-08 11:01:28,853 | WARNING | auto_fix_typos 'transaction_id': AMBIGUOUS MERGE — 'Txn_6202015' (n=1) vs 'Txn_6202035' (n=1). Frequencies are close; verify these are not distinct values before accepting the auto-fix.
2026-03-08 11:01:28,980 | WARNING | auto_fix_typos 'transaction_id': AMBIGUOUS MERGE — 'Txn_7433269' (n=1) vs 'Txn_7543369' (n=1). Frequencies are close; verify these are not distinct values before accepting the auto-fix.
2026-03-08 11:01:29,047 | WARNING | auto_fix_typos 'transaction_id': AMBIGUOUS MERGE — 'Txn_3103972' (n=1) vs 'Txn_3103967' (n=1). Frequencies are close; verify these are not distinct values before accepting the auto-fix.
2026-03-08 11:01:29,111 | WARNING | auto_fix_typos 'transaction_id': AMBIGUOUS MERGE — 'Txn_1054915' (n=1) vs 'Txn_1054912' (n=1). Frequencies are close; verify these are not distinct values before accepting the auto-fix.
2026-03-08 11:01:29,217 | WARNING | auto_fix_typos 'transaction_id': AMBIGUOUS MERGE — 'Txn_4617771' (n=1) vs 'Txn_4177717' (n=1). Frequencies are close; verify these are not distinct values before accepting the auto-fix.
2026-03-08 11:01:29,286 | WARNING | auto_fix_typos 'transaction_id': AMBIGUOUS MERGE — 'Txn_4723978' (n=1) vs 'Txn_4702378' (n=1). Frequencies are close; verify these are not distinct values before accepting the auto-fix.
2026-03-08 11:01:29,326 | WARNING | auto_fix_typos 'transaction_id': AMBIGUOUS MERGE — 'Txn_1741325' (n=1) vs 'Txn_3741325' (n=1). Frequencies are close; verify these are not distinct values before accepting the auto-fix.
2026-03-08 11:01:29,666 | WARNING | auto_fix_typos 'transaction_id': AMBIGUOUS MERGE — 'Txn_9497634' (n=1) vs 'Txn_4972634' (n=1). Frequencies are close; verify these are not distinct values before accepting the auto-fix.
2026-03-08 11:01:29,775 | WARNING | auto_fix_typos 'transaction_id': AMBIGUOUS MERGE — 'Txn_5322809' (n=1) vs 'Txn_4532280' (n=1). Frequencies are close; verify these are not distinct values before accepting the auto-fix.
2026-03-08 11:01:29,866 | WARNING | auto_fix_typos 'transaction_id': AMBIGUOUS MERGE — 'Txn_8958073' (n=1) vs 'Txn_8958723' (n=1). Frequencies are close; verify these are not distinct values before accepting the auto-fix.
2026-03-08 11:01:29,957 | WARNING | auto_fix_typos 'transaction_id': AMBIGUOUS MERGE — 'Txn_8530924' (n=1) vs 'Txn_8830924' (n=1). Frequencies are close; verify these are not distinct values before accepting the auto-fix.
2026-03-08 11:01:29,992 | WARNING | auto_fix_typos 'transaction_id': AMBIGUOUS MERGE — 'Txn_2114258' (n=1) vs 'Txn_2151258' (n=1). Frequencies are close; verify these are not distinct values before accepting the auto-fix.
2026-03-08 11:01:30,044 | WARNING | auto_fix_typos 'transaction_id': AMBIGUOUS MERGE — 'Txn_5753095' (n=1) vs 'Txn_5675095' (n=1). Frequencies are close; verify these are not distinct values before accepting the auto-fix.
2026-03-08 11:01:30,063 | WARNING | auto_fix_typos 'transaction_id': AMBIGUOUS MERGE — 'Txn_5538503' (n=1) vs 'Txn_2553803' (n=1). Frequencies are close; verify these are not distinct values before accepting the auto-fix.
2026-03-08 11:01:30,104 | WARNING | auto_fix_typos 'transaction_id': AMBIGUOUS MERGE — 'Txn_8398059' (n=1) vs 'Txn_8398809' (n=1). Frequencies are close; verify these are not distinct values before accepting the auto-fix.
2026-03-08 11:01:30,190 | WARNING | auto_fix_typos 'transaction_id': AMBIGUOUS MERGE — 'Txn_2923987' (n=1) vs 'Txn_2893987' (n=1). Frequencies are close; verify these are not distinct values before accepting the auto-fix.
2026-03-08 11:01:30,284 | WARNING | auto_fix_typos 'transaction_id': AMBIGUOUS MERGE — 'Txn_1981602' (n=1) vs 'Txn_9817602' (n=1). Frequencies are close; verify these are not distinct values before accepting the auto-fix.
2026-03-08 11:01:30,341 | WARNING | auto_fix_typos 'transaction_id': AMBIGUOUS MERGE — 'Txn_6791398' (n=1) vs 'Txn_6793298' (n=1). Frequencies are close; verify these are not distinct values before accepting the auto-fix.
2026-03-08 11:01:30,502 | WARNING | auto_fix_typos 'transaction_id': AMBIGUOUS MERGE — 'Txn_7812601' (n=1) vs 'Txn_8121601' (n=1). Frequencies are close; verify these are not distinct values before accepting the auto-fix.
2026-03-08 11:01:30,558 | WARNING | auto_fix_typos 'transaction_id': AMBIGUOUS MERGE — 'Txn_2946829' (n=1) vs 'Txn_2146829' (n=1). Frequencies are close; verify these are not distinct values before accepting the auto-fix.
2026-03-08 11:01:30,578 | WARNING | auto_fix_typos 'transaction_id': AMBIGUOUS MERGE — 'Txn_8645889' (n=1) vs 'Txn_8495889' (n=1). Frequencies are close; verify these are not distinct values before accepting the auto-fix.
2026-03-08 11:01:30,598 | WARNING | auto_fix_typos 'transaction_id': AMBIGUOUS MERGE — 'Txn_8750849' (n=1) vs 'Txn_3875049' (n=1). Frequencies are close; verify these are not distinct values before accepting the auto-fix.
2026-03-08 11:01:30,673 | WARNING | auto_fix_typos 'transaction_id': AMBIGUOUS MERGE — 'Txn_1973716' (n=1) vs 'Txn_1987716' (n=1). Frequencies are close; verify these are not distinct values before accepting the auto-fix.
2026-03-08 11:01:30,768 | WARNING | auto_fix_typos 'transaction_id': AMBIGUOUS MERGE — 'Txn_4896948' (n=1) vs 'Txn_8969428' (n=1). Frequencies are close; verify these are not distinct values before accepting the auto-fix.
2026-03-08 11:01:30,838 | WARNING | auto_fix_typos 'transaction_id': AMBIGUOUS MERGE — 'Txn_6915192' (n=1) vs 'Txn_1691512' (n=1). Frequencies are close; verify these are not distinct values before accepting the auto-fix.
2026-03-08 11:01:30,948 | WARNING | auto_fix_typos 'transaction_id': AMBIGUOUS MERGE — 'Txn_2482363' (n=1) vs 'Txn_2648236' (n=1). Frequencies are close; verify these are not distinct values before accepting the auto-fix.
2026-03-08 11:01:30,967 | WARNING | auto_fix_typos 'transaction_id': AMBIGUOUS MERGE — 'Txn_5412834' (n=1) vs 'Txn_6541284' (n=1). Frequencies are close; verify these are not distinct values before accepting the auto-fix.
2026-03-08 11:01:31,003 | WARNING | auto_fix_typos 'transaction_id': AMBIGUOUS MERGE — 'Txn_3223187' (n=1) vs 'Txn_3212317' (n=1). Frequencies are close; verify these are not distinct values before accepting the auto-fix.
2026-03-08 11:01:31,157 | WARNING | auto_fix_typos 'transaction_id': AMBIGUOUS MERGE — 'Txn_9143440' (n=1) vs 'Txn_7914340' (n=1). Frequencies are close; verify these are not distinct values before accepting the auto-fix.
2026-03-08 11:01:31,176 | WARNING | auto_fix_typos 'transaction_id': AMBIGUOUS MERGE — 'Txn_6359777' (n=1) vs 'Txn_6835777' (n=1). Frequencies are close; verify these are not distinct values before accepting the auto-fix.
2026-03-08 11:01:31,262 | WARNING | auto_fix_typos 'transaction_id': AMBIGUOUS MERGE — 'Txn_8283691' (n=1) vs 'Txn_8293691' (n=1). Frequencies are close; verify these are not distinct values before accepting the auto-fix.
2026-03-08 11:01:31,299 | WARNING | auto_fix_typos 'transaction_id': AMBIGUOUS MERGE — 'Txn_4258949' (n=1) vs 'Txn_4258943' (n=1). Frequencies are close; verify these are not distinct values before accepting the auto-fix.
2026-03-08 11:01:31,334 | WARNING | auto_fix_typos 'transaction_id': AMBIGUOUS MERGE — 'Txn_3444519' (n=1) vs 'Txn_3444569' (n=1). Frequencies are close; verify these are not distinct values before accepting the auto-fix.
2026-03-08 11:01:31,353 | WARNING | auto_fix_typos 'transaction_id': AMBIGUOUS MERGE — 'Txn_6813508' (n=1) vs 'Txn_6817358' (n=1). Frequencies are close; verify these are not distinct values before accepting the auto-fix.
2026-03-08 11:01:31,388 | WARNING | auto_fix_typos 'transaction_id': AMBIGUOUS MERGE — 'Txn_4832513' (n=1) vs 'Txn_3832513' (n=1). Frequencies are close; verify these are not distinct values before accepting the auto-fix.
2026-03-08 11:01:31,597 | WARNING | auto_fix_typos 'transaction_id': AMBIGUOUS MERGE — 'Txn_7268366' (n=1) vs 'Txn_7267366' (n=1). Frequencies are close; verify these are not distinct values before accepting the auto-fix.
2026-03-08 11:01:31,653 | WARNING | auto_fix_typos 'transaction_id': AMBIGUOUS MERGE — 'Txn_1180969' (n=1) vs 'Txn_1120969' (n=1). Frequencies are close; verify these are not distinct values before accepting the auto-fix.
2026-03-08 11:01:31,897 | WARNING | auto_fix_typos 'transaction_id': AMBIGUOUS MERGE — 'Txn_2806515' (n=1) vs 'Txn_2801651' (n=1). Frequencies are close; verify these are not distinct values before accepting the auto-fix.
2026-03-08 11:01:31,924 | WARNING | auto_fix_typos 'transaction_id': AMBIGUOUS MERGE — 'Txn_7198128' (n=1) vs 'Txn_7187128' (n=1). Frequencies are close; verify these are not distinct values before accepting the auto-fix.
2026-03-08 11:01:32,142 | WARNING | auto_fix_typos 'transaction_id': AMBIGUOUS MERGE — 'Txn_6555617' (n=1) vs 'Txn_6455517' (n=1). Frequencies are close; verify these are not distinct values before accepting the auto-fix.
2026-03-08 11:01:32,210 | WARNING | auto_fix_typos 'transaction_id': AMBIGUOUS MERGE — 'Txn_6899834' (n=1) vs 'Txn_6898341' (n=1). Frequencies are close; verify these are not distinct values before accepting the auto-fix.
2026-03-08 11:01:32,233 | WARNING | auto_fix_typos 'transaction_id': AMBIGUOUS MERGE — 'Txn_5031214' (n=1) vs 'Txn_5032114' (n=1). Frequencies are close; verify these are not distinct values before accepting the auto-fix.
2026-03-08 11:01:32,699 | WARNING | auto_fix_typos 'transaction_id': AMBIGUOUS MERGE — 'Txn_8551432' (n=1) vs 'Txn_8571432' (n=1). Frequencies are close; verify these are not distinct values before accepting the auto-fix.
2026-03-08 11:01:32,739 | WARNING | auto_fix_typos 'transaction_id': AMBIGUOUS MERGE — 'Txn_8831813' (n=1) vs 'Txn_8830813' (n=1). Frequencies are close; verify these are not distinct values before accepting the auto-fix.
2026-03-08 11:01:32,844 | WARNING | auto_fix_typos 'transaction_id': AMBIGUOUS MERGE — 'Txn_1681153' (n=1) vs 'Txn_1811953' (n=1). Frequencies are close; verify these are not distinct values before accepting the auto-fix.
2026-03-08 11:01:32,880 | WARNING | auto_fix_typos 'transaction_id': AMBIGUOUS MERGE — 'Txn_4255503' (n=1) vs 'Txn_4255580' (n=1). Frequencies are close; verify these are not distinct values before accepting the auto-fix.
2026-03-08 11:01:32,969 | WARNING | auto_fix_typos 'transaction_id': AMBIGUOUS MERGE — 'Txn_7369807' (n=1) vs 'Txn_7366807' (n=1). Frequencies are close; verify these are not distinct values before accepting the auto-fix.
2026-03-08 11:01:32,991 | WARNING | auto_fix_typos 'transaction_id': AMBIGUOUS MERGE — 'Txn_1602799' (n=1) vs 'Txn_1026799' (n=1). Frequencies are close; verify these are not distinct values before accepting the auto-fix.
2026-03-08 11:01:33,170 | WARNING | auto_fix_typos 'transaction_id': AMBIGUOUS MERGE — 'Txn_5901180' (n=1) vs 'Txn_5901182' (n=1). Frequencies are close; verify these are not distinct values before accepting the auto-fix.
2026-03-08 11:01:33,209 | WARNING | auto_fix_typos 'transaction_id': AMBIGUOUS MERGE — 'Txn_3224921' (n=1) vs 'Txn_1322421' (n=1). Frequencies are close; verify these are not distinct values before accepting the auto-fix.
2026-03-08 11:01:33,254 | WARNING | auto_fix_typos 'transaction_id': AMBIGUOUS MERGE — 'Txn_7782538' (n=1) vs 'Txn_7825638' (n=1). Frequencies are close; verify these are not distinct values before accepting the auto-fix.
2026-03-08 11:01:33,308 | WARNING | auto_fix_typos 'transaction_id': AMBIGUOUS MERGE — 'Txn_3615483' (n=1) vs 'Txn_6154823' (n=1). Frequencies are close; verify these are not distinct values before accepting the auto-fix.
2026-03-08 11:01:33,347 | WARNING | auto_fix_typos 'transaction_id': AMBIGUOUS MERGE — 'Txn_6060764' (n=1) vs 'Txn_6068074' (n=1). Frequencies are close; verify these are not distinct values before accepting the auto-fix.
2026-03-08 11:01:33,385 | WARNING | auto_fix_typos 'transaction_id': AMBIGUOUS MERGE — 'Txn_5290522' (n=1) vs 'Txn_5295223' (n=1). Frequencies are close; verify these are not distinct values before accepting the auto-fix.
2026-03-08 11:01:33,440 | WARNING | auto_fix_typos 'transaction_id': AMBIGUOUS MERGE — 'Txn_4915908' (n=1) vs 'Txn_4959078' (n=1). Frequencies are close; verify these are not distinct values before accepting the auto-fix.
2026-03-08 11:01:33,493 | WARNING | auto_fix_typos 'transaction_id': AMBIGUOUS MERGE — 'Txn_7867311' (n=1) vs 'Txn_8167311' (n=1). Frequencies are close; verify these are not distinct values before accepting the auto-fix.
2026-03-08 11:01:33,564 | WARNING | auto_fix_typos 'transaction_id': AMBIGUOUS MERGE — 'Txn_4203585' (n=1) vs 'Txn_4203885' (n=1). Frequencies are close; verify these are not distinct values before accepting the auto-fix.
2026-03-08 11:01:33,667 | WARNING | auto_fix_typos 'transaction_id': AMBIGUOUS MERGE — 'Txn_2195630' (n=1) vs 'Txn_2954630' (n=1). Frequencies are close; verify these are not distinct values before accepting the auto-fix.
2026-03-08 11:01:33,685 | WARNING | auto_fix_typos 'transaction_id': AMBIGUOUS MERGE — 'Txn_3628056' (n=1) vs 'Txn_3628566' (n=1). Frequencies are close; verify these are not distinct values before accepting the auto-fix.
2026-03-08 11:01:33,704 | WARNING | auto_fix_typos 'transaction_id': AMBIGUOUS MERGE — 'Txn_5735731' (n=1) vs 'Txn_5737831' (n=1). Frequencies are close; verify these are not distinct values before accepting the auto-fix.
2026-03-08 11:01:33,725 | WARNING | auto_fix_typos 'transaction_id': AMBIGUOUS MERGE — 'Txn_2424930' (n=1) vs 'Txn_4243930' (n=1). Frequencies are close; verify these are not distinct values before accepting the auto-fix.
2026-03-08 11:01:33,761 | WARNING | auto_fix_typos 'transaction_id': AMBIGUOUS MERGE — 'Txn_3753993' (n=1) vs 'Txn_3375399' (n=1). Frequencies are close; verify these are not distinct values before accepting the auto-fix.
2026-03-08 11:01:33,864 | WARNING | auto_fix_typos 'transaction_id': AMBIGUOUS MERGE — 'Txn_5268203' (n=1) vs 'Txn_2268203' (n=1). Frequencies are close; verify these are not distinct values before accepting the auto-fix.
2026-03-08 11:01:33,900 | WARNING | auto_fix_typos 'transaction_id': AMBIGUOUS MERGE — 'Txn_7406393' (n=1) vs 'Txn_7403963' (n=1). Frequencies are close; verify these are not distinct values before accepting the auto-fix.
2026-03-08 11:01:33,945 | WARNING | auto_fix_typos 'transaction_id': AMBIGUOUS MERGE — 'Txn_5469063' (n=1) vs 'Txn_5486063' (n=1). Frequencies are close; verify these are not distinct values before accepting the auto-fix.
2026-03-08 11:01:34,105 | WARNING | auto_fix_typos 'transaction_id': AMBIGUOUS MERGE — 'Txn_6787560' (n=1) vs 'Txn_6757560' (n=1). Frequencies are close; verify these are not distinct values before accepting the auto-fix.
2026-03-08 11:01:34,202 | WARNING | auto_fix_typos 'transaction_id': AMBIGUOUS MERGE — 'Txn_8050034' (n=1) vs 'Txn_8059034' (n=1). Frequencies are close; verify these are not distinct values before accepting the auto-fix.
2026-03-08 11:01:34,258 | WARNING | auto_fix_typos 'transaction_id': AMBIGUOUS MERGE — 'Txn_3091582' (n=1) vs 'Txn_3915802' (n=1). Frequencies are close; verify these are not distinct values before accepting the auto-fix.
2026-03-08 11:01:34,409 | WARNING | auto_fix_typos 'transaction_id': AMBIGUOUS MERGE — 'Txn_4901854' (n=1) vs 'Txn_2490185' (n=1). Frequencies are close; verify these are not distinct values before accepting the auto-fix.
2026-03-08 11:01:34,482 | WARNING | auto_fix_typos 'transaction_id': AMBIGUOUS MERGE — 'Txn_4563679' (n=1) vs 'Txn_4156369' (n=1). Frequencies are close; verify these are not distinct values before accepting the auto-fix.
2026-03-08 11:01:34,500 | WARNING | auto_fix_typos 'transaction_id': AMBIGUOUS MERGE — 'Txn_6290642' (n=1) vs 'Txn_6206421' (n=1). Frequencies are close; verify these are not distinct values before accepting the auto-fix.
2026-03-08 11:01:34,554 | WARNING | auto_fix_typos 'transaction_id': AMBIGUOUS MERGE — 'Txn_9253398' (n=1) vs 'Txn_9233948' (n=1). Frequencies are close; verify these are not distinct values before accepting the auto-fix.
2026-03-08 11:01:34,627 | WARNING | auto_fix_typos 'transaction_id': AMBIGUOUS MERGE — 'Txn_9503369' (n=1) vs 'Txn_9523369' (n=1). Frequencies are close; verify these are not distinct values before accepting the auto-fix.
2026-03-08 11:01:34,681 | WARNING | auto_fix_typos 'transaction_id': AMBIGUOUS MERGE — 'Txn_4548466' (n=1) vs 'Txn_4594866' (n=1). Frequencies are close; verify these are not distinct values before accepting the auto-fix.
2026-03-08 11:01:34,736 | WARNING | auto_fix_typos 'transaction_id': AMBIGUOUS MERGE — 'Txn_9728454' (n=1) vs 'Txn_9732454' (n=1). Frequencies are close; verify these are not distinct values before accepting the auto-fix.
2026-03-08 11:01:34,832 | WARNING | auto_fix_typos 'transaction_id': AMBIGUOUS MERGE — 'Txn_5750278' (n=1) vs 'Txn_5750248' (n=1). Frequencies are close; verify these are not distinct values before accepting the auto-fix.
2026-03-08 11:01:34,953 | WARNING | auto_fix_typos 'transaction_id': AMBIGUOUS MERGE — 'Txn_4376214' (n=1) vs 'Txn_4036214' (n=1). Frequencies are close; verify these are not distinct values before accepting the auto-fix.
2026-03-08 11:01:35,037 | WARNING | auto_fix_typos 'transaction_id': AMBIGUOUS MERGE — 'Txn_9087344' (n=1) vs 'Txn_9073440' (n=1). Frequencies are close; verify these are not distinct values before accepting the auto-fix.
2026-03-08 11:01:35,058 | WARNING | auto_fix_typos 'transaction_id': AMBIGUOUS MERGE — 'Txn_9975321' (n=1) vs 'Txn_9097321' (n=1). Frequencies are close; verify these are not distinct values before accepting the auto-fix.
2026-03-08 11:01:35,077 | WARNING | auto_fix_typos 'transaction_id': AMBIGUOUS MERGE — 'Txn_8148137' (n=1) vs 'Txn_8145813' (n=1). Frequencies are close; verify these are not distinct values before accepting the auto-fix.
2026-03-08 11:01:35,096 | WARNING | auto_fix_typos 'transaction_id': AMBIGUOUS MERGE — 'Txn_1681216' (n=1) vs 'Txn_1811216' (n=1). Frequencies are close; verify these are not distinct values before accepting the auto-fix.
2026-03-08 11:01:35,167 | WARNING | auto_fix_typos 'transaction_id': AMBIGUOUS MERGE — 'Txn_4928254' (n=1) vs 'Txn_5492825' (n=1). Frequencies are close; verify these are not distinct values before accepting the auto-fix.
2026-03-08 11:01:35,256 | WARNING | auto_fix_typos 'transaction_id': AMBIGUOUS MERGE — 'Txn_7531745' (n=1) vs 'Txn_5317458' (n=1). Frequencies are close; verify these are not distinct values before accepting the auto-fix.
2026-03-08 11:01:35,327 | WARNING | auto_fix_typos 'transaction_id': AMBIGUOUS MERGE — 'Txn_1494502' (n=1) vs 'Txn_1493452' (n=1). Frequencies are close; verify these are not distinct values before accepting the auto-fix.
2026-03-08 11:01:35,458 | WARNING | auto_fix_typos 'transaction_id': AMBIGUOUS MERGE — 'Txn_6451377' (n=1) vs 'Txn_6451747' (n=1). Frequencies are close; verify these are not distinct values before accepting the auto-fix.
2026-03-08 11:01:35,492 | WARNING | auto_fix_typos 'transaction_id': AMBIGUOUS MERGE — 'Txn_2142961' (n=1) vs 'Txn_2142941' (n=1). Frequencies are close; verify these are not distinct values before accepting the auto-fix.
2026-03-08 11:01:35,603 | WARNING | auto_fix_typos 'transaction_id': AMBIGUOUS MERGE — 'Txn_8933459' (n=1) vs 'Txn_9334593' (n=1). Frequencies are close; verify these are not distinct values before accepting the auto-fix.
2026-03-08 11:01:35,657 | WARNING | auto_fix_typos 'transaction_id': AMBIGUOUS MERGE — 'Txn_3455702' (n=1) vs 'Txn_3485502' (n=1). Frequencies are close; verify these are not distinct values before accepting the auto-fix.
2026-03-08 11:01:35,744 | WARNING | auto_fix_typos 'transaction_id': AMBIGUOUS MERGE — 'Txn_8831924' (n=1) vs 'Txn_8830924' (n=1). Frequencies are close; verify these are not distinct values before accepting the auto-fix.
2026-03-08 11:01:35,763 | WARNING | auto_fix_typos 'transaction_id': AMBIGUOUS MERGE — 'Txn_2865104' (n=1) vs 'Txn_2851804' (n=1). Frequencies are close; verify these are not distinct values before accepting the auto-fix.
2026-03-08 11:01:35,802 | WARNING | auto_fix_typos 'transaction_id': AMBIGUOUS MERGE — 'Txn_4125921' (n=1) vs 'Txn_4128921' (n=1). Frequencies are close; verify these are not distinct values before accepting the auto-fix.
2026-03-08 11:01:35,845 | WARNING | auto_fix_typos 'transaction_id': AMBIGUOUS MERGE — 'Txn_8149585' (n=1) vs 'Txn_1492585' (n=1). Frequencies are close; verify these are not distinct values before accepting the auto-fix.
2026-03-08 11:01:35,924 | WARNING | auto_fix_typos 'transaction_id': AMBIGUOUS MERGE — 'Txn_1819615' (n=1) vs 'Txn_1169615' (n=1). Frequencies are close; verify these are not distinct values before accepting the auto-fix.
2026-03-08 11:01:35,951 | WARNING | auto_fix_typos 'transaction_id': AMBIGUOUS MERGE — 'Txn_1931404' (n=1) vs 'Txn_5131404' (n=1). Frequencies are close; verify these are not distinct values before accepting the auto-fix.
2026-03-08 11:01:36,038 | WARNING | auto_fix_typos 'transaction_id': AMBIGUOUS MERGE — 'Txn_9762385' (n=1) vs 'Txn_9762035' (n=1). Frequencies are close; verify these are not distinct values before accepting the auto-fix.
2026-03-08 11:01:36,084 | WARNING | auto_fix_typos 'transaction_id': AMBIGUOUS MERGE — 'Txn_7365744' (n=1) vs 'Txn_7367474' (n=1). Frequencies are close; verify these are not distinct values before accepting the auto-fix.
2026-03-08 11:01:36,105 | WARNING | auto_fix_typos 'transaction_id': AMBIGUOUS MERGE — 'Txn_9847116' (n=1) vs 'Txn_3947116' (n=1). Frequencies are close; verify these are not distinct values before accepting the auto-fix.
2026-03-08 11:01:36,176 | WARNING | auto_fix_typos 'transaction_id': AMBIGUOUS MERGE — 'Txn_9534685' (n=1) vs 'Txn_9563685' (n=1). Frequencies are close; verify these are not distinct values before accepting the auto-fix.
2026-03-08 11:01:36,213 | WARNING | auto_fix_typos 'transaction_id': AMBIGUOUS MERGE — 'Txn_2494194' (n=1) vs 'Txn_2494494' (n=1). Frequencies are close; verify these are not distinct values before accepting the auto-fix.
2026-03-08 11:01:36,230 | WARNING | auto_fix_typos 'transaction_id': AMBIGUOUS MERGE — 'Txn_4549825' (n=1) vs 'Txn_5491825' (n=1). Frequencies are close; verify these are not distinct values before accepting the auto-fix.
2026-03-08 11:01:36,248 | WARNING | auto_fix_typos 'transaction_id': AMBIGUOUS MERGE — 'Txn_4737392' (n=1) vs 'Txn_4735392' (n=1). Frequencies are close; verify these are not distinct values before accepting the auto-fix.
2026-03-08 11:01:36,699 | WARNING | auto_fix_typos 'transaction_id': AMBIGUOUS MERGE — 'Txn_3165950' (n=1) vs 'Txn_3655950' (n=1). Frequencies are close; verify these are not distinct values before accepting the auto-fix.
2026-03-08 11:01:36,740 | WARNING | auto_fix_typos 'transaction_id': AMBIGUOUS MERGE — 'Txn_3109334' (n=1) vs 'Txn_1097334' (n=1). Frequencies are close; verify these are not distinct values before accepting the auto-fix.
2026-03-08 11:01:36,858 | WARNING | auto_fix_typos 'transaction_id': AMBIGUOUS MERGE — 'Txn_4692976' (n=1) vs 'Txn_4699706' (n=1). Frequencies are close; verify these are not distinct values before accepting the auto-fix.
2026-03-08 11:01:36,949 | WARNING | auto_fix_typos 'transaction_id': AMBIGUOUS MERGE — 'Txn_9817681' (n=1) vs 'Txn_8176812' (n=1). Frequencies are close; verify these are not distinct values before accepting the auto-fix.
2026-03-08 11:01:36,988 | WARNING | auto_fix_typos 'transaction_id': AMBIGUOUS MERGE — 'Txn_3717372' (n=1) vs 'Txn_3717307' (n=1). Frequencies are close; verify these are not distinct values before accepting the auto-fix.
2026-03-08 11:01:37,014 | WARNING | auto_fix_typos 'transaction_id': AMBIGUOUS MERGE — 'Txn_6727985' (n=1) vs 'Txn_6729852' (n=1). Frequencies are close; verify these are not distinct values before accepting the auto-fix.
2026-03-08 11:01:37,116 | WARNING | auto_fix_typos 'transaction_id': AMBIGUOUS MERGE — 'Txn_2160316' (n=1) vs 'Txn_1603186' (n=1). Frequencies are close; verify these are not distinct values before accepting the auto-fix.
2026-03-08 11:01:37,154 | WARNING | auto_fix_typos 'transaction_id': AMBIGUOUS MERGE — 'Txn_9969283' (n=1) vs 'Txn_9969836' (n=1). Frequencies are close; verify these are not distinct values before accepting the auto-fix.
2026-03-08 11:01:37,302 | WARNING | auto_fix_typos 'transaction_id': AMBIGUOUS MERGE — 'Txn_4493176' (n=1) vs 'Txn_4430176' (n=1). Frequencies are close; verify these are not distinct values before accepting the auto-fix.
2026-03-08 11:01:37,430 | WARNING | auto_fix_typos 'transaction_id': AMBIGUOUS MERGE — 'Txn_3604156' (n=1) vs 'Txn_3641356' (n=1). Frequencies are close; verify these are not distinct values before accepting the auto-fix.
2026-03-08 11:01:37,467 | WARNING | auto_fix_typos 'transaction_id': AMBIGUOUS MERGE — 'Txn_6073195' (n=1) vs 'Txn_6071905' (n=1). Frequencies are close; verify these are not distinct values before accepting the auto-fix.
2026-03-08 11:01:37,578 | WARNING | auto_fix_typos 'transaction_id': AMBIGUOUS MERGE — 'Txn_1622123' (n=1) vs 'Txn_1602123' (n=1). Frequencies are close; verify these are not distinct values before accepting the auto-fix.
2026-03-08 11:01:37,687 | WARNING | auto_fix_typos 'transaction_id': AMBIGUOUS MERGE — 'Txn_4428448' (n=1) vs 'Txn_4428486' (n=1). Frequencies are close; verify these are not distinct values before accepting the auto-fix.
2026-03-08 11:01:37,726 | WARNING | auto_fix_typos 'transaction_id': AMBIGUOUS MERGE — 'Txn_6386662' (n=1) vs 'Txn_3866162' (n=1). Frequencies are close; verify these are not distinct values before accepting the auto-fix.
2026-03-08 11:01:37,765 | WARNING | auto_fix_typos 'transaction_id': AMBIGUOUS MERGE — 'Txn_5580933' (n=1) vs 'Txn_5589433' (n=1). Frequencies are close; verify these are not distinct values before accepting the auto-fix.
2026-03-08 11:01:37,784 | WARNING | auto_fix_typos 'transaction_id': AMBIGUOUS MERGE — 'Txn_3326110' (n=1) vs 'Txn_3321611' (n=1). Frequencies are close; verify these are not distinct values before accepting the auto-fix.
2026-03-08 11:01:37,859 | WARNING | auto_fix_typos 'transaction_id': AMBIGUOUS MERGE — 'Txn_9169782' (n=1) vs 'Txn_9769782' (n=1). Frequencies are close; verify these are not distinct values before accepting the auto-fix.
2026-03-08 11:01:37,898 | WARNING | auto_fix_typos 'transaction_id': AMBIGUOUS MERGE — 'Txn_4432823' (n=1) vs 'Txn_4432082' (n=1). Frequencies are close; verify these are not distinct values before accepting the auto-fix.
2026-03-08 11:01:37,920 | WARNING | auto_fix_typos 'transaction_id': AMBIGUOUS MERGE — 'Txn_8138157' (n=1) vs 'Txn_8131537' (n=1). Frequencies are close; verify these are not distinct values before accepting the auto-fix.
2026-03-08 11:01:37,959 | WARNING | auto_fix_typos 'transaction_id': AMBIGUOUS MERGE — 'Txn_6298532' (n=1) vs 'Txn_6729852' (n=1). Frequencies are close; verify these are not distinct values before accepting the auto-fix.
2026-03-08 11:01:38,017 | WARNING | auto_fix_typos 'transaction_id': AMBIGUOUS MERGE — 'Txn_7296498' (n=1) vs 'Txn_2964982' (n=1). Frequencies are close; verify these are not distinct values before accepting the auto-fix.
2026-03-08 11:01:38,072 | WARNING | auto_fix_typos 'transaction_id': AMBIGUOUS MERGE — 'Txn_6708156' (n=1) vs 'Txn_6708165' (n=1). Frequencies are close; verify these are not distinct values before accepting the auto-fix.
2026-03-08 11:01:38,126 | WARNING | auto_fix_typos 'transaction_id': AMBIGUOUS MERGE — 'Txn_5396450' (n=1) vs 'Txn_3964550' (n=1). Frequencies are close; verify these are not distinct values before accepting the auto-fix.
2026-03-08 11:01:38,182 | WARNING | auto_fix_typos 'transaction_id': AMBIGUOUS MERGE — 'Txn_5342589' (n=1) vs 'Txn_5345258' (n=1). Frequencies are close; verify these are not distinct values before accepting the auto-fix.
2026-03-08 11:01:38,202 | WARNING | auto_fix_typos 'transaction_id': AMBIGUOUS MERGE — 'Txn_1987212' (n=1) vs 'Txn_1827212' (n=1). Frequencies are close; verify these are not distinct values before accepting the auto-fix.
2026-03-08 11:01:38,222 | WARNING | auto_fix_typos 'transaction_id': AMBIGUOUS MERGE — 'Txn_5303275' (n=1) vs 'Txn_5303258' (n=1). Frequencies are close; verify these are not distinct values before accepting the auto-fix.
2026-03-08 11:01:38,259 | WARNING | auto_fix_typos 'transaction_id': AMBIGUOUS MERGE — 'Txn_1075183' (n=1) vs 'Txn_1751183' (n=1). Frequencies are close; verify these are not distinct values before accepting the auto-fix.
2026-03-08 11:01:38,331 | WARNING | auto_fix_typos 'transaction_id': AMBIGUOUS MERGE — 'Txn_2814866' (n=1) vs 'Txn_2154866' (n=1). Frequencies are close; verify these are not distinct values before accepting the auto-fix.
2026-03-08 11:01:38,403 | WARNING | auto_fix_typos 'transaction_id': AMBIGUOUS MERGE — 'Txn_7350571' (n=1) vs 'Txn_3500571' (n=1). Frequencies are close; verify these are not distinct values before accepting the auto-fix.
2026-03-08 11:01:38,461 | WARNING | auto_fix_typos 'transaction_id': AMBIGUOUS MERGE — 'Txn_6441650' (n=1) vs 'Txn_6544160' (n=1). Frequencies are close; verify these are not distinct values before accepting the auto-fix.
2026-03-08 11:01:38,498 | WARNING | auto_fix_typos 'transaction_id': AMBIGUOUS MERGE — 'Txn_3257591' (n=1) vs 'Txn_3251591' (n=1). Frequencies are close; verify these are not distinct values before accepting the auto-fix.
2026-03-08 11:01:38,534 | WARNING | auto_fix_typos 'transaction_id': AMBIGUOUS MERGE — 'Txn_1335337' (n=1) vs 'Txn_1633337' (n=1). Frequencies are close; verify these are not distinct values before accepting the auto-fix.
2026-03-08 11:01:38,570 | WARNING | auto_fix_typos 'transaction_id': AMBIGUOUS MERGE — 'Txn_6258276' (n=1) vs 'Txn_6259827' (n=1). Frequencies are close; verify these are not distinct values before accepting the auto-fix.
2026-03-08 11:01:38,624 | WARNING | auto_fix_typos 'transaction_id': AMBIGUOUS MERGE — 'Txn_1872922' (n=1) vs 'Txn_1872692' (n=1). Frequencies are close; verify these are not distinct values before accepting the auto-fix.
2026-03-08 11:01:38,708 | WARNING | auto_fix_typos 'transaction_id': AMBIGUOUS MERGE — 'Txn_1893222' (n=1) vs 'Txn_1932224' (n=1). Frequencies are close; verify these are not distinct values before accepting the auto-fix.
2026-03-08 11:01:38,726 | WARNING | auto_fix_typos 'transaction_id': AMBIGUOUS MERGE — 'Txn_9262803' (n=1) vs 'Txn_2682803' (n=1). Frequencies are close; verify these are not distinct values before accepting the auto-fix.
2026-03-08 11:01:38,795 | WARNING | auto_fix_typos 'transaction_id': AMBIGUOUS MERGE — 'Txn_9970966' (n=1) vs 'Txn_9970964' (n=1). Frequencies are close; verify these are not distinct values before accepting the auto-fix.
2026-03-08 11:01:38,882 | WARNING | auto_fix_typos 'transaction_id': AMBIGUOUS MERGE — 'Txn_6745832' (n=1) vs 'Txn_6748232' (n=1). Frequencies are close; verify these are not distinct values before accepting the auto-fix.
2026-03-08 11:01:39,009 | WARNING | auto_fix_typos 'transaction_id': AMBIGUOUS MERGE — 'Txn_7100596' (n=1) vs 'Txn_7108056' (n=1). Frequencies are close; verify these are not distinct values before accepting the auto-fix.
2026-03-08 11:01:39,027 | WARNING | auto_fix_typos 'transaction_id': AMBIGUOUS MERGE — 'Txn_1481116' (n=1) vs 'Txn_1811216' (n=1). Frequencies are close; verify these are not distinct values before accepting the auto-fix.
2026-03-08 11:01:39,079 | WARNING | auto_fix_typos 'transaction_id': AMBIGUOUS MERGE — 'Txn_6188394' (n=1) vs 'Txn_6158834' (n=1). Frequencies are close; verify these are not distinct values before accepting the auto-fix.
2026-03-08 11:01:39,134 | WARNING | auto_fix_typos 'transaction_id': AMBIGUOUS MERGE — 'Txn_9465300' (n=1) vs 'Txn_9653700' (n=1). Frequencies are close; verify these are not distinct values before accepting the auto-fix.
2026-03-08 11:01:39,185 | WARNING | auto_fix_typos 'transaction_id': AMBIGUOUS MERGE — 'Txn_4454198' (n=1) vs 'Txn_4541998' (n=1). Frequencies are close; verify these are not distinct values before accepting the auto-fix.
2026-03-08 11:01:39,385 | WARNING | auto_fix_typos 'transaction_id': AMBIGUOUS MERGE — 'Txn_1525046' (n=1) vs 'Txn_1556046' (n=1). Frequencies are close; verify these are not distinct values before accepting the auto-fix.
2026-03-08 11:01:39,413 | WARNING | auto_fix_typos 'transaction_id': AMBIGUOUS MERGE — 'Txn_9867948' (n=1) vs 'Txn_9886794' (n=1). Frequencies are close; verify these are not distinct values before accepting the auto-fix.
2026-03-08 11:01:39,445 | WARNING | auto_fix_typos 'transaction_id': AMBIGUOUS MERGE — 'Txn_8512466' (n=1) vs 'Txn_8124663' (n=1). Frequencies are close; verify these are not distinct values before accepting the auto-fix.
2026-03-08 11:01:39,472 | WARNING | auto_fix_typos 'transaction_id': AMBIGUOUS MERGE — 'Txn_9663990' (n=1) vs 'Txn_9363990' (n=1). Frequencies are close; verify these are not distinct values before accepting the auto-fix.
2026-03-08 11:01:39,494 | WARNING | auto_fix_typos 'transaction_id': AMBIGUOUS MERGE — 'Txn_7681072' (n=1) vs 'Txn_7684072' (n=1). Frequencies are close; verify these are not distinct values before accepting the auto-fix.
2026-03-08 11:01:39,620 | WARNING | auto_fix_typos 'transaction_id': AMBIGUOUS MERGE — 'Txn_3099191' (n=1) vs 'Txn_3099819' (n=1). Frequencies are close; verify these are not distinct values before accepting the auto-fix.
2026-03-08 11:01:39,648 | WARNING | auto_fix_typos 'transaction_id': AMBIGUOUS MERGE — 'Txn_8789986' (n=1) vs 'Txn_7899686' (n=1). Frequencies are close; verify these are not distinct values before accepting the auto-fix.
2026-03-08 11:01:39,717 | WARNING | auto_fix_typos 'transaction_id': AMBIGUOUS MERGE — 'Txn_2668108' (n=1) vs 'Txn_9668108' (n=1). Frequencies are close; verify these are not distinct values before accepting the auto-fix.
2026-03-08 11:01:39,736 | WARNING | auto_fix_typos 'transaction_id': AMBIGUOUS MERGE — 'Txn_5085328' (n=1) vs 'Txn_5853281' (n=1). Frequencies are close; verify these are not distinct values before accepting the auto-fix.
2026-03-08 11:01:39,755 | WARNING | auto_fix_typos 'transaction_id': AMBIGUOUS MERGE — 'Txn_6023823' (n=1) vs 'Txn_3602823' (n=1). Frequencies are close; verify these are not distinct values before accepting the auto-fix.
2026-03-08 11:01:39,774 | WARNING | auto_fix_typos 'transaction_id': AMBIGUOUS MERGE — 'Txn_6541659' (n=1) vs 'Txn_6504165' (n=1). Frequencies are close; verify these are not distinct values before accepting the auto-fix.
2026-03-08 11:01:39,809 | WARNING | auto_fix_typos 'transaction_id': AMBIGUOUS MERGE — 'Txn_3443235' (n=1) vs 'Txn_3442435' (n=1). Frequencies are close; verify these are not distinct values before accepting the auto-fix.
2026-03-08 11:01:39,828 | WARNING | auto_fix_typos 'transaction_id': AMBIGUOUS MERGE — 'Txn_6191769' (n=1) vs 'Txn_6179169' (n=1). Frequencies are close; verify these are not distinct values before accepting the auto-fix.
2026-03-08 11:01:39,880 | WARNING | auto_fix_typos 'transaction_id': AMBIGUOUS MERGE — 'Txn_9169536' (n=1) vs 'Txn_4916936' (n=1). Frequencies are close; verify these are not distinct values before accepting the auto-fix.
2026-03-08 11:01:39,919 | WARNING | auto_fix_typos 'transaction_id': AMBIGUOUS MERGE — 'Txn_3873718' (n=1) vs 'Txn_3987718' (n=1). Frequencies are close; verify these are not distinct values before accepting the auto-fix.
2026-03-08 11:01:39,938 | WARNING | auto_fix_typos 'transaction_id': AMBIGUOUS MERGE — 'Txn_8767676' (n=1) vs 'Txn_8676769' (n=1). Frequencies are close; verify these are not distinct values before accepting the auto-fix.
2026-03-08 11:01:40,089 | WARNING | auto_fix_typos 'transaction_id': AMBIGUOUS MERGE — 'Txn_9948425' (n=1) vs 'Txn_9948645' (n=1). Frequencies are close; verify these are not distinct values before accepting the auto-fix.
2026-03-08 11:01:40,124 | WARNING | auto_fix_typos 'transaction_id': AMBIGUOUS MERGE — 'Txn_2006923' (n=1) vs 'Txn_9206923' (n=1). Frequencies are close; verify these are not distinct values before accepting the auto-fix.
2026-03-08 11:01:40,269 | WARNING | auto_fix_typos 'transaction_id': AMBIGUOUS MERGE — 'Txn_7501002' (n=1) vs 'Txn_7010020' (n=1). Frequencies are close; verify these are not distinct values before accepting the auto-fix.
2026-03-08 11:01:40,312 | WARNING | auto_fix_typos 'transaction_id': AMBIGUOUS MERGE — 'Txn_3034652' (n=1) vs 'Txn_3046572' (n=1). Frequencies are close; verify these are not distinct values before accepting the auto-fix.
2026-03-08 11:01:40,413 | WARNING | auto_fix_typos 'transaction_id': AMBIGUOUS MERGE — 'Txn_6306655' (n=1) vs 'Txn_6306555' (n=1). Frequencies are close; verify these are not distinct values before accepting the auto-fix.
2026-03-08 11:01:40,549 | WARNING | auto_fix_typos 'transaction_id': AMBIGUOUS MERGE — 'Txn_9749333' (n=1) vs 'Txn_9793353' (n=1). Frequencies are close; verify these are not distinct values before accepting the auto-fix.
2026-03-08 11:01:40,584 | WARNING | auto_fix_typos 'transaction_id': AMBIGUOUS MERGE — 'Txn_5180326' (n=1) vs 'Txn_5818032' (n=1). Frequencies are close; verify these are not distinct values before accepting the auto-fix.
2026-03-08 11:01:40,619 | WARNING | auto_fix_typos 'transaction_id': AMBIGUOUS MERGE — 'Txn_9279347' (n=1) vs 'Txn_9293417' (n=1). Frequencies are close; verify these are not distinct values before accepting the auto-fix.
2026-03-08 11:01:40,677 | WARNING | auto_fix_typos 'transaction_id': AMBIGUOUS MERGE — 'Txn_4283563' (n=1) vs 'Txn_4283693' (n=1). Frequencies are close; verify these are not distinct values before accepting the auto-fix.
2026-03-08 11:01:40,695 | WARNING | auto_fix_typos 'transaction_id': AMBIGUOUS MERGE — 'Txn_1926278' (n=1) vs 'Txn_1266278' (n=1). Frequencies are close; verify these are not distinct values before accepting the auto-fix.
2026-03-08 11:01:40,786 | WARNING | auto_fix_typos 'transaction_id': AMBIGUOUS MERGE — 'Txn_2788797' (n=1) vs 'Txn_2887971' (n=1). Frequencies are close; verify these are not distinct values before accepting the auto-fix.
2026-03-08 11:01:40,824 | WARNING | auto_fix_typos 'transaction_id': AMBIGUOUS MERGE — 'Txn_7551097' (n=1) vs 'Txn_6755107' (n=1). Frequencies are close; verify these are not distinct values before accepting the auto-fix.
2026-03-08 11:01:40,881 | WARNING | auto_fix_typos 'transaction_id': AMBIGUOUS MERGE — 'Txn_4567455' (n=1) vs 'Txn_4564556' (n=1). Frequencies are close; verify these are not distinct values before accepting the auto-fix.
2026-03-08 11:01:40,923 | WARNING | auto_fix_typos 'transaction_id': AMBIGUOUS MERGE — 'Txn_2864420' (n=1) vs 'Txn_6864420' (n=1). Frequencies are close; verify these are not distinct values before accepting the auto-fix.
2026-03-08 11:01:40,992 | WARNING | auto_fix_typos 'transaction_id': AMBIGUOUS MERGE — 'Txn_2101437' (n=1) vs 'Txn_2106437' (n=1). Frequencies are close; verify these are not distinct values before accepting the auto-fix.
2026-03-08 11:01:41,065 | WARNING | auto_fix_typos 'transaction_id': AMBIGUOUS MERGE — 'Txn_1907250' (n=1) vs 'Txn_4190750' (n=1). Frequencies are close; verify these are not distinct values before accepting the auto-fix.
2026-03-08 11:01:41,102 | WARNING | auto_fix_typos 'transaction_id': AMBIGUOUS MERGE — 'Txn_1630051' (n=1) vs 'Txn_1603051' (n=1). Frequencies are close; verify these are not distinct values before accepting the auto-fix.
2026-03-08 11:01:41,141 | WARNING | auto_fix_typos 'transaction_id': AMBIGUOUS MERGE — 'Txn_5785600' (n=1) vs 'Txn_5789560' (n=1). Frequencies are close; verify these are not distinct values before accepting the auto-fix.
2026-03-08 11:01:41,161 | WARNING | auto_fix_typos 'transaction_id': AMBIGUOUS MERGE — 'Txn_4864206' (n=1) vs 'Txn_4846406' (n=1). Frequencies are close; verify these are not distinct values before accepting the auto-fix.
2026-03-08 11:01:41,221 | WARNING | auto_fix_typos 'transaction_id': AMBIGUOUS MERGE — 'Txn_2640727' (n=1) vs 'Txn_2640771' (n=1). Frequencies are close; verify these are not distinct values before accepting the auto-fix.
2026-03-08 11:01:41,345 | WARNING | auto_fix_typos 'transaction_id': AMBIGUOUS MERGE — 'Txn_5538713' (n=1) vs 'Txn_5858713' (n=1). Frequencies are close; verify these are not distinct values before accepting the auto-fix.
2026-03-08 11:01:41,413 | WARNING | auto_fix_typos 'transaction_id': AMBIGUOUS MERGE — 'Txn_5767393' (n=1) vs 'Txn_5767392' (n=1). Frequencies are close; verify these are not distinct values before accepting the auto-fix.
2026-03-08 11:01:41,431 | WARNING | auto_fix_typos 'transaction_id': AMBIGUOUS MERGE — 'Txn_2628024' (n=1) vs 'Txn_6280724' (n=1). Frequencies are close; verify these are not distinct values before accepting the auto-fix.
2026-03-08 11:01:41,519 | WARNING | auto_fix_typos 'transaction_id': AMBIGUOUS MERGE — 'Txn_6792445' (n=1) vs 'Txn_3679245' (n=1). Frequencies are close; verify these are not distinct values before accepting the auto-fix.
2026-03-08 11:01:41,538 | WARNING | auto_fix_typos 'transaction_id': AMBIGUOUS MERGE — 'Txn_2543138' (n=1) vs 'Txn_2537138' (n=1). Frequencies are close; verify these are not distinct values before accepting the auto-fix.
2026-03-08 11:01:41,594 | WARNING | auto_fix_typos 'transaction_id': AMBIGUOUS MERGE — 'Txn_9201988' (n=1) vs 'Txn_8901988' (n=1). Frequencies are close; verify these are not distinct values before accepting the auto-fix.
2026-03-08 11:01:41,648 | WARNING | auto_fix_typos 'transaction_id': AMBIGUOUS MERGE — 'Txn_6568536' (n=1) vs 'Txn_6564856' (n=1). Frequencies are close; verify these are not distinct values before accepting the auto-fix.
2026-03-08 11:01:41,788 | WARNING | auto_fix_typos 'transaction_id': AMBIGUOUS MERGE — 'Txn_8668901' (n=1) vs 'Txn_8669012' (n=1). Frequencies are close; verify these are not distinct values before accepting the auto-fix.
2026-03-08 11:01:41,807 | WARNING | auto_fix_typos 'transaction_id': AMBIGUOUS MERGE — 'Txn_4903004' (n=1) vs 'Txn_4083004' (n=1). Frequencies are close; verify these are not distinct values before accepting the auto-fix.
2026-03-08 11:01:41,826 | WARNING | auto_fix_typos 'transaction_id': AMBIGUOUS MERGE — 'Txn_2195218' (n=1) vs 'Txn_2156218' (n=1). Frequencies are close; verify these are not distinct values before accepting the auto-fix.
2026-03-08 11:01:41,845 | WARNING | auto_fix_typos 'transaction_id': AMBIGUOUS MERGE — 'Txn_9678108' (n=1) vs 'Txn_9668108' (n=1). Frequencies are close; verify these are not distinct values before accepting the auto-fix.
2026-03-08 11:01:41,900 | WARNING | auto_fix_typos 'transaction_id': AMBIGUOUS MERGE — 'Txn_7362525' (n=1) vs 'Txn_7376255' (n=1). Frequencies are close; verify these are not distinct values before accepting the auto-fix.
2026-03-08 11:01:41,939 | WARNING | auto_fix_typos 'transaction_id': AMBIGUOUS MERGE — 'Txn_8753888' (n=1) vs 'Txn_8715388' (n=1). Frequencies are close; verify these are not distinct values before accepting the auto-fix.
2026-03-08 11:01:42,015 | WARNING | auto_fix_typos 'transaction_id': AMBIGUOUS MERGE — 'Txn_7957208' (n=1) vs 'Txn_4795208' (n=1). Frequencies are close; verify these are not distinct values before accepting the auto-fix.
2026-03-08 11:01:42,035 | WARNING | auto_fix_typos 'transaction_id': AMBIGUOUS MERGE — 'Txn_6851213' (n=1) vs 'Txn_8512136' (n=1). Frequencies are close; verify these are not distinct values before accepting the auto-fix.
2026-03-08 11:01:42,058 | WARNING | auto_fix_typos 'transaction_id': AMBIGUOUS MERGE — 'Txn_7127903' (n=1) vs 'Txn_7179013' (n=1). Frequencies are close; verify these are not distinct values before accepting the auto-fix.
2026-03-08 11:01:42,142 | WARNING | auto_fix_typos 'transaction_id': AMBIGUOUS MERGE — 'Txn_8429412' (n=1) vs 'Txn_8402941' (n=1). Frequencies are close; verify these are not distinct values before accepting the auto-fix.
2026-03-08 11:01:42,261 | WARNING | auto_fix_typos 'transaction_id': AMBIGUOUS MERGE — 'Txn_2255634' (n=1) vs 'Txn_2025634' (n=1). Frequencies are close; verify these are not distinct values before accepting the auto-fix.
2026-03-08 11:01:42,280 | WARNING | auto_fix_typos 'transaction_id': AMBIGUOUS MERGE — 'Txn_3312002' (n=1) vs 'Txn_3120023' (n=1). Frequencies are close; verify these are not distinct values before accepting the auto-fix.
2026-03-08 11:01:42,319 | WARNING | auto_fix_typos 'transaction_id': AMBIGUOUS MERGE — 'Txn_1227800' (n=1) vs 'Txn_1122700' (n=1). Frequencies are close; verify these are not distinct values before accepting the auto-fix.
2026-03-08 11:01:42,451 | WARNING | auto_fix_typos 'transaction_id': AMBIGUOUS MERGE — 'Txn_4894699' (n=1) vs 'Txn_4946991' (n=1). Frequencies are close; verify these are not distinct values before accepting the auto-fix.
2026-03-08 11:01:42,471 | WARNING | auto_fix_typos 'transaction_id': AMBIGUOUS MERGE — 'Txn_5427338' (n=1) vs 'Txn_5347338' (n=1). Frequencies are close; verify these are not distinct values before accepting the auto-fix.
2026-03-08 11:01:42,490 | WARNING | auto_fix_typos 'transaction_id': AMBIGUOUS MERGE — 'Txn_6315590' (n=1) vs 'Txn_6355908' (n=1). Frequencies are close; verify these are not distinct values before accepting the auto-fix.
2026-03-08 11:01:42,510 | WARNING | auto_fix_typos 'transaction_id': AMBIGUOUS MERGE — 'Txn_7825457' (n=1) vs 'Txn_7842557' (n=1). Frequencies are close; verify these are not distinct values before accepting the auto-fix.
2026-03-08 11:01:42,588 | WARNING | auto_fix_typos 'transaction_id': AMBIGUOUS MERGE — 'Txn_5062280' (n=1) vs 'Txn_5022805' (n=1). Frequencies are close; verify these are not distinct values before accepting the auto-fix.
2026-03-08 11:01:42,674 | WARNING | auto_fix_typos 'transaction_id': AMBIGUOUS MERGE — 'Txn_1579182' (n=1) vs 'Txn_1571824' (n=1). Frequencies are close; verify these are not distinct values before accepting the auto-fix.
2026-03-08 11:01:42,724 | WARNING | auto_fix_typos 'transaction_id': AMBIGUOUS MERGE — 'Txn_4836614' (n=1) vs 'Txn_4361614' (n=1). Frequencies are close; verify these are not distinct values before accepting the auto-fix.
2026-03-08 11:01:42,767 | WARNING | auto_fix_typos 'transaction_id': AMBIGUOUS MERGE — 'Txn_6503052' (n=1) vs 'Txn_6503526' (n=1). Frequencies are close; verify these are not distinct values before accepting the auto-fix.
2026-03-08 11:01:42,837 | WARNING | auto_fix_typos 'transaction_id': AMBIGUOUS MERGE — 'Txn_9370304' (n=1) vs 'Txn_5930304' (n=1). Frequencies are close; verify these are not distinct values before accepting the auto-fix.
2026-03-08 11:01:42,973 | WARNING | auto_fix_typos 'transaction_id': AMBIGUOUS MERGE — 'Txn_7825648' (n=1) vs 'Txn_7825638' (n=1). Frequencies are close; verify these are not distinct values before accepting the auto-fix.
2026-03-08 11:01:42,993 | WARNING | auto_fix_typos 'transaction_id': AMBIGUOUS MERGE — 'Txn_1853196' (n=1) vs 'Txn_1985396' (n=1). Frequencies are close; verify these are not distinct values before accepting the auto-fix.
2026-03-08 11:01:43,031 | WARNING | auto_fix_typos 'transaction_id': AMBIGUOUS MERGE — 'Txn_6902481' (n=1) vs 'Txn_9024781' (n=1). Frequencies are close; verify these are not distinct values before accepting the auto-fix.
2026-03-08 11:01:43,068 | WARNING | auto_fix_typos 'transaction_id': AMBIGUOUS MERGE — 'Txn_8861272' (n=1) vs 'Txn_8861275' (n=1). Frequencies are close; verify these are not distinct values before accepting the auto-fix.
2026-03-08 11:01:43,109 | WARNING | auto_fix_typos 'transaction_id': AMBIGUOUS MERGE — 'Txn_2229365' (n=1) vs 'Txn_2224935' (n=1). Frequencies are close; verify these are not distinct values before accepting the auto-fix.
2026-03-08 11:01:43,147 | WARNING | auto_fix_typos 'transaction_id': AMBIGUOUS MERGE — 'Txn_7416770' (n=1) vs 'Txn_7126770' (n=1). Frequencies are close; verify these are not distinct values before accepting the auto-fix.
2026-03-08 11:01:43,203 | WARNING | auto_fix_typos 'transaction_id': AMBIGUOUS MERGE — 'Txn_3520908' (n=1) vs 'Txn_3520982' (n=1). Frequencies are close; verify these are not distinct values before accepting the auto-fix.
2026-03-08 11:01:43,405 | WARNING | auto_fix_typos 'transaction_id': AMBIGUOUS MERGE — 'Txn_3360401' (n=1) vs 'Txn_3604017' (n=1). Frequencies are close; verify these are not distinct values before accepting the auto-fix.
2026-03-08 11:01:43,425 | WARNING | auto_fix_typos 'transaction_id': AMBIGUOUS MERGE — 'Txn_6036520' (n=1) vs 'Txn_6083650' (n=1). Frequencies are close; verify these are not distinct values before accepting the auto-fix.
2026-03-08 11:01:43,603 | WARNING | auto_fix_typos 'transaction_id': AMBIGUOUS MERGE — 'Txn_6551087' (n=1) vs 'Txn_6755107' (n=1). Frequencies are close; verify these are not distinct values before accepting the auto-fix.
2026-03-08 11:01:43,628 | WARNING | auto_fix_typos 'transaction_id': AMBIGUOUS MERGE — 'Txn_1643039' (n=1) vs 'Txn_1643029' (n=1). Frequencies are close; verify these are not distinct values before accepting the auto-fix.
2026-03-08 11:01:43,662 | WARNING | auto_fix_typos 'transaction_id': AMBIGUOUS MERGE — 'Txn_3683787' (n=1) vs 'Txn_6837879' (n=1). Frequencies are close; verify these are not distinct values before accepting the auto-fix.
2026-03-08 11:01:43,700 | WARNING | auto_fix_typos 'transaction_id': AMBIGUOUS MERGE — 'Txn_4155134' (n=1) vs 'Txn_4135134' (n=1). Frequencies are close; verify these are not distinct values before accepting the auto-fix.
2026-03-08 11:01:43,727 | WARNING | auto_fix_typos 'transaction_id': AMBIGUOUS MERGE — 'Txn_1795044' (n=1) vs 'Txn_1789504' (n=1). Frequencies are close; verify these are not distinct values before accepting the auto-fix.
2026-03-08 11:01:43,867 | WARNING | auto_fix_typos 'transaction_id': AMBIGUOUS MERGE — 'Txn_8997048' (n=1) vs 'Txn_8939048' (n=1). Frequencies are close; verify these are not distinct values before accepting the auto-fix.
2026-03-08 11:01:43,891 | WARNING | auto_fix_typos 'transaction_id': AMBIGUOUS MERGE — 'Txn_6009395' (n=1) vs 'Txn_6093955' (n=1). Frequencies are close; verify these are not distinct values before accepting the auto-fix.
2026-03-08 11:01:43,937 | WARNING | auto_fix_typos 'transaction_id': AMBIGUOUS MERGE — 'Txn_4084548' (n=1) vs 'Txn_4908458' (n=1). Frequencies are close; verify these are not distinct values before accepting the auto-fix.
2026-03-08 11:01:43,966 | WARNING | auto_fix_typos 'transaction_id': AMBIGUOUS MERGE — 'Txn_7125945' (n=1) vs 'Txn_7125395' (n=1). Frequencies are close; verify these are not distinct values before accepting the auto-fix.
2026-03-08 11:01:43,991 | WARNING | auto_fix_typos 'transaction_id': AMBIGUOUS MERGE — 'Txn_6746140' (n=1) vs 'Txn_6761402' (n=1). Frequencies are close; verify these are not distinct values before accepting the auto-fix.
2026-03-08 11:01:44,029 | WARNING | auto_fix_typos 'transaction_id': AMBIGUOUS MERGE — 'Txn_9474082' (n=1) vs 'Txn_4740892' (n=1). Frequencies are close; verify these are not distinct values before accepting the auto-fix.
2026-03-08 11:01:44,123 | WARNING | auto_fix_typos 'transaction_id': AMBIGUOUS MERGE — 'Txn_9991468' (n=1) vs 'Txn_9992148' (n=1). Frequencies are close; verify these are not distinct values before accepting the auto-fix.
2026-03-08 11:01:44,150 | WARNING | auto_fix_typos 'transaction_id': AMBIGUOUS MERGE — 'Txn_1339457' (n=1) vs 'Txn_1133945' (n=1). Frequencies are close; verify these are not distinct values before accepting the auto-fix.
2026-03-08 11:01:44,339 | WARNING | auto_fix_typos 'transaction_id': AMBIGUOUS MERGE — 'Txn_4015634' (n=1) vs 'Txn_4401563' (n=1). Frequencies are close; verify these are not distinct values before accepting the auto-fix.
2026-03-08 11:01:44,388 | WARNING | auto_fix_typos 'transaction_id': AMBIGUOUS MERGE — 'Txn_1270603' (n=1) vs 'Txn_2710603' (n=1). Frequencies are close; verify these are not distinct values before accepting the auto-fix.
2026-03-08 11:01:44,461 | WARNING | auto_fix_typos 'transaction_id': AMBIGUOUS MERGE — 'Txn_5836079' (n=1) vs 'Txn_8360779' (n=1). Frequencies are close; verify these are not distinct values before accepting the auto-fix.
2026-03-08 11:01:44,885 | WARNING | auto_fix_typos 'transaction_id': AMBIGUOUS MERGE — 'Txn_5206049' (n=1) vs 'Txn_3206049' (n=1). Frequencies are close; verify these are not distinct values before accepting the auto-fix.
2026-03-08 11:01:44,908 | WARNING | auto_fix_typos 'transaction_id': AMBIGUOUS MERGE — 'Txn_5448602' (n=1) vs 'Txn_5444860' (n=1). Frequencies are close; verify these are not distinct values before accepting the auto-fix.
2026-03-08 11:01:44,929 | WARNING | auto_fix_typos 'transaction_id': AMBIGUOUS MERGE — 'Txn_1346517' (n=1) vs 'Txn_1034651' (n=1). Frequencies are close; verify these are not distinct values before accepting the auto-fix.
2026-03-08 11:01:44,967 | WARNING | auto_fix_typos 'transaction_id': AMBIGUOUS MERGE — 'Txn_9663098' (n=1) vs 'Txn_9630958' (n=1). Frequencies are close; verify these are not distinct values before accepting the auto-fix.
2026-03-08 11:01:45,178 | WARNING | auto_fix_typos 'transaction_id': AMBIGUOUS MERGE — 'Txn_6132959' (n=1) vs 'Txn_6013295' (n=1). Frequencies are close; verify these are not distinct values before accepting the auto-fix.
2026-03-08 11:01:45,231 | WARNING | auto_fix_typos 'transaction_id': AMBIGUOUS MERGE — 'Txn_8938663' (n=1) vs 'Txn_8936663' (n=1). Frequencies are close; verify these are not distinct values before accepting the auto-fix.
2026-03-08 11:01:45,267 | WARNING | auto_fix_typos 'transaction_id': AMBIGUOUS MERGE — 'Txn_9565465' (n=1) vs 'Txn_9565246' (n=1). Frequencies are close; verify these are not distinct values before accepting the auto-fix.
2026-03-08 11:01:45,318 | WARNING | auto_fix_typos 'transaction_id': AMBIGUOUS MERGE — 'Txn_4784128' (n=1) vs 'Txn_7804128' (n=1). Frequencies are close; verify these are not distinct values before accepting the auto-fix.
2026-03-08 11:01:45,416 | WARNING | auto_fix_typos 'transaction_id': AMBIGUOUS MERGE — 'Txn_8191921' (n=1) vs 'Txn_8196921' (n=1). Frequencies are close; verify these are not distinct values before accepting the auto-fix.
2026-03-08 11:01:45,584 | WARNING | auto_fix_typos 'transaction_id': AMBIGUOUS MERGE — 'Txn_7125392' (n=1) vs 'Txn_7125395' (n=1). Frequencies are close; verify these are not distinct values before accepting the auto-fix.
2026-03-08 11:01:45,743 | WARNING | auto_fix_typos 'transaction_id': AMBIGUOUS MERGE — 'Txn_4349597' (n=1) vs 'Txn_4349970' (n=1). Frequencies are close; verify these are not distinct values before accepting the auto-fix.
2026-03-08 11:01:45,829 | WARNING | auto_fix_typos 'transaction_id': AMBIGUOUS MERGE — 'Txn_6277500' (n=1) vs 'Txn_6027500' (n=1). Frequencies are close; verify these are not distinct values before accepting the auto-fix.
2026-03-08 11:01:45,974 | WARNING | auto_fix_typos 'transaction_id': AMBIGUOUS MERGE — 'Txn_6169248' (n=1) vs 'Txn_1569248' (n=1). Frequencies are close; verify these are not distinct values before accepting the auto-fix.
2026-03-08 11:01:45,997 | WARNING | auto_fix_typos 'transaction_id': AMBIGUOUS MERGE — 'Txn_1581997' (n=1) vs 'Txn_1158197' (n=1). Frequencies are close; verify these are not distinct values before accepting the auto-fix.
2026-03-08 11:01:46,059 | WARNING | auto_fix_typos 'transaction_id': AMBIGUOUS MERGE — 'Txn_8277553' (n=1) vs 'Txn_8277583' (n=1). Frequencies are close; verify these are not distinct values before accepting the auto-fix.
2026-03-08 11:01:46,103 | WARNING | auto_fix_typos 'transaction_id': AMBIGUOUS MERGE — 'Txn_4030197' (n=1) vs 'Txn_4030519' (n=1). Frequencies are close; verify these are not distinct values before accepting the auto-fix.
2026-03-08 11:01:46,174 | WARNING | auto_fix_typos 'transaction_id': AMBIGUOUS MERGE — 'Txn_8784653' (n=1) vs 'Txn_7846513' (n=1). Frequencies are close; verify these are not distinct values before accepting the auto-fix.
2026-03-08 11:01:46,554 | WARNING | auto_fix_typos 'transaction_id': AMBIGUOUS MERGE — 'Txn_1351151' (n=1) vs 'Txn_1311519' (n=1). Frequencies are close; verify these are not distinct values before accepting the auto-fix.
2026-03-08 11:01:46,693 | WARNING | auto_fix_typos 'transaction_id': AMBIGUOUS MERGE — 'Txn_4215488' (n=1) vs 'Txn_4219548' (n=1). Frequencies are close; verify these are not distinct values before accepting the auto-fix.
2026-03-08 11:01:46,726 | WARNING | auto_fix_typos 'transaction_id': AMBIGUOUS MERGE — 'Txn_5167425' (n=1) vs 'Txn_5167925' (n=1). Frequencies are close; verify these are not distinct values before accepting the auto-fix.
2026-03-08 11:01:46,806 | WARNING | auto_fix_typos 'transaction_id': AMBIGUOUS MERGE — 'Txn_8285304' (n=1) vs 'Txn_8253046' (n=1). Frequencies are close; verify these are not distinct values before accepting the auto-fix.
2026-03-08 11:01:46,970 | WARNING | auto_fix_typos 'transaction_id': AMBIGUOUS MERGE — 'Txn_6778177' (n=1) vs 'Txn_7677817' (n=1). Frequencies are close; verify these are not distinct values before accepting the auto-fix.
2026-03-08 11:01:46,992 | WARNING | auto_fix_typos 'transaction_id': AMBIGUOUS MERGE — 'Txn_2634410' (n=1) vs 'Txn_2613440' (n=1). Frequencies are close; verify these are not distinct values before accepting the auto-fix.
2026-03-08 11:01:47,014 | WARNING | auto_fix_typos 'transaction_id': AMBIGUOUS MERGE — 'Txn_6975750' (n=1) vs 'Txn_6757560' (n=1). Frequencies are close; verify these are not distinct values before accepting the auto-fix.
2026-03-08 11:01:47,151 | WARNING | auto_fix_typos 'transaction_id': AMBIGUOUS MERGE — 'Txn_2828596' (n=1) vs 'Txn_2862856' (n=1). Frequencies are close; verify these are not distinct values before accepting the auto-fix.
2026-03-08 11:01:47,204 | WARNING | auto_fix_typos 'transaction_id': AMBIGUOUS MERGE — 'Txn_9813943' (n=1) vs 'Txn_9813938' (n=1). Frequencies are close; verify these are not distinct values before accepting the auto-fix.
2026-03-08 11:01:47,323 | WARNING | auto_fix_typos 'transaction_id': AMBIGUOUS MERGE — 'Txn_1655827' (n=1) vs 'Txn_1585827' (n=1). Frequencies are close; verify these are not distinct values before accepting the auto-fix.
2026-03-08 11:01:47,383 | WARNING | auto_fix_typos 'transaction_id': AMBIGUOUS MERGE — 'Txn_2764962' (n=1) vs 'Txn_2764625' (n=1). Frequencies are close; verify these are not distinct values before accepting the auto-fix.
2026-03-08 11:01:47,402 | WARNING | auto_fix_typos 'transaction_id': AMBIGUOUS MERGE — 'Txn_5396727' (n=1) vs 'Txn_5309677' (n=1). Frequencies are close; verify these are not distinct values before accepting the auto-fix.
2026-03-08 11:01:47,441 | WARNING | auto_fix_typos 'transaction_id': AMBIGUOUS MERGE — 'Txn_8023817' (n=1) vs 'Txn_8082317' (n=1). Frequencies are close; verify these are not distinct values before accepting the auto-fix.
2026-03-08 11:01:47,462 | WARNING | auto_fix_typos 'transaction_id': AMBIGUOUS MERGE — 'Txn_3413185' (n=1) vs 'Txn_3413156' (n=1). Frequencies are close; verify these are not distinct values before accepting the auto-fix.
2026-03-08 11:01:47,497 | WARNING | auto_fix_typos 'transaction_id': AMBIGUOUS MERGE — 'Txn_9783452' (n=1) vs 'Txn_7978452' (n=1). Frequencies are close; verify these are not distinct values before accepting the auto-fix.
2026-03-08 11:01:47,579 | WARNING | auto_fix_typos 'transaction_id': AMBIGUOUS MERGE — 'Txn_1491299' (n=1) vs 'Txn_1749299' (n=1). Frequencies are close; verify these are not distinct values before accepting the auto-fix.
2026-03-08 11:01:47,655 | WARNING | auto_fix_typos 'transaction_id': AMBIGUOUS MERGE — 'Txn_2568101' (n=1) vs 'Txn_2561071' (n=1). Frequencies are close; verify these are not distinct values before accepting the auto-fix.
2026-03-08 11:01:47,680 | WARNING | auto_fix_typos 'transaction_id': AMBIGUOUS MERGE — 'Txn_3247340' (n=1) vs 'Txn_3243410' (n=1). Frequencies are close; verify these are not distinct values before accepting the auto-fix.
2026-03-08 11:01:47,701 | WARNING | auto_fix_typos 'transaction_id': AMBIGUOUS MERGE — 'Txn_7797321' (n=1) vs 'Txn_7796731' (n=1). Frequencies are close; verify these are not distinct values before accepting the auto-fix.
2026-03-08 11:01:47,858 | WARNING | auto_fix_typos 'transaction_id': AMBIGUOUS MERGE — 'Txn_8777692' (n=1) vs 'Txn_8774692' (n=1). Frequencies are close; verify these are not distinct values before accepting the auto-fix.
2026-03-08 11:01:47,958 | WARNING | auto_fix_typos 'transaction_id': AMBIGUOUS MERGE — 'Txn_9104535' (n=1) vs 'Txn_4914535' (n=1). Frequencies are close; verify these are not distinct values before accepting the auto-fix.
2026-03-08 11:01:48,260 | WARNING | auto_fix_typos 'transaction_id': AMBIGUOUS MERGE — 'Txn_6755757' (n=1) vs 'Txn_6755795' (n=1). Frequencies are close; verify these are not distinct values before accepting the auto-fix.
2026-03-08 11:01:48,315 | WARNING | auto_fix_typos 'transaction_id': AMBIGUOUS MERGE — 'Txn_3596456' (n=1) vs 'Txn_3597656' (n=1). Frequencies are close; verify these are not distinct values before accepting the auto-fix.
2026-03-08 11:01:48,408 | WARNING | auto_fix_typos 'transaction_id': AMBIGUOUS MERGE — 'Txn_9617421' (n=1) vs 'Txn_6117421' (n=1). Frequencies are close; verify these are not distinct values before accepting the auto-fix.
2026-03-08 11:01:48,468 | WARNING | auto_fix_typos 'transaction_id': AMBIGUOUS MERGE — 'Txn_4128086' (n=1) vs 'Txn_6128086' (n=1). Frequencies are close; verify these are not distinct values before accepting the auto-fix.
2026-03-08 11:01:48,568 | WARNING | auto_fix_typos 'transaction_id': AMBIGUOUS MERGE — 'Txn_9489176' (n=1) vs 'Txn_9891576' (n=1). Frequencies are close; verify these are not distinct values before accepting the auto-fix.
2026-03-08 11:01:48,754 | WARNING | auto_fix_typos 'transaction_id': AMBIGUOUS MERGE — 'Txn_4650044' (n=1) vs 'Txn_4650447' (n=1). Frequencies are close; verify these are not distinct values before accepting the auto-fix.
2026-03-08 11:01:48,777 | WARNING | auto_fix_typos 'transaction_id': AMBIGUOUS MERGE — 'Txn_5721215' (n=1) vs 'Txn_5722175' (n=1). Frequencies are close; verify these are not distinct values before accepting the auto-fix.
2026-03-08 11:01:48,814 | WARNING | auto_fix_typos 'transaction_id': AMBIGUOUS MERGE — 'Txn_3377885' (n=1) vs 'Txn_3937788' (n=1). Frequencies are close; verify these are not distinct values before accepting the auto-fix.
2026-03-08 11:01:48,886 | WARNING | auto_fix_typos 'transaction_id': AMBIGUOUS MERGE — 'Txn_8097899' (n=1) vs 'Txn_4807899' (n=1). Frequencies are close; verify these are not distinct values before accepting the auto-fix.
2026-03-08 11:01:48,906 | WARNING | auto_fix_typos 'transaction_id': AMBIGUOUS MERGE — 'Txn_6131415' (n=1) vs 'Txn_6131195' (n=1). Frequencies are close; verify these are not distinct values before accepting the auto-fix.
2026-03-08 11:01:49,025 | WARNING | auto_fix_typos 'transaction_id': AMBIGUOUS MERGE — 'Txn_6064282' (n=1) vs 'Txn_6064232' (n=1). Frequencies are close; verify these are not distinct values before accepting the auto-fix.
2026-03-08 11:01:49,051 | WARNING | auto_fix_typos 'transaction_id': AMBIGUOUS MERGE — 'Txn_9309509' (n=1) vs 'Txn_7909509' (n=1). Frequencies are close; verify these are not distinct values before accepting the auto-fix.
2026-03-08 11:01:49,088 | WARNING | auto_fix_typos 'transaction_id': AMBIGUOUS MERGE — 'Txn_5413274' (n=1) vs 'Txn_5132747' (n=1). Frequencies are close; verify these are not distinct values before accepting the auto-fix.
2026-03-08 11:01:49,160 | WARNING | auto_fix_typos 'transaction_id': AMBIGUOUS MERGE — 'Txn_2461859' (n=1) vs 'Txn_2468359' (n=1). Frequencies are close; verify these are not distinct values before accepting the auto-fix.
2026-03-08 11:01:49,223 | WARNING | auto_fix_typos 'transaction_id': AMBIGUOUS MERGE — 'Txn_2806206' (n=1) vs 'Txn_2680626' (n=1). Frequencies are close; verify these are not distinct values before accepting the auto-fix.
2026-03-08 11:01:49,288 | WARNING | auto_fix_typos 'transaction_id': AMBIGUOUS MERGE — 'Txn_2982163' (n=1) vs 'Txn_2958213' (n=1). Frequencies are close; verify these are not distinct values before accepting the auto-fix.
2026-03-08 11:01:49,383 | WARNING | auto_fix_typos 'transaction_id': AMBIGUOUS MERGE — 'Txn_7516790' (n=1) vs 'Txn_7167980' (n=1). Frequencies are close; verify these are not distinct values before accepting the auto-fix.
2026-03-08 11:01:49,421 | WARNING | auto_fix_typos 'transaction_id': AMBIGUOUS MERGE — 'Txn_2345373' (n=1) vs 'Txn_2345332' (n=1). Frequencies are close; verify these are not distinct values before accepting the auto-fix.
2026-03-08 11:01:49,535 | WARNING | auto_fix_typos 'transaction_id': AMBIGUOUS MERGE — 'Txn_1461246' (n=1) vs 'Txn_4612146' (n=1). Frequencies are close; verify these are not distinct values before accepting the auto-fix.
2026-03-08 11:01:49,597 | WARNING | auto_fix_typos 'transaction_id': AMBIGUOUS MERGE — 'Txn_5319247' (n=1) vs 'Txn_5331924' (n=1). Frequencies are close; verify these are not distinct values before accepting the auto-fix.
2026-03-08 11:01:49,621 | WARNING | auto_fix_typos 'transaction_id': AMBIGUOUS MERGE — 'Txn_3599473' (n=1) vs 'Txn_5994713' (n=1). Frequencies are close; verify these are not distinct values before accepting the auto-fix.
2026-03-08 11:01:49,687 | WARNING | auto_fix_typos 'transaction_id': AMBIGUOUS MERGE — 'Txn_5591145' (n=1) vs 'Txn_5591155' (n=1). Frequencies are close; verify these are not distinct values before accepting the auto-fix.
2026-03-08 11:01:49,776 | WARNING | auto_fix_typos 'transaction_id': AMBIGUOUS MERGE — 'Txn_6845472' (n=1) vs 'Txn_6484542' (n=1). Frequencies are close; verify these are not distinct values before accepting the auto-fix.
2026-03-08 11:01:49,816 | WARNING | auto_fix_typos 'transaction_id': AMBIGUOUS MERGE — 'Txn_6915899' (n=1) vs 'Txn_9115899' (n=1). Frequencies are close; verify these are not distinct values before accepting the auto-fix.
2026-03-08 11:01:49,858 | WARNING | auto_fix_typos 'transaction_id': AMBIGUOUS MERGE — 'Txn_3200203' (n=1) vs 'Txn_3120023' (n=1). Frequencies are close; verify these are not distinct values before accepting the auto-fix.
2026-03-08 11:01:49,937 | WARNING | auto_fix_typos 'transaction_id': AMBIGUOUS MERGE — 'Txn_6786340' (n=1) vs 'Txn_6786730' (n=1). Frequencies are close; verify these are not distinct values before accepting the auto-fix.
2026-03-08 11:01:50,017 | WARNING | auto_fix_typos 'transaction_id': AMBIGUOUS MERGE — 'Txn_1249069' (n=1) vs 'Txn_2490699' (n=1). Frequencies are close; verify these are not distinct values before accepting the auto-fix.
2026-03-08 11:01:50,130 | WARNING | auto_fix_typos 'transaction_id': AMBIGUOUS MERGE — 'Txn_2252121' (n=1) vs 'Txn_2252218' (n=1). Frequencies are close; verify these are not distinct values before accepting the auto-fix.
2026-03-08 11:01:50,221 | WARNING | auto_fix_typos 'transaction_id': AMBIGUOUS MERGE — 'Txn_1730850' (n=1) vs 'Txn_1730385' (n=1). Frequencies are close; verify these are not distinct values before accepting the auto-fix.
2026-03-08 11:01:50,281 | WARNING | auto_fix_typos 'transaction_id': AMBIGUOUS MERGE — 'Txn_7145672' (n=1) vs 'Txn_7145872' (n=1). Frequencies are close; verify these are not distinct values before accepting the auto-fix.
2026-03-08 11:01:50,356 | WARNING | auto_fix_typos 'transaction_id': AMBIGUOUS MERGE — 'Txn_9690114' (n=1) vs 'Txn_9690711' (n=1). Frequencies are close; verify these are not distinct values before accepting the auto-fix.
2026-03-08 11:01:50,376 | WARNING | auto_fix_typos 'transaction_id': AMBIGUOUS MERGE — 'Txn_7944534' (n=1) vs 'Txn_7894534' (n=1). Frequencies are close; verify these are not distinct values before accepting the auto-fix.
2026-03-08 11:01:50,431 | WARNING | auto_fix_typos 'transaction_id': AMBIGUOUS MERGE — 'Txn_1512184' (n=1) vs 'Txn_1512118' (n=1). Frequencies are close; verify these are not distinct values before accepting the auto-fix.
2026-03-08 11:01:50,639 | WARNING | auto_fix_typos 'transaction_id': AMBIGUOUS MERGE — 'Txn_9710307' (n=1) vs 'Txn_9710430' (n=1). Frequencies are close; verify these are not distinct values before accepting the auto-fix.
2026-03-08 11:01:50,718 | WARNING | auto_fix_typos 'transaction_id': AMBIGUOUS MERGE — 'Txn_7640700' (n=1) vs 'Txn_7644000' (n=1). Frequencies are close; verify these are not distinct values before accepting the auto-fix.
2026-03-08 11:01:50,811 | WARNING | auto_fix_typos 'transaction_id': AMBIGUOUS MERGE — 'Txn_5255023' (n=1) vs 'Txn_5255092' (n=1). Frequencies are close; verify these are not distinct values before accepting the auto-fix.
2026-03-08 11:01:50,872 | WARNING | auto_fix_typos 'transaction_id': AMBIGUOUS MERGE — 'Txn_8379880' (n=1) vs 'Txn_8398809' (n=1). Frequencies are close; verify these are not distinct values before accepting the auto-fix.
2026-03-08 11:01:50,894 | WARNING | auto_fix_typos 'transaction_id': AMBIGUOUS MERGE — 'Txn_4801832' (n=1) vs 'Txn_4801327' (n=1). Frequencies are close; verify these are not distinct values before accepting the auto-fix.
2026-03-08 11:01:50,953 | WARNING | auto_fix_typos 'transaction_id': AMBIGUOUS MERGE — 'Txn_7524977' (n=1) vs 'Txn_7524971' (n=1). Frequencies are close; verify these are not distinct values before accepting the auto-fix.
2026-03-08 11:01:51,126 | WARNING | auto_fix_typos 'transaction_id': AMBIGUOUS MERGE — 'Txn_2282283' (n=1) vs 'Txn_2222893' (n=1). Frequencies are close; verify these are not distinct values before accepting the auto-fix.
2026-03-08 11:01:51,147 | WARNING | auto_fix_typos 'transaction_id': AMBIGUOUS MERGE — 'Txn_3193321' (n=1) vs 'Txn_3193212' (n=1). Frequencies are close; verify these are not distinct values before accepting the auto-fix.
2026-03-08 11:01:51,167 | WARNING | auto_fix_typos 'transaction_id': AMBIGUOUS MERGE — 'Txn_7211769' (n=1) vs 'Txn_7211792' (n=1). Frequencies are close; verify these are not distinct values before accepting the auto-fix.
2026-03-08 11:01:51,186 | WARNING | auto_fix_typos 'transaction_id': AMBIGUOUS MERGE — 'Txn_6643951' (n=1) vs 'Txn_6403951' (n=1). Frequencies are close; verify these are not distinct values before accepting the auto-fix.
2026-03-08 11:01:51,259 | WARNING | auto_fix_typos 'transaction_id': AMBIGUOUS MERGE — 'Txn_6725579' (n=1) vs 'Txn_6755795' (n=1). Frequencies are close; verify these are not distinct values before accepting the auto-fix.
2026-03-08 11:01:51,375 | WARNING | auto_fix_typos 'transaction_id': AMBIGUOUS MERGE — 'Txn_2916247' (n=1) vs 'Txn_2910247' (n=1). Frequencies are close; verify these are not distinct values before accepting the auto-fix.
2026-03-08 11:01:51,394 | WARNING | auto_fix_typos 'transaction_id': AMBIGUOUS MERGE — 'Txn_9798525' (n=1) vs 'Txn_9786525' (n=1). Frequencies are close; verify these are not distinct values before accepting the auto-fix.
2026-03-08 11:01:51,413 | WARNING | auto_fix_typos 'transaction_id': AMBIGUOUS MERGE — 'Txn_4974012' (n=1) vs 'Txn_4970127' (n=1). Frequencies are close; verify these are not distinct values before accepting the auto-fix.
2026-03-08 11:01:51,455 | WARNING | auto_fix_typos 'transaction_id': AMBIGUOUS MERGE — 'Txn_5622313' (n=1) vs 'Txn_6228313' (n=1). Frequencies are close; verify these are not distinct values before accepting the auto-fix.
2026-03-08 11:01:51,608 | WARNING | auto_fix_typos 'transaction_id': AMBIGUOUS MERGE — 'Txn_5484423' (n=1) vs 'Txn_5483442' (n=1). Frequencies are close; verify these are not distinct values before accepting the auto-fix.
2026-03-08 11:01:51,628 | WARNING | auto_fix_typos 'transaction_id': AMBIGUOUS MERGE — 'Txn_4598397' (n=1) vs 'Txn_4583957' (n=1). Frequencies are close; verify these are not distinct values before accepting the auto-fix.
2026-03-08 11:01:51,670 | WARNING | auto_fix_typos 'transaction_id': AMBIGUOUS MERGE — 'Txn_9186913' (n=1) vs 'Txn_9518691' (n=1). Frequencies are close; verify these are not distinct values before accepting the auto-fix.
2026-03-08 11:01:51,692 | WARNING | auto_fix_typos 'transaction_id': AMBIGUOUS MERGE — 'Txn_9507002' (n=1) vs 'Txn_9027002' (n=1). Frequencies are close; verify these are not distinct values before accepting the auto-fix.
2026-03-08 11:01:51,784 | WARNING | auto_fix_typos 'transaction_id': AMBIGUOUS MERGE — 'Txn_9901424' (n=1) vs 'Txn_9904214' (n=1). Frequencies are close; verify these are not distinct values before accepting the auto-fix.
2026-03-08 11:01:51,859 | WARNING | auto_fix_typos 'transaction_id': AMBIGUOUS MERGE — 'Txn_8611913' (n=1) vs 'Txn_8611918' (n=1). Frequencies are close; verify these are not distinct values before accepting the auto-fix.
2026-03-08 11:01:51,919 | WARNING | auto_fix_typos 'transaction_id': AMBIGUOUS MERGE — 'Txn_5908857' (n=1) vs 'Txn_5901887' (n=1). Frequencies are close; verify these are not distinct values before accepting the auto-fix.
2026-03-08 11:01:51,958 | WARNING | auto_fix_typos 'transaction_id': AMBIGUOUS MERGE — 'Txn_6841805' (n=1) vs 'Txn_8419805' (n=1). Frequencies are close; verify these are not distinct values before accepting the auto-fix.
2026-03-08 11:01:51,996 | WARNING | auto_fix_typos 'transaction_id': AMBIGUOUS MERGE — 'Txn_9947479' (n=1) vs 'Txn_9914747' (n=1). Frequencies are close; verify these are not distinct values before accepting the auto-fix.
2026-03-08 11:01:52,033 | WARNING | auto_fix_typos 'transaction_id': AMBIGUOUS MERGE — 'Txn_6828371' (n=1) vs 'Txn_6283718' (n=1). Frequencies are close; verify these are not distinct values before accepting the auto-fix.
2026-03-08 11:01:52,185 | WARNING | auto_fix_typos 'transaction_id': AMBIGUOUS MERGE — 'Txn_4690415' (n=1) vs 'Txn_4695415' (n=1). Frequencies are close; verify these are not distinct values before accepting the auto-fix.
2026-03-08 11:01:52,204 | WARNING | auto_fix_typos 'transaction_id': AMBIGUOUS MERGE — 'Txn_7946450' (n=1) vs 'Txn_7964520' (n=1). Frequencies are close; verify these are not distinct values before accepting the auto-fix.
2026-03-08 11:01:52,298 | WARNING | auto_fix_typos 'transaction_id': AMBIGUOUS MERGE — 'Txn_7852397' (n=1) vs 'Txn_7785297' (n=1). Frequencies are close; verify these are not distinct values before accepting the auto-fix.
2026-03-08 11:01:52,356 | WARNING | auto_fix_typos 'transaction_id': AMBIGUOUS MERGE — 'Txn_2982995' (n=1) vs 'Txn_2829951' (n=1). Frequencies are close; verify these are not distinct values before accepting the auto-fix.
2026-03-08 11:01:52,392 | WARNING | auto_fix_typos 'transaction_id': AMBIGUOUS MERGE — 'Txn_6490609' (n=1) vs 'Txn_6496099' (n=1). Frequencies are close; verify these are not distinct values before accepting the auto-fix.
2026-03-08 11:01:52,410 | WARNING | auto_fix_typos 'transaction_id': AMBIGUOUS MERGE — 'Txn_9938260' (n=1) vs 'Txn_9923860' (n=1). Frequencies are close; verify these are not distinct values before accepting the auto-fix.
2026-03-08 11:01:52,430 | WARNING | auto_fix_typos 'transaction_id': AMBIGUOUS MERGE — 'Txn_5486398' (n=1) vs 'Txn_4548698' (n=1). Frequencies are close; verify these are not distinct values before accepting the auto-fix.
2026-03-08 11:01:52,560 | WARNING | auto_fix_typos 'transaction_id': AMBIGUOUS MERGE — 'Txn_9500986' (n=1) vs 'Txn_5004986' (n=1). Frequencies are close; verify these are not distinct values before accepting the auto-fix.
2026-03-08 11:01:52,635 | WARNING | auto_fix_typos 'transaction_id': AMBIGUOUS MERGE — 'Txn_5985451' (n=1) vs 'Txn_5985513' (n=1). Frequencies are close; verify these are not distinct values before accepting the auto-fix.
2026-03-08 11:01:52,676 | WARNING | auto_fix_typos 'transaction_id': AMBIGUOUS MERGE — 'Txn_1218016' (n=1) vs 'Txn_1221801' (n=1). Frequencies are close; verify these are not distinct values before accepting the auto-fix.
2026-03-08 11:01:52,787 | WARNING | auto_fix_typos 'transaction_id': AMBIGUOUS MERGE — 'Txn_5609260' (n=1) vs 'Txn_5602640' (n=1). Frequencies are close; verify these are not distinct values before accepting the auto-fix.
2026-03-08 11:01:52,940 | WARNING | auto_fix_typos 'transaction_id': AMBIGUOUS MERGE — 'Txn_3743336' (n=1) vs 'Txn_3174336' (n=1). Frequencies are close; verify these are not distinct values before accepting the auto-fix.
2026-03-08 11:01:52,961 | WARNING | auto_fix_typos 'transaction_id': AMBIGUOUS MERGE — 'Txn_6851654' (n=1) vs 'Txn_6895165' (n=1). Frequencies are close; verify these are not distinct values before accepting the auto-fix.
2026-03-08 11:01:53,019 | WARNING | auto_fix_typos 'transaction_id': AMBIGUOUS MERGE — 'Txn_7345190' (n=1) vs 'Txn_7359190' (n=1). Frequencies are close; verify these are not distinct values before accepting the auto-fix.
2026-03-08 11:01:53,206 | WARNING | auto_fix_typos 'transaction_id': AMBIGUOUS MERGE — 'Txn_3558795' (n=1) vs 'Txn_3587915' (n=1). Frequencies are close; verify these are not distinct values before accepting the auto-fix.
2026-03-08 11:01:53,242 | WARNING | auto_fix_typos 'transaction_id': AMBIGUOUS MERGE — 'Txn_2035772' (n=1) vs 'Txn_2037742' (n=1). Frequencies are close; verify these are not distinct values before accepting the auto-fix.
2026-03-08 11:01:53,260 | WARNING | auto_fix_typos 'transaction_id': AMBIGUOUS MERGE — 'Txn_2711627' (n=1) vs 'Txn_7116267' (n=1). Frequencies are close; verify these are not distinct values before accepting the auto-fix.
2026-03-08 11:01:53,285 | WARNING | auto_fix_typos 'transaction_id': AMBIGUOUS MERGE — 'Txn_2804828' (n=1) vs 'Txn_2480488' (n=1). Frequencies are close; verify these are not distinct values before accepting the auto-fix.
2026-03-08 11:01:53,361 | WARNING | auto_fix_typos 'transaction_id': AMBIGUOUS MERGE — 'Txn_6476304' (n=1) vs 'Txn_6476204' (n=1). Frequencies are close; verify these are not distinct values before accepting the auto-fix.
2026-03-08 11:01:53,382 | WARNING | auto_fix_typos 'transaction_id': AMBIGUOUS MERGE — 'Txn_5947976' (n=1) vs 'Txn_5974796' (n=1). Frequencies are close; verify these are not distinct values before accepting the auto-fix.
2026-03-08 11:01:53,420 | WARNING | auto_fix_typos 'transaction_id': AMBIGUOUS MERGE — 'Txn_4571222' (n=1) vs 'Txn_5071222' (n=1). Frequencies are close; verify these are not distinct values before accepting the auto-fix.
2026-03-08 11:01:53,522 | WARNING | auto_fix_typos 'transaction_id': AMBIGUOUS MERGE — 'Txn_5741619' (n=1) vs 'Txn_5743619' (n=1). Frequencies are close; verify these are not distinct values before accepting the auto-fix.
2026-03-08 11:01:53,541 | WARNING | auto_fix_typos 'transaction_id': AMBIGUOUS MERGE — 'Txn_4452589' (n=1) vs 'Txn_4465589' (n=1). Frequencies are close; verify these are not distinct values before accepting the auto-fix.
2026-03-08 11:01:53,560 | WARNING | auto_fix_typos 'transaction_id': AMBIGUOUS MERGE — 'Txn_6540284' (n=1) vs 'Txn_6541284' (n=1). Frequencies are close; verify these are not distinct values before accepting the auto-fix.
2026-03-08 11:01:53,599 | WARNING | auto_fix_typos 'transaction_id': AMBIGUOUS MERGE — 'Txn_2935871' (n=1) vs 'Txn_2935761' (n=1). Frequencies are close; verify these are not distinct values before accepting the auto-fix.
2026-03-08 11:01:53,637 | WARNING | auto_fix_typos 'transaction_id': AMBIGUOUS MERGE — 'Txn_8372268' (n=1) vs 'Txn_6872268' (n=1). Frequencies are close; verify these are not distinct values before accepting the auto-fix.
2026-03-08 11:01:53,698 | WARNING | auto_fix_typos 'transaction_id': AMBIGUOUS MERGE — 'Txn_4630854' (n=1) vs 'Txn_4350854' (n=1). Frequencies are close; verify these are not distinct values before accepting the auto-fix.
2026-03-08 11:01:53,721 | WARNING | auto_fix_typos 'transaction_id': AMBIGUOUS MERGE — 'Txn_6183842' (n=1) vs 'Txn_1983842' (n=1). Frequencies are close; verify these are not distinct values before accepting the auto-fix.
2026-03-08 11:01:53,757 | WARNING | auto_fix_typos 'transaction_id': AMBIGUOUS MERGE — 'Txn_8284910' (n=1) vs 'Txn_8285410' (n=1). Frequencies are close; verify these are not distinct values before accepting the auto-fix.
2026-03-08 11:01:53,794 | WARNING | auto_fix_typos 'transaction_id': AMBIGUOUS MERGE — 'Txn_2123573' (n=1) vs 'Txn_2273573' (n=1). Frequencies are close; verify these are not distinct values before accepting the auto-fix.
2026-03-08 11:01:53,831 | WARNING | auto_fix_typos 'transaction_id': AMBIGUOUS MERGE — 'Txn_9107676' (n=1) vs 'Txn_9103776' (n=1). Frequencies are close; verify these are not distinct values before accepting the auto-fix.
2026-03-08 11:01:53,851 | WARNING | auto_fix_typos 'transaction_id': AMBIGUOUS MERGE — 'Txn_6295420' (n=1) vs 'Txn_6269540' (n=1). Frequencies are close; verify these are not distinct values before accepting the auto-fix.
2026-03-08 11:01:53,910 | WARNING | auto_fix_typos 'transaction_id': AMBIGUOUS MERGE — 'Txn_6579109' (n=1) vs 'Txn_6574910' (n=1). Frequencies are close; verify these are not distinct values before accepting the auto-fix.
2026-03-08 11:01:53,974 | WARNING | auto_fix_typos 'transaction_id': AMBIGUOUS MERGE — 'Txn_6928775' (n=1) vs 'Txn_6987705' (n=1). Frequencies are close; verify these are not distinct values before accepting the auto-fix.
2026-03-08 11:01:54,016 | WARNING | auto_fix_typos 'transaction_id': AMBIGUOUS MERGE — 'Txn_5632156' (n=1) vs 'Txn_5632564' (n=1). Frequencies are close; verify these are not distinct values before accepting the auto-fix.
2026-03-08 11:01:54,109 | WARNING | auto_fix_typos 'transaction_id': AMBIGUOUS MERGE — 'Txn_9737090' (n=1) vs 'Txn_9737509' (n=1). Frequencies are close; verify these are not distinct values before accepting the auto-fix.
2026-03-08 11:01:54,353 | WARNING | auto_fix_typos 'transaction_id': AMBIGUOUS MERGE — 'Txn_4084052' (n=1) vs 'Txn_4840522' (n=1). Frequencies are close; verify these are not distinct values before accepting the auto-fix.
2026-03-08 11:01:54,442 | WARNING | auto_fix_typos 'transaction_id': AMBIGUOUS MERGE — 'Txn_6621756' (n=1) vs 'Txn_6621596' (n=1). Frequencies are close; verify these are not distinct values before accepting the auto-fix.
2026-03-08 11:01:54,557 | WARNING | auto_fix_typos 'transaction_id': AMBIGUOUS MERGE — 'Txn_4243591' (n=1) vs 'Txn_4624591' (n=1). Frequencies are close; verify these are not distinct values before accepting the auto-fix.
2026-03-08 11:01:54,594 | WARNING | auto_fix_typos 'transaction_id': AMBIGUOUS MERGE — 'Txn_1724233' (n=1) vs 'Txn_7242133' (n=1). Frequencies are close; verify these are not distinct values before accepting the auto-fix.
2026-03-08 11:01:54,651 | WARNING | auto_fix_typos 'transaction_id': AMBIGUOUS MERGE — 'Txn_8936591' (n=1) vs 'Txn_8293691' (n=1). Frequencies are close; verify these are not distinct values before accepting the auto-fix.
2026-03-08 11:01:54,710 | WARNING | auto_fix_typos 'transaction_id': AMBIGUOUS MERGE — 'Txn_2204457' (n=1) vs 'Txn_2020445' (n=1). Frequencies are close; verify these are not distinct values before accepting the auto-fix.
2026-03-08 11:01:54,785 | WARNING | auto_fix_typos 'transaction_id': AMBIGUOUS MERGE — 'Txn_4076463' (n=1) vs 'Txn_4076631' (n=1). Frequencies are close; verify these are not distinct values before accepting the auto-fix.
2026-03-08 11:01:54,860 | WARNING | auto_fix_typos 'transaction_id': AMBIGUOUS MERGE — 'Txn_1223805' (n=1) vs 'Txn_1422305' (n=1). Frequencies are close; verify these are not distinct values before accepting the auto-fix.
2026-03-08 11:01:54,884 | WARNING | auto_fix_typos 'transaction_id': AMBIGUOUS MERGE — 'Txn_3879110' (n=1) vs 'Txn_2389110' (n=1). Frequencies are close; verify these are not distinct values before accepting the auto-fix.
2026-03-08 11:01:54,925 | WARNING | auto_fix_typos 'transaction_id': AMBIGUOUS MERGE — 'Txn_3033987' (n=1) vs 'Txn_3033598' (n=1). Frequencies are close; verify these are not distinct values before accepting the auto-fix.
2026-03-08 11:01:54,945 | WARNING | auto_fix_typos 'transaction_id': AMBIGUOUS MERGE — 'Txn_2732570' (n=1) vs 'Txn_2731270' (n=1). Frequencies are close; verify these are not distinct values before accepting the auto-fix.
2026-03-08 11:01:54,966 | WARNING | auto_fix_typos 'transaction_id': AMBIGUOUS MERGE — 'Txn_9104781' (n=1) vs 'Txn_9024781' (n=1). Frequencies are close; verify these are not distinct values before accepting the auto-fix.
2026-03-08 11:01:55,005 | WARNING | auto_fix_typos 'transaction_id': AMBIGUOUS MERGE — 'Txn_7566250' (n=1) vs 'Txn_7662502' (n=1). Frequencies are close; verify these are not distinct values before accepting the auto-fix.
2026-03-08 11:01:55,042 | WARNING | auto_fix_typos 'transaction_id': AMBIGUOUS MERGE — 'Txn_1487762' (n=1) vs 'Txn_6148776' (n=1). Frequencies are close; verify these are not distinct values before accepting the auto-fix.
2026-03-08 11:01:55,245 | WARNING | auto_fix_typos 'transaction_id': AMBIGUOUS MERGE — 'Txn_9667219' (n=1) vs 'Txn_9667721' (n=1). Frequencies are close; verify these are not distinct values before accepting the auto-fix.
2026-03-08 11:01:55,453 | WARNING | auto_fix_typos 'transaction_id': AMBIGUOUS MERGE — 'Txn_4130861' (n=1) vs 'Txn_4135861' (n=1). Frequencies are close; verify these are not distinct values before accepting the auto-fix.
2026-03-08 11:01:55,513 | WARNING | auto_fix_typos 'transaction_id': AMBIGUOUS MERGE — 'Txn_2217295' (n=1) vs 'Txn_3221795' (n=1). Frequencies are close; verify these are not distinct values before accepting the auto-fix.
2026-03-08 11:01:55,574 | WARNING | auto_fix_typos 'transaction_id': AMBIGUOUS MERGE — 'Txn_5767429' (n=1) vs 'Txn_4567429' (n=1). Frequencies are close; verify these are not distinct values before accepting the auto-fix.
2026-03-08 11:01:55,611 | WARNING | auto_fix_typos 'transaction_id': AMBIGUOUS MERGE — 'Txn_1009421' (n=1) vs 'Txn_1006942' (n=1). Frequencies are close; verify these are not distinct values before accepting the auto-fix.
2026-03-08 11:01:55,631 | WARNING | auto_fix_typos 'transaction_id': AMBIGUOUS MERGE — 'Txn_5369243' (n=1) vs 'Txn_5367923' (n=1). Frequencies are close; verify these are not distinct values before accepting the auto-fix.
2026-03-08 11:01:55,651 | WARNING | auto_fix_typos 'transaction_id': AMBIGUOUS MERGE — 'Txn_2939667' (n=1) vs 'Txn_4939667' (n=1). Frequencies are close; verify these are not distinct values before accepting the auto-fix.
2026-03-08 11:01:55,673 | WARNING | auto_fix_typos 'transaction_id': AMBIGUOUS MERGE — 'Txn_5734395' (n=1) vs 'Txn_7343905' (n=1). Frequencies are close; verify these are not distinct values before accepting the auto-fix.
2026-03-08 11:01:55,695 | WARNING | auto_fix_typos 'transaction_id': AMBIGUOUS MERGE — 'Txn_2966262' (n=1) vs 'Txn_9662632' (n=1). Frequencies are close; verify these are not distinct values before accepting the auto-fix.
2026-03-08 11:01:55,790 | WARNING | auto_fix_typos 'transaction_id': AMBIGUOUS MERGE — 'Txn_9522045' (n=1) vs 'Txn_9223045' (n=1). Frequencies are close; verify these are not distinct values before accepting the auto-fix.
2026-03-08 11:01:55,864 | WARNING | auto_fix_typos 'transaction_id': AMBIGUOUS MERGE — 'Txn_9540864' (n=1) vs 'Txn_9254064' (n=1). Frequencies are close; verify these are not distinct values before accepting the auto-fix.
2026-03-08 11:01:56,036 | WARNING | auto_fix_typos 'transaction_id': AMBIGUOUS MERGE — 'Txn_3893480' (n=1) vs 'Txn_3894820' (n=1). Frequencies are close; verify these are not distinct values before accepting the auto-fix.
2026-03-08 11:01:56,057 | WARNING | auto_fix_typos 'transaction_id': AMBIGUOUS MERGE — 'Txn_2614271' (n=1) vs 'Txn_2561471' (n=1). Frequencies are close; verify these are not distinct values before accepting the auto-fix.
2026-03-08 11:01:56,151 | WARNING | auto_fix_typos 'transaction_id': AMBIGUOUS MERGE — 'Txn_9423451' (n=1) vs 'Txn_3423451' (n=1). Frequencies are close; verify these are not distinct values before accepting the auto-fix.
2026-03-08 11:01:56,206 | WARNING | auto_fix_typos 'transaction_id': AMBIGUOUS MERGE — 'Txn_4844386' (n=1) vs 'Txn_9484436' (n=1). Frequencies are close; verify these are not distinct values before accepting the auto-fix.
2026-03-08 11:01:56,243 | WARNING | auto_fix_typos 'transaction_id': AMBIGUOUS MERGE — 'Txn_5072156' (n=1) vs 'Txn_5672156' (n=1). Frequencies are close; verify these are not distinct values before accepting the auto-fix.
2026-03-08 11:01:56,306 | WARNING | auto_fix_typos 'transaction_id': AMBIGUOUS MERGE — 'Txn_8854384' (n=1) vs 'Txn_8284384' (n=1). Frequencies are close; verify these are not distinct values before accepting the auto-fix.
2026-03-08 11:01:56,326 | WARNING | auto_fix_typos 'transaction_id': AMBIGUOUS MERGE — 'Txn_3308378' (n=1) vs 'Txn_8330837' (n=1). Frequencies are close; verify these are not distinct values before accepting the auto-fix.
2026-03-08 11:01:56,473 | WARNING | auto_fix_typos 'transaction_id': AMBIGUOUS MERGE — 'Txn_3589166' (n=1) vs 'Txn_3587916' (n=1). Frequencies are close; verify these are not distinct values before accepting the auto-fix.
2026-03-08 11:01:56,493 | WARNING | auto_fix_typos 'transaction_id': AMBIGUOUS MERGE — 'Txn_3943672' (n=1) vs 'Txn_3793672' (n=1). Frequencies are close; verify these are not distinct values before accepting the auto-fix.
2026-03-08 11:01:56,585 | WARNING | auto_fix_typos 'transaction_id': AMBIGUOUS MERGE — 'Txn_2223047' (n=1) vs 'Txn_2522047' (n=1). Frequencies are close; verify these are not distinct values before accepting the auto-fix.
2026-03-08 11:01:56,640 | WARNING | auto_fix_typos 'transaction_id': AMBIGUOUS MERGE — 'Txn_8553273' (n=1) vs 'Txn_5530273' (n=1). Frequencies are close; verify these are not distinct values before accepting the auto-fix.
2026-03-08 11:01:56,660 | WARNING | auto_fix_typos 'transaction_id': AMBIGUOUS MERGE — 'Txn_8713971' (n=1) vs 'Txn_9871971' (n=1). Frequencies are close; verify these are not distinct values before accepting the auto-fix.
2026-03-08 11:01:56,912 | WARNING | auto_fix_typos 'transaction_id': AMBIGUOUS MERGE — 'Txn_2544724' (n=1) vs 'Txn_2544072' (n=1). Frequencies are close; verify these are not distinct values before accepting the auto-fix.
2026-03-08 11:01:57,010 | WARNING | auto_fix_typos 'transaction_id': AMBIGUOUS MERGE — 'Txn_5313347' (n=1) vs 'Txn_5133476' (n=1). Frequencies are close; verify these are not distinct values before accepting the auto-fix.
2026-03-08 11:01:57,216 | WARNING | auto_fix_typos 'transaction_id': AMBIGUOUS MERGE — 'Txn_6323914' (n=1) vs 'Txn_6323915' (n=1). Frequencies are close; verify these are not distinct values before accepting the auto-fix.
2026-03-08 11:01:57,273 | WARNING | auto_fix_typos 'transaction_id': AMBIGUOUS MERGE — 'Txn_2210265' (n=1) vs 'Txn_2210925' (n=1). Frequencies are close; verify these are not distinct values before accepting the auto-fix.
2026-03-08 11:01:57,311 | WARNING | auto_fix_typos 'transaction_id': AMBIGUOUS MERGE — 'Txn_9561380' (n=1) vs 'Txn_9517380' (n=1). Frequencies are close; verify these are not distinct values before accepting the auto-fix.
2026-03-08 11:01:57,402 | WARNING | auto_fix_typos 'transaction_id': AMBIGUOUS MERGE — 'Txn_1244593' (n=1) vs 'Txn_1244509' (n=1). Frequencies are close; verify these are not distinct values before accepting the auto-fix.
2026-03-08 11:01:57,515 | WARNING | auto_fix_typos 'transaction_id': AMBIGUOUS MERGE — 'Txn_2134660' (n=1) vs 'Txn_2134650' (n=1). Frequencies are close; verify these are not distinct values before accepting the auto-fix.
2026-03-08 11:01:57,644 | WARNING | auto_fix_typos 'transaction_id': AMBIGUOUS MERGE — 'Txn_1216051' (n=1) vs 'Txn_8121601' (n=1). Frequencies are close; verify these are not distinct values before accepting the auto-fix.
2026-03-08 11:01:57,681 | WARNING | auto_fix_typos 'transaction_id': AMBIGUOUS MERGE — 'Txn_5268025' (n=1) vs 'Txn_5926025' (n=1). Frequencies are close; verify these are not distinct values before accepting the auto-fix.
2026-03-08 11:01:57,702 | WARNING | auto_fix_typos 'transaction_id': AMBIGUOUS MERGE — 'Txn_9952441' (n=1) vs 'Txn_9924421' (n=1). Frequencies are close; verify these are not distinct values before accepting the auto-fix.
2026-03-08 11:01:57,793 | WARNING | auto_fix_typos 'transaction_id': AMBIGUOUS MERGE — 'Txn_1324968' (n=1) vs 'Txn_1328968' (n=1). Frequencies are close; verify these are not distinct values before accepting the auto-fix.
2026-03-08 11:01:57,831 | WARNING | auto_fix_typos 'transaction_id': AMBIGUOUS MERGE — 'Txn_7335526' (n=1) vs 'Txn_7355326' (n=1). Frequencies are close; verify these are not distinct values before accepting the auto-fix.
2026-03-08 11:01:57,888 | WARNING | auto_fix_typos 'transaction_id': AMBIGUOUS MERGE — 'Txn_2408294' (n=1) vs 'Txn_2401829' (n=1). Frequencies are close; verify these are not distinct values before accepting the auto-fix.
2026-03-08 11:01:57,908 | WARNING | auto_fix_typos 'transaction_id': AMBIGUOUS MERGE — 'Txn_7380756' (n=1) vs 'Txn_7387056' (n=1). Frequencies are close; verify these are not distinct values before accepting the auto-fix.
2026-03-08 11:01:58,004 | WARNING | auto_fix_typos 'transaction_id': AMBIGUOUS MERGE — 'Txn_1672708' (n=1) vs 'Txn_1627038' (n=1). Frequencies are close; verify these are not distinct values before accepting the auto-fix.
2026-03-08 11:01:58,023 | WARNING | auto_fix_typos 'transaction_id': AMBIGUOUS MERGE — 'Txn_4979250' (n=1) vs 'Txn_4992510' (n=1). Frequencies are close; verify these are not distinct values before accepting the auto-fix.
2026-03-08 11:01:58,043 | WARNING | auto_fix_typos 'transaction_id': AMBIGUOUS MERGE — 'Txn_2809397' (n=1) vs 'Txn_2893987' (n=1). Frequencies are close; verify these are not distinct values before accepting the auto-fix.
2026-03-08 11:01:58,165 | WARNING | auto_fix_typos 'transaction_id': AMBIGUOUS MERGE — 'Txn_8329302' (n=1) vs 'Txn_8323012' (n=1). Frequencies are close; verify these are not distinct values before accepting the auto-fix.
2026-03-08 11:01:58,204 | WARNING | auto_fix_typos 'transaction_id': AMBIGUOUS MERGE — 'Txn_7707761' (n=1) vs 'Txn_7077961' (n=1). Frequencies are close; verify these are not distinct values before accepting the auto-fix.
2026-03-08 11:01:58,281 | WARNING | auto_fix_typos 'transaction_id': AMBIGUOUS MERGE — 'Txn_8017663' (n=1) vs 'Txn_8014766' (n=1). Frequencies are close; verify these are not distinct values before accepting the auto-fix.
2026-03-08 11:01:58,497 | WARNING | auto_fix_typos 'transaction_id': AMBIGUOUS MERGE — 'Txn_8140560' (n=1) vs 'Txn_8140360' (n=1). Frequencies are close; verify these are not distinct values before accepting the auto-fix.
2026-03-08 11:01:58,518 | WARNING | auto_fix_typos 'transaction_id': AMBIGUOUS MERGE — 'Txn_6591756' (n=1) vs 'Txn_6591736' (n=1). Frequencies are close; verify these are not distinct values before accepting the auto-fix.
2026-03-08 11:01:58,608 | WARNING | auto_fix_typos 'transaction_id': AMBIGUOUS MERGE — 'Txn_5822344' (n=1) vs 'Txn_5852244' (n=1). Frequencies are close; verify these are not distinct values before accepting the auto-fix.
2026-03-08 11:01:58,722 | WARNING | auto_fix_typos 'transaction_id': AMBIGUOUS MERGE — 'Txn_6568978' (n=1) vs 'Txn_6589078' (n=1). Frequencies are close; verify these are not distinct values before accepting the auto-fix.
2026-03-08 11:01:58,760 | WARNING | auto_fix_typos 'transaction_id': AMBIGUOUS MERGE — 'Txn_9773606' (n=1) vs 'Txn_9773646' (n=1). Frequencies are close; verify these are not distinct values before accepting the auto-fix.
2026-03-08 11:01:58,779 | WARNING | auto_fix_typos 'transaction_id': AMBIGUOUS MERGE — 'Txn_4493661' (n=1) vs 'Txn_4496616' (n=1). Frequencies are close; verify these are not distinct values before accepting the auto-fix.
2026-03-08 11:01:58,832 | WARNING | auto_fix_typos 'transaction_id': AMBIGUOUS MERGE — 'Txn_9657636' (n=1) vs 'Txn_9365766' (n=1). Frequencies are close; verify these are not distinct values before accepting the auto-fix.
2026-03-08 11:01:58,853 | WARNING | auto_fix_typos 'transaction_id': AMBIGUOUS MERGE — 'Txn_1375992' (n=1) vs 'Txn_1752992' (n=1). Frequencies are close; verify these are not distinct values before accepting the auto-fix.
2026-03-08 11:01:58,898 | WARNING | auto_fix_typos 'transaction_id': AMBIGUOUS MERGE — 'Txn_8232653' (n=1) vs 'Txn_8632653' (n=1). Frequencies are close; verify these are not distinct values before accepting the auto-fix.
2026-03-08 11:01:58,981 | WARNING | auto_fix_typos 'transaction_id': AMBIGUOUS MERGE — 'Txn_4275169' (n=1) vs 'Txn_4751689' (n=1). Frequencies are close; verify these are not distinct values before accepting the auto-fix.
2026-03-08 11:01:59,002 | WARNING | auto_fix_typos 'transaction_id': AMBIGUOUS MERGE — 'Txn_9005396' (n=1) vs 'Txn_9905396' (n=1). Frequencies are close; verify these are not distinct values before accepting the auto-fix.
2026-03-08 11:01:59,039 | WARNING | auto_fix_typos 'transaction_id': AMBIGUOUS MERGE — 'Txn_1533790' (n=1) vs 'Txn_1532390' (n=1). Frequencies are close; verify these are not distinct values before accepting the auto-fix.
2026-03-08 11:01:59,100 | WARNING | auto_fix_typos 'transaction_id': AMBIGUOUS MERGE — 'Txn_4995910' (n=1) vs 'Txn_3499910' (n=1). Frequencies are close; verify these are not distinct values before accepting the auto-fix.
2026-03-08 11:01:59,155 | WARNING | auto_fix_typos 'transaction_id': AMBIGUOUS MERGE — 'Txn_3163681' (n=1) vs 'Txn_3166181' (n=1). Frequencies are close; verify these are not distinct values before accepting the auto-fix.
2026-03-08 11:01:59,210 | WARNING | auto_fix_typos 'transaction_id': AMBIGUOUS MERGE — 'Txn_3359704' (n=1) vs 'Txn_3397034' (n=1). Frequencies are close; verify these are not distinct values before accepting the auto-fix.
2026-03-08 11:01:59,454 | WARNING | auto_fix_typos 'transaction_id': AMBIGUOUS MERGE — 'Txn_4284492' (n=1) vs 'Txn_2844982' (n=1). Frequencies are close; verify these are not distinct values before accepting the auto-fix.
2026-03-08 11:01:59,551 | WARNING | auto_fix_typos 'transaction_id': AMBIGUOUS MERGE — 'Txn_7573801' (n=1) vs 'Txn_7738013' (n=1). Frequencies are close; verify these are not distinct values before accepting the auto-fix.
2026-03-08 11:01:59,705 | WARNING | auto_fix_typos 'transaction_id': AMBIGUOUS MERGE — 'Txn_7323833' (n=1) vs 'Txn_2733833' (n=1). Frequencies are close; verify these are not distinct values before accepting the auto-fix.
2026-03-08 11:01:59,743 | WARNING | auto_fix_typos 'transaction_id': AMBIGUOUS MERGE — 'Txn_6228918' (n=1) vs 'Txn_6289180' (n=1). Frequencies are close; verify these are not distinct values before accepting the auto-fix.
2026-03-08 11:01:59,854 | WARNING | auto_fix_typos 'transaction_id': AMBIGUOUS MERGE — 'Txn_7418962' (n=1) vs 'Txn_7418562' (n=1). Frequencies are close; verify these are not distinct values before accepting the auto-fix.
2026-03-08 11:01:59,915 | WARNING | auto_fix_typos 'transaction_id': AMBIGUOUS MERGE — 'Txn_8845592' (n=1) vs 'Txn_8842592' (n=1). Frequencies are close; verify these are not distinct values before accepting the auto-fix.
2026-03-08 11:02:00,129 | WARNING | auto_fix_typos 'transaction_id': AMBIGUOUS MERGE — 'Txn_6401072' (n=1) vs 'Txn_1640172' (n=1). Frequencies are close; verify these are not distinct values before accepting the auto-fix.
2026-03-08 11:02:00,149 | WARNING | auto_fix_typos 'transaction_id': AMBIGUOUS MERGE — 'Txn_6377597' (n=1) vs 'Txn_6775972' (n=1). Frequencies are close; verify these are not distinct values before accepting the auto-fix.
2026-03-08 11:02:00,259 | WARNING | auto_fix_typos 'transaction_id': AMBIGUOUS MERGE — 'Txn_3369789' (n=1) vs 'Txn_3692789' (n=1). Frequencies are close; verify these are not distinct values before accepting the auto-fix.
2026-03-08 11:02:00,301 | WARNING | auto_fix_typos 'transaction_id': AMBIGUOUS MERGE — 'Txn_7753587' (n=1) vs 'Txn_7975387' (n=1). Frequencies are close; verify these are not distinct values before accepting the auto-fix.
2026-03-08 11:02:00,393 | WARNING | auto_fix_typos 'transaction_id': AMBIGUOUS MERGE — 'Txn_5685028' (n=1) vs 'Txn_5680238' (n=1). Frequencies are close; verify these are not distinct values before accepting the auto-fix.
2026-03-08 11:02:00,431 | WARNING | auto_fix_typos 'transaction_id': AMBIGUOUS MERGE — 'Txn_9245124' (n=1) vs 'Txn_2451247' (n=1). Frequencies are close; verify these are not distinct values before accepting the auto-fix.
2026-03-08 11:02:00,568 | WARNING | auto_fix_typos 'transaction_id': AMBIGUOUS MERGE — 'Txn_9972525' (n=1) vs 'Txn_7997252' (n=1). Frequencies are close; verify these are not distinct values before accepting the auto-fix.
2026-03-08 11:02:00,588 | WARNING | auto_fix_typos 'transaction_id': AMBIGUOUS MERGE — 'Txn_3315026' (n=1) vs 'Txn_3431526' (n=1). Frequencies are close; verify these are not distinct values before accepting the auto-fix.
2026-03-08 11:02:00,608 | WARNING | auto_fix_typos 'transaction_id': AMBIGUOUS MERGE — 'Txn_3613385' (n=1) vs 'Txn_3601338' (n=1). Frequencies are close; verify these are not distinct values before accepting the auto-fix.
2026-03-08 11:02:00,777 | WARNING | auto_fix_typos 'transaction_id': AMBIGUOUS MERGE — 'Txn_8250427' (n=1) vs 'Txn_8235042' (n=1). Frequencies are close; verify these are not distinct values before accepting the auto-fix.
2026-03-08 11:02:00,849 | WARNING | auto_fix_typos 'transaction_id': AMBIGUOUS MERGE — 'Txn_7368648' (n=1) vs 'Txn_3686848' (n=1). Frequencies are close; verify these are not distinct values before accepting the auto-fix.
2026-03-08 11:02:00,927 | WARNING | auto_fix_typos 'transaction_id': AMBIGUOUS MERGE — 'Txn_4390633' (n=1) vs 'Txn_4630633' (n=1). Frequencies are close; verify these are not distinct values before accepting the auto-fix.
2026-03-08 11:02:01,005 | WARNING | auto_fix_typos 'transaction_id': AMBIGUOUS MERGE — 'Txn_7905741' (n=1) vs 'Txn_9054741' (n=1). Frequencies are close; verify these are not distinct values before accepting the auto-fix.
2026-03-08 11:02:01,043 | WARNING | auto_fix_typos 'transaction_id': AMBIGUOUS MERGE — 'Txn_7840162' (n=1) vs 'Txn_7854162' (n=1). Frequencies are close; verify these are not distinct values before accepting the auto-fix.
2026-03-08 11:02:01,141 | WARNING | auto_fix_typos 'transaction_id': AMBIGUOUS MERGE — 'Txn_6697669' (n=1) vs 'Txn_6696619' (n=1). Frequencies are close; verify these are not distinct values before accepting the auto-fix.
2026-03-08 11:02:01,178 | WARNING | auto_fix_typos 'transaction_id': AMBIGUOUS MERGE — 'Txn_1617029' (n=1) vs 'Txn_6170729' (n=1). Frequencies are close; verify these are not distinct values before accepting the auto-fix.
2026-03-08 11:02:01,197 | WARNING | auto_fix_typos 'transaction_id': AMBIGUOUS MERGE — 'Txn_9432588' (n=1) vs 'Txn_9432758' (n=1). Frequencies are close; verify these are not distinct values before accepting the auto-fix.
2026-03-08 11:02:01,234 | WARNING | auto_fix_typos 'transaction_id': AMBIGUOUS MERGE — 'Txn_7483257' (n=1) vs 'Txn_7832527' (n=1). Frequencies are close; verify these are not distinct values before accepting the auto-fix.
2026-03-08 11:02:01,387 | WARNING | auto_fix_typos 'transaction_id': AMBIGUOUS MERGE — 'Txn_7003185' (n=1) vs 'Txn_7703185' (n=1). Frequencies are close; verify these are not distinct values before accepting the auto-fix.
2026-03-08 11:02:01,406 | WARNING | auto_fix_typos 'transaction_id': AMBIGUOUS MERGE — 'Txn_1256536' (n=1) vs 'Txn_1256513' (n=1). Frequencies are close; verify these are not distinct values before accepting the auto-fix.
2026-03-08 11:02:01,462 | WARNING | auto_fix_typos 'transaction_id': AMBIGUOUS MERGE — 'Txn_4223466' (n=1) vs 'Txn_4234636' (n=1). Frequencies are close; verify these are not distinct values before accepting the auto-fix.
2026-03-08 11:02:01,557 | WARNING | auto_fix_typos 'transaction_id': AMBIGUOUS MERGE — 'Txn_1897660' (n=1) vs 'Txn_8947660' (n=1). Frequencies are close; verify these are not distinct values before accepting the auto-fix.
2026-03-08 11:02:01,611 | WARNING | auto_fix_typos 'transaction_id': AMBIGUOUS MERGE — 'Txn_1522430' (n=1) vs 'Txn_1522140' (n=1). Frequencies are close; verify these are not distinct values before accepting the auto-fix.
2026-03-08 11:02:01,728 | WARNING | auto_fix_typos 'transaction_id': AMBIGUOUS MERGE — 'Txn_9315119' (n=1) vs 'Txn_1935119' (n=1). Frequencies are close; verify these are not distinct values before accepting the auto-fix.
2026-03-08 11:02:01,860 | WARNING | auto_fix_typos 'transaction_id': AMBIGUOUS MERGE — 'Txn_8384628' (n=1) vs 'Txn_8388462' (n=1). Frequencies are close; verify these are not distinct values before accepting the auto-fix.
2026-03-08 11:02:01,880 | WARNING | auto_fix_typos 'transaction_id': AMBIGUOUS MERGE — 'Txn_4200340' (n=1) vs 'Txn_4003040' (n=1). Frequencies are close; verify these are not distinct values before accepting the auto-fix.
2026-03-08 11:02:02,106 | WARNING | auto_fix_typos 'transaction_id': AMBIGUOUS MERGE — 'Txn_7089173' (n=1) vs 'Txn_5708913' (n=1). Frequencies are close; verify these are not distinct values before accepting the auto-fix.
2026-03-08 11:02:02,178 | WARNING | auto_fix_typos 'transaction_id': AMBIGUOUS MERGE — 'Txn_3376958' (n=1) vs 'Txn_3376952' (n=1). Frequencies are close; verify these are not distinct values before accepting the auto-fix.
2026-03-08 11:02:02,292 | WARNING | auto_fix_typos 'transaction_id': AMBIGUOUS MERGE — 'Txn_5132082' (n=1) vs 'Txn_5132482' (n=1). Frequencies are close; verify these are not distinct values before accepting the auto-fix.
2026-03-08 11:02:02,388 | WARNING | auto_fix_typos 'transaction_id': AMBIGUOUS MERGE — 'Txn_7321789' (n=1) vs 'Txn_7321479' (n=1). Frequencies are close; verify these are not distinct values before accepting the auto-fix.
2026-03-08 11:02:02,443 | WARNING | auto_fix_typos 'transaction_id': AMBIGUOUS MERGE — 'Txn_2622670' (n=1) vs 'Txn_6226704' (n=1). Frequencies are close; verify these are not distinct values before accepting the auto-fix.
2026-03-08 11:02:02,507 | WARNING | auto_fix_typos 'transaction_id': AMBIGUOUS MERGE — 'Txn_2152670' (n=1) vs 'Txn_9215670' (n=1). Frequencies are close; verify these are not distinct values before accepting the auto-fix.
2026-03-08 11:02:02,545 | WARNING | auto_fix_typos 'transaction_id': AMBIGUOUS MERGE — 'Txn_1843989' (n=1) vs 'Txn_4843989' (n=1). Frequencies are close; verify these are not distinct values before accepting the auto-fix.
2026-03-08 11:02:02,657 | WARNING | auto_fix_typos 'transaction_id': AMBIGUOUS MERGE — 'Txn_2515920' (n=1) vs 'Txn_2559020' (n=1). Frequencies are close; verify these are not distinct values before accepting the auto-fix.
2026-03-08 11:02:02,846 | WARNING | auto_fix_typos 'transaction_id': AMBIGUOUS MERGE — 'Txn_1056277' (n=1) vs 'Txn_1605677' (n=1). Frequencies are close; verify these are not distinct values before accepting the auto-fix.
2026-03-08 11:02:02,945 | WARNING | auto_fix_typos 'transaction_id': AMBIGUOUS MERGE — 'Txn_6853678' (n=1) vs 'Txn_8536578' (n=1). Frequencies are close; verify these are not distinct values before accepting the auto-fix.
2026-03-08 11:02:03,056 | WARNING | auto_fix_typos 'transaction_id': AMBIGUOUS MERGE — 'Txn_7735237' (n=1) vs 'Txn_7735127' (n=1). Frequencies are close; verify these are not distinct values before accepting the auto-fix.
2026-03-08 11:02:03,097 | WARNING | auto_fix_typos 'transaction_id': AMBIGUOUS MERGE — 'Txn_3352256' (n=1) vs 'Txn_9335226' (n=1). Frequencies are close; verify these are not distinct values before accepting the auto-fix.
2026-03-08 11:02:03,116 | WARNING | auto_fix_typos 'transaction_id': AMBIGUOUS MERGE — 'Txn_8494538' (n=1) vs 'Txn_8949453' (n=1). Frequencies are close; verify these are not distinct values before accepting the auto-fix.
2026-03-08 11:02:03,173 | WARNING | auto_fix_typos 'transaction_id': AMBIGUOUS MERGE — 'Txn_3514492' (n=1) vs 'Txn_3544792' (n=1). Frequencies are close; verify these are not distinct values before accepting the auto-fix.
2026-03-08 11:02:03,210 | WARNING | auto_fix_typos 'transaction_id': AMBIGUOUS MERGE — 'Txn_7223646' (n=1) vs 'Txn_7226406' (n=1). Frequencies are close; verify these are not distinct values before accepting the auto-fix.
2026-03-08 11:02:03,228 | WARNING | auto_fix_typos 'transaction_id': AMBIGUOUS MERGE — 'Txn_4227337' (n=1) vs 'Txn_2257337' (n=1). Frequencies are close; verify these are not distinct values before accepting the auto-fix.
2026-03-08 11:02:03,479 | WARNING | auto_fix_typos 'transaction_id': AMBIGUOUS MERGE — 'Txn_1752617' (n=1) vs 'Txn_1756717' (n=1). Frequencies are close; verify these are not distinct values before accepting the auto-fix.
2026-03-08 11:02:03,573 | WARNING | auto_fix_typos 'transaction_id': AMBIGUOUS MERGE — 'Txn_3026930' (n=1) vs 'Txn_3026936' (n=1). Frequencies are close; verify these are not distinct values before accepting the auto-fix.
2026-03-08 11:02:03,666 | WARNING | auto_fix_typos 'transaction_id': AMBIGUOUS MERGE — 'Txn_7251929' (n=1) vs 'Txn_7251969' (n=1). Frequencies are close; verify these are not distinct values before accepting the auto-fix.
2026-03-08 11:02:03,686 | WARNING | auto_fix_typos 'transaction_id': AMBIGUOUS MERGE — 'Txn_2145530' (n=1) vs 'Txn_2104550' (n=1). Frequencies are close; verify these are not distinct values before accepting the auto-fix.
2026-03-08 11:02:03,706 | WARNING | auto_fix_typos 'transaction_id': AMBIGUOUS MERGE — 'Txn_4159861' (n=1) vs 'Txn_4135861' (n=1). Frequencies are close; verify these are not distinct values before accepting the auto-fix.
2026-03-08 11:02:03,744 | WARNING | auto_fix_typos 'transaction_id': AMBIGUOUS MERGE — 'Txn_1853298' (n=1) vs 'Txn_1853983' (n=1). Frequencies are close; verify these are not distinct values before accepting the auto-fix.
2026-03-08 11:02:03,862 | WARNING | auto_fix_typos 'transaction_id': AMBIGUOUS MERGE — 'Txn_8996187' (n=1) vs 'Txn_8499618' (n=1). Frequencies are close; verify these are not distinct values before accepting the auto-fix.
2026-03-08 11:02:04,147 | WARNING | auto_fix_typos 'transaction_id': AMBIGUOUS MERGE — 'Txn_9382156' (n=1) vs 'Txn_9382596' (n=1). Frequencies are close; verify these are not distinct values before accepting the auto-fix.
2026-03-08 11:02:04,258 | WARNING | auto_fix_typos 'transaction_id': AMBIGUOUS MERGE — 'Txn_7177487' (n=1) vs 'Txn_7770487' (n=1). Frequencies are close; verify these are not distinct values before accepting the auto-fix.
2026-03-08 11:02:04,300 | WARNING | auto_fix_typos 'transaction_id': AMBIGUOUS MERGE — 'Txn_3224756' (n=1) vs 'Txn_3224156' (n=1). Frequencies are close; verify these are not distinct values before accepting the auto-fix.
2026-03-08 11:02:04,411 | WARNING | auto_fix_typos 'transaction_id': AMBIGUOUS MERGE — 'Txn_9716971' (n=1) vs 'Txn_9871971' (n=1). Frequencies are close; verify these are not distinct values before accepting the auto-fix.
2026-03-08 11:02:04,491 | WARNING | auto_fix_typos 'transaction_id': AMBIGUOUS MERGE — 'Txn_8162049' (n=1) vs 'Txn_8126049' (n=1). Frequencies are close; verify these are not distinct values before accepting the auto-fix.
2026-03-08 11:02:04,510 | WARNING | auto_fix_typos 'transaction_id': AMBIGUOUS MERGE — 'Txn_6559173' (n=1) vs 'Txn_6591736' (n=1). Frequencies are close; verify these are not distinct values before accepting the auto-fix.
2026-03-08 11:02:04,546 | WARNING | auto_fix_typos 'transaction_id': AMBIGUOUS MERGE — 'Txn_9155044' (n=1) vs 'Txn_9105544' (n=1). Frequencies are close; verify these are not distinct values before accepting the auto-fix.
2026-03-08 11:02:04,571 | WARNING | auto_fix_typos 'transaction_id': AMBIGUOUS MERGE — 'Txn_5625110' (n=1) vs 'Txn_5251180' (n=1). Frequencies are close; verify these are not distinct values before accepting the auto-fix.
2026-03-08 11:02:04,661 | WARNING | auto_fix_typos 'transaction_id': AMBIGUOUS MERGE — 'Txn_8010863' (n=1) vs 'Txn_8701063' (n=1). Frequencies are close; verify these are not distinct values before accepting the auto-fix.
2026-03-08 11:02:04,723 | WARNING | auto_fix_typos 'transaction_id': AMBIGUOUS MERGE — 'Txn_5086795' (n=1) vs 'Txn_5862795' (n=1). Frequencies are close; verify these are not distinct values before accepting the auto-fix.
2026-03-08 11:02:04,910 | WARNING | auto_fix_typos 'transaction_id': AMBIGUOUS MERGE — 'Txn_5683213' (n=1) vs 'Txn_5832513' (n=1). Frequencies are close; verify these are not distinct values before accepting the auto-fix.
2026-03-08 11:02:04,930 | WARNING | auto_fix_typos 'transaction_id': AMBIGUOUS MERGE — 'Txn_2052609' (n=1) vs 'Txn_2052060' (n=1). Frequencies are close; verify these are not distinct values before accepting the auto-fix.
2026-03-08 11:02:05,083 | WARNING | auto_fix_typos 'transaction_id': AMBIGUOUS MERGE — 'Txn_4526296' (n=1) vs 'Txn_4561296' (n=1). Frequencies are close; verify these are not distinct values before accepting the auto-fix.
2026-03-08 11:02:05,108 | WARNING | auto_fix_typos 'transaction_id': AMBIGUOUS MERGE — 'Txn_5137315' (n=1) vs 'Txn_5373154' (n=1). Frequencies are close; verify these are not distinct values before accepting the auto-fix.
2026-03-08 11:02:05,127 | WARNING | auto_fix_typos 'transaction_id': AMBIGUOUS MERGE — 'Txn_6513435' (n=1) vs 'Txn_5313435' (n=1). Frequencies are close; verify these are not distinct values before accepting the auto-fix.
2026-03-08 11:02:05,199 | WARNING | auto_fix_typos 'transaction_id': AMBIGUOUS MERGE — 'Txn_9352671' (n=1) vs 'Txn_9326761' (n=1). Frequencies are close; verify these are not distinct values before accepting the auto-fix.
2026-03-08 11:02:05,257 | WARNING | auto_fix_typos 'transaction_id': AMBIGUOUS MERGE — 'Txn_3475075' (n=1) vs 'Txn_3447575' (n=1). Frequencies are close; verify these are not distinct values before accepting the auto-fix.
2026-03-08 11:02:05,298 | WARNING | auto_fix_typos 'transaction_id': AMBIGUOUS MERGE — 'Txn_3292043' (n=1) vs 'Txn_3920436' (n=1). Frequencies are close; verify these are not distinct values before accepting the auto-fix.
2026-03-08 11:02:05,371 | WARNING | auto_fix_typos 'transaction_id': AMBIGUOUS MERGE — 'Txn_1993002' (n=1) vs 'Txn_1990029' (n=1). Frequencies are close; verify these are not distinct values before accepting the auto-fix.
2026-03-08 11:02:05,414 | WARNING | auto_fix_typos 'transaction_id': AMBIGUOUS MERGE — 'Txn_1442791' (n=1) vs 'Txn_1442771' (n=1). Frequencies are close; verify these are not distinct values before accepting the auto-fix.
2026-03-08 11:02:05,546 | WARNING | auto_fix_typos 'transaction_id': AMBIGUOUS MERGE — 'Txn_6034920' (n=1) vs 'Txn_6049240' (n=1). Frequencies are close; verify these are not distinct values before accepting the auto-fix.
2026-03-08 11:02:05,609 | WARNING | auto_fix_typos 'transaction_id': AMBIGUOUS MERGE — 'Txn_4503560' (n=1) vs 'Txn_4203560' (n=1). Frequencies are close; verify these are not distinct values before accepting the auto-fix.
2026-03-08 11:02:05,742 | WARNING | auto_fix_typos 'transaction_id': AMBIGUOUS MERGE — 'Txn_5793057' (n=1) vs 'Txn_5797307' (n=1). Frequencies are close; verify these are not distinct values before accepting the auto-fix.
2026-03-08 11:02:05,762 | WARNING | auto_fix_typos 'transaction_id': AMBIGUOUS MERGE — 'Txn_1778597' (n=1) vs 'Txn_7785297' (n=1). Frequencies are close; verify these are not distinct values before accepting the auto-fix.
2026-03-08 11:02:05,799 | WARNING | auto_fix_typos 'transaction_id': AMBIGUOUS MERGE — 'Txn_7540909' (n=1) vs 'Txn_5470909' (n=1). Frequencies are close; verify these are not distinct values before accepting the auto-fix.
2026-03-08 11:02:05,819 | WARNING | auto_fix_typos 'transaction_id': AMBIGUOUS MERGE — 'Txn_1469462' (n=1) vs 'Txn_1496962' (n=1). Frequencies are close; verify these are not distinct values before accepting the auto-fix.
2026-03-08 11:02:05,838 | WARNING | auto_fix_typos 'transaction_id': AMBIGUOUS MERGE — 'Txn_4745094' (n=1) vs 'Txn_4475094' (n=1). Frequencies are close; verify these are not distinct values before accepting the auto-fix.
2026-03-08 11:02:05,915 | WARNING | auto_fix_typos 'transaction_id': AMBIGUOUS MERGE — 'Txn_6579974' (n=1) vs 'Txn_6457997' (n=1). Frequencies are close; verify these are not distinct values before accepting the auto-fix.
2026-03-08 11:02:05,954 | WARNING | auto_fix_typos 'transaction_id': AMBIGUOUS MERGE — 'Txn_7218914' (n=1) vs 'Txn_7218134' (n=1). Frequencies are close; verify these are not distinct values before accepting the auto-fix.
2026-03-08 11:02:06,027 | WARNING | auto_fix_typos 'transaction_id': AMBIGUOUS MERGE — 'Txn_1633563' (n=1) vs 'Txn_1635631' (n=1). Frequencies are close; verify these are not distinct values before accepting the auto-fix.
2026-03-08 11:02:06,102 | WARNING | auto_fix_typos 'transaction_id': AMBIGUOUS MERGE — 'Txn_7650834' (n=1) vs 'Txn_4650834' (n=1). Frequencies are close; verify these are not distinct values before accepting the auto-fix.
2026-03-08 11:02:06,123 | WARNING | auto_fix_typos 'transaction_id': AMBIGUOUS MERGE — 'Txn_4107857' (n=1) vs 'Txn_4108567' (n=1). Frequencies are close; verify these are not distinct values before accepting the auto-fix.
2026-03-08 11:02:06,160 | WARNING | auto_fix_typos 'transaction_id': AMBIGUOUS MERGE — 'Txn_4635037' (n=1) vs 'Txn_4663537' (n=1). Frequencies are close; verify these are not distinct values before accepting the auto-fix.
2026-03-08 11:02:06,218 | WARNING | auto_fix_typos 'transaction_id': AMBIGUOUS MERGE — 'Txn_4565754' (n=1) vs 'Txn_9456575' (n=1). Frequencies are close; verify these are not distinct values before accepting the auto-fix.
2026-03-08 11:02:06,257 | WARNING | auto_fix_typos 'transaction_id': AMBIGUOUS MERGE — 'Txn_8006056' (n=1) vs 'Txn_8020606' (n=1). Frequencies are close; verify these are not distinct values before accepting the auto-fix.
2026-03-08 11:02:06,278 | WARNING | auto_fix_typos 'transaction_id': AMBIGUOUS MERGE — 'Txn_2216532' (n=1) vs 'Txn_2265329' (n=1). Frequencies are close; verify these are not distinct values before accepting the auto-fix.
2026-03-08 11:02:06,369 | WARNING | auto_fix_typos 'transaction_id': AMBIGUOUS MERGE — 'Txn_1665810' (n=1) vs 'Txn_1616810' (n=1). Frequencies are close; verify these are not distinct values before accepting the auto-fix.
2026-03-08 11:02:06,407 | WARNING | auto_fix_typos 'transaction_id': AMBIGUOUS MERGE — 'Txn_9154381' (n=1) vs 'Txn_9549381' (n=1). Frequencies are close; verify these are not distinct values before accepting the auto-fix.
2026-03-08 11:02:06,558 | WARNING | auto_fix_typos 'transaction_id': AMBIGUOUS MERGE — 'Txn_6297232' (n=1) vs 'Txn_6987232' (n=1). Frequencies are close; verify these are not distinct values before accepting the auto-fix.
2026-03-08 11:02:06,649 | WARNING | auto_fix_typos 'transaction_id': AMBIGUOUS MERGE — 'Txn_9649878' (n=1) vs 'Txn_6498718' (n=1). Frequencies are close; verify these are not distinct values before accepting the auto-fix.
2026-03-08 11:02:06,671 | WARNING | auto_fix_typos 'transaction_id': AMBIGUOUS MERGE — 'Txn_5086063' (n=1) vs 'Txn_5486063' (n=1). Frequencies are close; verify these are not distinct values before accepting the auto-fix.
2026-03-08 11:02:06,745 | WARNING | auto_fix_typos 'transaction_id': AMBIGUOUS MERGE — 'Txn_6040824' (n=1) vs 'Txn_6040882' (n=1). Frequencies are close; verify these are not distinct values before accepting the auto-fix.
2026-03-08 11:02:06,764 | WARNING | auto_fix_typos 'transaction_id': AMBIGUOUS MERGE — 'Txn_4520062' (n=1) vs 'Txn_5420062' (n=1). Frequencies are close; verify these are not distinct values before accepting the auto-fix.
2026-03-08 11:02:06,819 | WARNING | auto_fix_typos 'transaction_id': AMBIGUOUS MERGE — 'Txn_6345691' (n=1) vs 'Txn_6345619' (n=1). Frequencies are close; verify these are not distinct values before accepting the auto-fix.
2026-03-08 11:02:06,938 | WARNING | auto_fix_typos 'transaction_id': AMBIGUOUS MERGE — 'Txn_8133627' (n=1) vs 'Txn_1336727' (n=1). Frequencies are close; verify these are not distinct values before accepting the auto-fix.
2026-03-08 11:02:07,054 | WARNING | auto_fix_typos 'transaction_id': AMBIGUOUS MERGE — 'Txn_7890585' (n=1) vs 'Txn_7905853' (n=1). Frequencies are close; verify these are not distinct values before accepting the auto-fix.
2026-03-08 11:02:07,186 | WARNING | auto_fix_typos 'transaction_id': AMBIGUOUS MERGE — 'Txn_9641364' (n=1) vs 'Txn_9691364' (n=1). Frequencies are close; verify these are not distinct values before accepting the auto-fix.
2026-03-08 11:02:07,243 | WARNING | auto_fix_typos 'transaction_id': AMBIGUOUS MERGE — 'Txn_2477550' (n=1) vs 'Txn_2477650' (n=1). Frequencies are close; verify these are not distinct values before accepting the auto-fix.
2026-03-08 11:02:07,282 | WARNING | auto_fix_typos 'transaction_id': AMBIGUOUS MERGE — 'Txn_1923984' (n=1) vs 'Txn_1929398' (n=1). Frequencies are close; verify these are not distinct values before accepting the auto-fix.
2026-03-08 11:02:07,322 | WARNING | auto_fix_typos 'transaction_id': AMBIGUOUS MERGE — 'Txn_5996894' (n=1) vs 'Txn_9968943' (n=1). Frequencies are close; verify these are not distinct values before accepting the auto-fix.
2026-03-08 11:02:07,360 | WARNING | auto_fix_typos 'transaction_id': AMBIGUOUS MERGE — 'Txn_7278248' (n=1) vs 'Txn_7278328' (n=1). Frequencies are close; verify these are not distinct values before accepting the auto-fix.
2026-03-08 11:02:07,434 | WARNING | auto_fix_typos 'transaction_id': AMBIGUOUS MERGE — 'Txn_1746001' (n=1) vs 'Txn_1874601' (n=1). Frequencies are close; verify these are not distinct values before accepting the auto-fix.
2026-03-08 11:02:07,514 | WARNING | auto_fix_typos 'transaction_id': AMBIGUOUS MERGE — 'Txn_1459078' (n=1) vs 'Txn_4959078' (n=1). Frequencies are close; verify these are not distinct values before accepting the auto-fix.
2026-03-08 11:02:07,588 | WARNING | auto_fix_typos 'transaction_id': AMBIGUOUS MERGE — 'Txn_3660999' (n=1) vs 'Txn_3669990' (n=1). Frequencies are close; verify these are not distinct values before accepting the auto-fix.
2026-03-08 11:02:07,758 | WARNING | auto_fix_typos 'transaction_id': AMBIGUOUS MERGE — 'Txn_3490516' (n=1) vs 'Txn_3749051' (n=1). Frequencies are close; verify these are not distinct values before accepting the auto-fix.
2026-03-08 11:02:07,778 | WARNING | auto_fix_typos 'transaction_id': AMBIGUOUS MERGE — 'Txn_2726254' (n=1) vs 'Txn_7262554' (n=1). Frequencies are close; verify these are not distinct values before accepting the auto-fix.
2026-03-08 11:02:07,813 | WARNING | auto_fix_typos 'transaction_id': AMBIGUOUS MERGE — 'Txn_4933689' (n=1) vs 'Txn_4336892' (n=1). Frequencies are close; verify these are not distinct values before accepting the auto-fix.
2026-03-08 11:02:08,017 | WARNING | auto_fix_typos 'transaction_id': AMBIGUOUS MERGE — 'Txn_2917072' (n=1) vs 'Txn_2097072' (n=1). Frequencies are close; verify these are not distinct values before accepting the auto-fix.
2026-03-08 11:02:08,040 | WARNING | auto_fix_typos 'transaction_id': AMBIGUOUS MERGE — 'Txn_4653861' (n=1) vs 'Txn_4635386' (n=1). Frequencies are close; verify these are not distinct values before accepting the auto-fix.
2026-03-08 11:02:08,081 | WARNING | auto_fix_typos 'transaction_id': AMBIGUOUS MERGE — 'Txn_5153086' (n=1) vs 'Txn_5153686' (n=1). Frequencies are close; verify these are not distinct values before accepting the auto-fix.
2026-03-08 11:02:08,237 | WARNING | auto_fix_typos 'transaction_id': AMBIGUOUS MERGE — 'Txn_2500345' (n=1) vs 'Txn_2503245' (n=1). Frequencies are close; verify these are not distinct values before accepting the auto-fix.
2026-03-08 11:02:08,256 | WARNING | auto_fix_typos 'transaction_id': AMBIGUOUS MERGE — 'Txn_1228652' (n=1) vs 'Txn_1212652' (n=1). Frequencies are close; verify these are not distinct values before accepting the auto-fix.
2026-03-08 11:02:08,352 | WARNING | auto_fix_typos 'transaction_id': AMBIGUOUS MERGE — 'Txn_5915706' (n=1) vs 'Txn_5151706' (n=1). Frequencies are close; verify these are not distinct values before accepting the auto-fix.
2026-03-08 11:02:08,389 | WARNING | auto_fix_typos 'transaction_id': AMBIGUOUS MERGE — 'Txn_1870303' (n=1) vs 'Txn_1980303' (n=1). Frequencies are close; verify these are not distinct values before accepting the auto-fix.
2026-03-08 11:02:08,408 | WARNING | auto_fix_typos 'transaction_id': AMBIGUOUS MERGE — 'Txn_7766134' (n=1) vs 'Txn_8776634' (n=1). Frequencies are close; verify these are not distinct values before accepting the auto-fix.
2026-03-08 11:02:08,687 | WARNING | auto_fix_typos 'transaction_id': AMBIGUOUS MERGE — 'Txn_7921799' (n=1) vs 'Txn_7592199' (n=1). Frequencies are close; verify these are not distinct values before accepting the auto-fix.
2026-03-08 11:02:08,764 | WARNING | auto_fix_typos 'transaction_id': AMBIGUOUS MERGE — 'Txn_7272630' (n=1) vs 'Txn_4727260' (n=1). Frequencies are close; verify these are not distinct values before accepting the auto-fix.
2026-03-08 11:02:08,997 | WARNING | auto_fix_typos 'transaction_id': AMBIGUOUS MERGE — 'Txn_1063524' (n=1) vs 'Txn_1086324' (n=1). Frequencies are close; verify these are not distinct values before accepting the auto-fix.
2026-03-08 11:02:09,036 | WARNING | auto_fix_typos 'transaction_id': AMBIGUOUS MERGE — 'Txn_5781767' (n=1) vs 'Txn_5714767' (n=1). Frequencies are close; verify these are not distinct values before accepting the auto-fix.
2026-03-08 11:02:09,056 | WARNING | auto_fix_typos 'transaction_id': AMBIGUOUS MERGE — 'Txn_2035838' (n=1) vs 'Txn_2035283' (n=1). Frequencies are close; verify these are not distinct values before accepting the auto-fix.
2026-03-08 11:02:09,078 | WARNING | auto_fix_typos 'transaction_id': AMBIGUOUS MERGE — 'Txn_9643180' (n=1) vs 'Txn_9643918' (n=1). Frequencies are close; verify these are not distinct values before accepting the auto-fix.
2026-03-08 11:02:09,355 | WARNING | auto_fix_typos 'transaction_id': AMBIGUOUS MERGE — 'Txn_2933739' (n=1) vs 'Txn_2933439' (n=1). Frequencies are close; verify these are not distinct values before accepting the auto-fix.
2026-03-08 11:02:09,375 | WARNING | auto_fix_typos 'transaction_id': AMBIGUOUS MERGE — 'Txn_1239876' (n=1) vs 'Txn_1398769' (n=1). Frequencies are close; verify these are not distinct values before accepting the auto-fix.
2026-03-08 11:02:09,412 | WARNING | auto_fix_typos 'transaction_id': AMBIGUOUS MERGE — 'Txn_3858791' (n=1) vs 'Txn_3845871' (n=1). Frequencies are close; verify these are not distinct values before accepting the auto-fix.
2026-03-08 11:02:09,489 | WARNING | auto_fix_typos 'transaction_id': AMBIGUOUS MERGE — 'Txn_7242713' (n=1) vs 'Txn_7242133' (n=1). Frequencies are close; verify these are not distinct values before accepting the auto-fix.
2026-03-08 11:02:09,511 | WARNING | auto_fix_typos 'transaction_id': AMBIGUOUS MERGE — 'Txn_3651337' (n=1) vs 'Txn_3541337' (n=1). Frequencies are close; verify these are not distinct values before accepting the auto-fix.
2026-03-08 11:02:09,554 | WARNING | auto_fix_typos 'transaction_id': AMBIGUOUS MERGE — 'Txn_3455415' (n=1) vs 'Txn_3145515' (n=1). Frequencies are close; verify these are not distinct values before accepting the auto-fix.
2026-03-08 11:02:09,646 | WARNING | auto_fix_typos 'transaction_id': AMBIGUOUS MERGE — 'Txn_2599005' (n=1) vs 'Txn_9259900' (n=1). Frequencies are close; verify these are not distinct values before accepting the auto-fix.
2026-03-08 11:02:09,685 | WARNING | auto_fix_typos 'transaction_id': AMBIGUOUS MERGE — 'Txn_6549132' (n=1) vs 'Txn_6541329' (n=1). Frequencies are close; verify these are not distinct values before accepting the auto-fix.
2026-03-08 11:02:09,743 | WARNING | auto_fix_typos 'transaction_id': AMBIGUOUS MERGE — 'Txn_3197621' (n=1) vs 'Txn_3172621' (n=1). Frequencies are close; verify these are not distinct values before accepting the auto-fix.
2026-03-08 11:02:09,905 | WARNING | auto_fix_typos 'transaction_id': AMBIGUOUS MERGE — 'Txn_6584150' (n=1) vs 'Txn_6581580' (n=1). Frequencies are close; verify these are not distinct values before accepting the auto-fix.
2026-03-08 11:02:10,155 | WARNING | auto_fix_typos 'transaction_id': AMBIGUOUS MERGE — 'Txn_4786680' (n=1) vs 'Txn_7866805' (n=1). Frequencies are close; verify these are not distinct values before accepting the auto-fix.
2026-03-08 11:02:10,210 | WARNING | auto_fix_typos 'transaction_id': AMBIGUOUS MERGE — 'Txn_8999576' (n=1) vs 'Txn_6899576' (n=1). Frequencies are close; verify these are not distinct values before accepting the auto-fix.
2026-03-08 11:02:10,230 | WARNING | auto_fix_typos 'transaction_id': AMBIGUOUS MERGE — 'Txn_4844022' (n=1) vs 'Txn_4840522' (n=1). Frequencies are close; verify these are not distinct values before accepting the auto-fix.
2026-03-08 11:02:10,553 | WARNING | auto_fix_typos 'transaction_id': AMBIGUOUS MERGE — 'Txn_9257475' (n=1) vs 'Txn_9285475' (n=1). Frequencies are close; verify these are not distinct values before accepting the auto-fix.
2026-03-08 11:02:10,573 | WARNING | auto_fix_typos 'transaction_id': AMBIGUOUS MERGE — 'Txn_6616311' (n=1) vs 'Txn_3661311' (n=1). Frequencies are close; verify these are not distinct values before accepting the auto-fix.
2026-03-08 11:02:10,741 | WARNING | auto_fix_typos 'transaction_id': AMBIGUOUS MERGE — 'Txn_6388107' (n=1) vs 'Txn_2638810' (n=1). Frequencies are close; verify these are not distinct values before accepting the auto-fix.
2026-03-08 11:02:10,802 | WARNING | auto_fix_typos 'transaction_id': AMBIGUOUS MERGE — 'Txn_5882566' (n=1) vs 'Txn_2588566' (n=1). Frequencies are close; verify these are not distinct values before accepting the auto-fix.
2026-03-08 11:02:10,858 | WARNING | auto_fix_typos 'transaction_id': AMBIGUOUS MERGE — 'Txn_7116936' (n=1) vs 'Txn_7166936' (n=1). Frequencies are close; verify these are not distinct values before accepting the auto-fix.
2026-03-08 11:02:10,935 | WARNING | auto_fix_typos 'transaction_id': AMBIGUOUS MERGE — 'Txn_8941438' (n=1) vs 'Txn_9417438' (n=1). Frequencies are close; verify these are not distinct values before accepting the auto-fix.
2026-03-08 11:02:11,073 | WARNING | auto_fix_typos 'transaction_id': AMBIGUOUS MERGE — 'Txn_6552269' (n=1) vs 'Txn_6515226' (n=1). Frequencies are close; verify these are not distinct values before accepting the auto-fix.
2026-03-08 11:02:11,115 | WARNING | auto_fix_typos 'transaction_id': AMBIGUOUS MERGE — 'Txn_6037144' (n=1) vs 'Txn_6097144' (n=1). Frequencies are close; verify these are not distinct values before accepting the auto-fix.
2026-03-08 11:02:11,135 | WARNING | auto_fix_typos 'transaction_id': AMBIGUOUS MERGE — 'Txn_3494014' (n=1) vs 'Txn_3349404' (n=1). Frequencies are close; verify these are not distinct values before accepting the auto-fix.
2026-03-08 11:02:11,190 | WARNING | auto_fix_typos 'transaction_id': AMBIGUOUS MERGE — 'Txn_5423636' (n=1) vs 'Txn_5426236' (n=1). Frequencies are close; verify these are not distinct values before accepting the auto-fix.
2026-03-08 11:02:11,228 | WARNING | auto_fix_typos 'transaction_id': AMBIGUOUS MERGE — 'Txn_1635137' (n=1) vs 'Txn_1631377' (n=1). Frequencies are close; verify these are not distinct values before accepting the auto-fix.
2026-03-08 11:02:11,265 | WARNING | auto_fix_typos 'transaction_id': AMBIGUOUS MERGE — 'Txn_3747376' (n=1) vs 'Txn_6747376' (n=1). Frequencies are close; verify these are not distinct values before accepting the auto-fix.
2026-03-08 11:02:11,307 | WARNING | auto_fix_typos 'transaction_id': AMBIGUOUS MERGE — 'Txn_8606152' (n=1) vs 'Txn_8606912' (n=1). Frequencies are close; verify these are not distinct values before accepting the auto-fix.
2026-03-08 11:02:11,328 | WARNING | auto_fix_typos 'transaction_id': AMBIGUOUS MERGE — 'Txn_6898368' (n=1) vs 'Txn_8983868' (n=1). Frequencies are close; verify these are not distinct values before accepting the auto-fix.
2026-03-08 11:02:11,439 | WARNING | auto_fix_typos 'transaction_id': AMBIGUOUS MERGE — 'Txn_3599216' (n=1) vs 'Txn_5992166' (n=1). Frequencies are close; verify these are not distinct values before accepting the auto-fix.
2026-03-08 11:02:11,681 | WARNING | auto_fix_typos 'transaction_id': AMBIGUOUS MERGE — 'Txn_3680192' (n=1) vs 'Txn_6830192' (n=1). Frequencies are close; verify these are not distinct values before accepting the auto-fix.
2026-03-08 11:02:11,703 | WARNING | auto_fix_typos 'transaction_id': AMBIGUOUS MERGE — 'Txn_7435796' (n=1) vs 'Txn_7435096' (n=1). Frequencies are close; verify these are not distinct values before accepting the auto-fix.
2026-03-08 11:02:11,722 | WARNING | auto_fix_typos 'transaction_id': AMBIGUOUS MERGE — 'Txn_1882390' (n=1) vs 'Txn_1823906' (n=1). Frequencies are close; verify these are not distinct values before accepting the auto-fix.
2026-03-08 11:02:11,760 | WARNING | auto_fix_typos 'transaction_id': AMBIGUOUS MERGE — 'Txn_8038871' (n=1) vs 'Txn_2038871' (n=1). Frequencies are close; verify these are not distinct values before accepting the auto-fix.
2026-03-08 11:02:11,799 | WARNING | auto_fix_typos 'transaction_id': AMBIGUOUS MERGE — 'Txn_8139533' (n=1) vs 'Txn_8131533' (n=1). Frequencies are close; verify these are not distinct values before accepting the auto-fix.
2026-03-08 11:02:11,820 | WARNING | auto_fix_typos 'transaction_id': AMBIGUOUS MERGE — 'Txn_1998401' (n=1) vs 'Txn_1928401' (n=1). Frequencies are close; verify these are not distinct values before accepting the auto-fix.
2026-03-08 11:02:11,857 | WARNING | auto_fix_typos 'transaction_id': AMBIGUOUS MERGE — 'Txn_7349319' (n=1) vs 'Txn_5734319' (n=1). Frequencies are close; verify these are not distinct values before accepting the auto-fix.
2026-03-08 11:02:11,925 | WARNING | auto_fix_typos 'transaction_id': AMBIGUOUS MERGE — 'Txn_3964398' (n=1) vs 'Txn_9643918' (n=1). Frequencies are close; verify these are not distinct values before accepting the auto-fix.
2026-03-08 11:02:11,947 | WARNING | auto_fix_typos 'transaction_id': AMBIGUOUS MERGE — 'Txn_4372163' (n=1) vs 'Txn_4832163' (n=1). Frequencies are close; verify these are not distinct values before accepting the auto-fix.
2026-03-08 11:02:11,967 | WARNING | auto_fix_typos 'transaction_id': AMBIGUOUS MERGE — 'Txn_7083168' (n=1) vs 'Txn_7089316' (n=1). Frequencies are close; verify these are not distinct values before accepting the auto-fix.
2026-03-08 11:02:12,033 | WARNING | auto_fix_typos 'transaction_id': AMBIGUOUS MERGE — 'Txn_1900036' (n=1) vs 'Txn_1900906' (n=1). Frequencies are close; verify these are not distinct values before accepting the auto-fix.
2026-03-08 11:02:12,071 | WARNING | auto_fix_typos 'transaction_id': AMBIGUOUS MERGE — 'Txn_6851735' (n=1) vs 'Txn_6812735' (n=1). Frequencies are close; verify these are not distinct values before accepting the auto-fix.
2026-03-08 11:02:12,253 | WARNING | auto_fix_typos 'transaction_id': AMBIGUOUS MERGE — 'Txn_8377812' (n=1) vs 'Txn_8077812' (n=1). Frequencies are close; verify these are not distinct values before accepting the auto-fix.
2026-03-08 11:02:12,273 | WARNING | auto_fix_typos 'transaction_id': AMBIGUOUS MERGE — 'Txn_2603561' (n=1) vs 'Txn_2260351' (n=1). Frequencies are close; verify these are not distinct values before accepting the auto-fix.
2026-03-08 11:02:12,351 | WARNING | auto_fix_typos 'transaction_id': AMBIGUOUS MERGE — 'Txn_8916290' (n=1) vs 'Txn_8162690' (n=1). Frequencies are close; verify these are not distinct values before accepting the auto-fix.
2026-03-08 11:02:12,481 | WARNING | auto_fix_typos 'transaction_id': AMBIGUOUS MERGE — 'Txn_1367003' (n=1) vs 'Txn_3670103' (n=1). Frequencies are close; verify these are not distinct values before accepting the auto-fix.
2026-03-08 11:02:12,662 | WARNING | auto_fix_typos 'transaction_id': AMBIGUOUS MERGE — 'Txn_6377813' (n=1) vs 'Txn_6377838' (n=1). Frequencies are close; verify these are not distinct values before accepting the auto-fix.
2026-03-08 11:02:12,684 | WARNING | auto_fix_typos 'transaction_id': AMBIGUOUS MERGE — 'Txn_3271393' (n=1) vs 'Txn_6327139' (n=1). Frequencies are close; verify these are not distinct values before accepting the auto-fix.
2026-03-08 11:02:12,795 | WARNING | auto_fix_typos 'transaction_id': AMBIGUOUS MERGE — 'Txn_1203191' (n=1) vs 'Txn_1230311' (n=1). Frequencies are close; verify these are not distinct values before accepting the auto-fix.
2026-03-08 11:02:12,869 | WARNING | auto_fix_typos 'transaction_id': AMBIGUOUS MERGE — 'Txn_4536827' (n=1) vs 'Txn_5368297' (n=1). Frequencies are close; verify these are not distinct values before accepting the auto-fix.
2026-03-08 11:02:12,969 | WARNING | auto_fix_typos 'transaction_id': AMBIGUOUS MERGE — 'Txn_7637178' (n=1) vs 'Txn_7371782' (n=1). Frequencies are close; verify these are not distinct values before accepting the auto-fix.
2026-03-08 11:02:13,008 | WARNING | auto_fix_typos 'transaction_id': AMBIGUOUS MERGE — 'Txn_2591969' (n=1) vs 'Txn_7251969' (n=1). Frequencies are close; verify these are not distinct values before accepting the auto-fix.
2026-03-08 11:02:13,065 | WARNING | auto_fix_typos 'transaction_id': AMBIGUOUS MERGE — 'Txn_9278090' (n=1) vs 'Txn_9275800' (n=1). Frequencies are close; verify these are not distinct values before accepting the auto-fix.
2026-03-08 11:02:13,086 | WARNING | auto_fix_typos 'transaction_id': AMBIGUOUS MERGE — 'Txn_1193809' (n=1) vs 'Txn_2119809' (n=1). Frequencies are close; verify these are not distinct values before accepting the auto-fix.
2026-03-08 11:02:13,110 | WARNING | auto_fix_typos 'transaction_id': AMBIGUOUS MERGE — 'Txn_9281710' (n=1) vs 'Txn_9817102' (n=1). Frequencies are close; verify these are not distinct values before accepting the auto-fix.
2026-03-08 11:02:13,185 | WARNING | auto_fix_typos 'transaction_id': AMBIGUOUS MERGE — 'Txn_3902135' (n=1) vs 'Txn_3902815' (n=1). Frequencies are close; verify these are not distinct values before accepting the auto-fix.
2026-03-08 11:02:13,239 | WARNING | auto_fix_typos 'transaction_id': AMBIGUOUS MERGE — 'Txn_2278015' (n=1) vs 'Txn_2217015' (n=1). Frequencies are close; verify these are not distinct values before accepting the auto-fix.
2026-03-08 11:02:13,258 | WARNING | auto_fix_typos 'transaction_id': AMBIGUOUS MERGE — 'Txn_1077060' (n=1) vs 'Txn_4107706' (n=1). Frequencies are close; verify these are not distinct values before accepting the auto-fix.
2026-03-08 11:02:13,277 | WARNING | auto_fix_typos 'transaction_id': AMBIGUOUS MERGE — 'Txn_9362728' (n=1) vs 'Txn_3629728' (n=1). Frequencies are close; verify these are not distinct values before accepting the auto-fix.
2026-03-08 11:02:13,300 | WARNING | auto_fix_typos 'transaction_id': AMBIGUOUS MERGE — 'Txn_6471185' (n=1) vs 'Txn_6411385' (n=1). Frequencies are close; verify these are not distinct values before accepting the auto-fix.
2026-03-08 11:02:13,357 | WARNING | auto_fix_typos 'transaction_id': AMBIGUOUS MERGE — 'Txn_9281586' (n=1) vs 'Txn_9288156' (n=1). Frequencies are close; verify these are not distinct values before accepting the auto-fix.
2026-03-08 11:02:13,377 | WARNING | auto_fix_typos 'transaction_id': AMBIGUOUS MERGE — 'Txn_8721484' (n=1) vs 'Txn_8972184' (n=1). Frequencies are close; verify these are not distinct values before accepting the auto-fix.
2026-03-08 11:02:13,467 | WARNING | auto_fix_typos 'transaction_id': AMBIGUOUS MERGE — 'Txn_1538515' (n=1) vs 'Txn_1538510' (n=1). Frequencies are close; verify these are not distinct values before accepting the auto-fix.
2026-03-08 11:02:13,487 | WARNING | auto_fix_typos 'transaction_id': AMBIGUOUS MERGE — 'Txn_9774251' (n=1) vs 'Txn_9764251' (n=1). Frequencies are close; verify these are not distinct values before accepting the auto-fix.
2026-03-08 11:02:13,565 | WARNING | auto_fix_typos 'transaction_id': AMBIGUOUS MERGE — 'Txn_1082012' (n=1) vs 'Txn_7108012' (n=1). Frequencies are close; verify these are not distinct values before accepting the auto-fix.
2026-03-08 11:02:13,722 | WARNING | auto_fix_typos 'transaction_id': AMBIGUOUS MERGE — 'Txn_6309570' (n=1) vs 'Txn_6395070' (n=1). Frequencies are close; verify these are not distinct values before accepting the auto-fix.
2026-03-08 11:02:13,761 | WARNING | auto_fix_typos 'transaction_id': AMBIGUOUS MERGE — 'Txn_1118799' (n=1) vs 'Txn_5118799' (n=1). Frequencies are close; verify these are not distinct values before accepting the auto-fix.
2026-03-08 11:02:13,851 | WARNING | auto_fix_typos 'transaction_id': AMBIGUOUS MERGE — 'Txn_8616276' (n=1) vs 'Txn_8661276' (n=1). Frequencies are close; verify these are not distinct values before accepting the auto-fix.
2026-03-08 11:02:13,930 | WARNING | auto_fix_typos 'transaction_id': AMBIGUOUS MERGE — 'Txn_7013527' (n=1) vs 'Txn_3713527' (n=1). Frequencies are close; verify these are not distinct values before accepting the auto-fix.
2026-03-08 11:02:13,988 | WARNING | auto_fix_typos 'transaction_id': AMBIGUOUS MERGE — 'Txn_8106064' (n=1) vs 'Txn_9810604' (n=1). Frequencies are close; verify these are not distinct values before accepting the auto-fix.
2026-03-08 11:02:14,046 | WARNING | auto_fix_typos 'transaction_id': AMBIGUOUS MERGE — 'Txn_5506907' (n=1) vs 'Txn_5506097' (n=1). Frequencies are close; verify these are not distinct values before accepting the auto-fix.
2026-03-08 11:02:14,065 | WARNING | auto_fix_typos 'transaction_id': AMBIGUOUS MERGE — 'Txn_8155325' (n=1) vs 'Txn_8155535' (n=1). Frequencies are close; verify these are not distinct values before accepting the auto-fix.
2026-03-08 11:02:14,108 | WARNING | auto_fix_typos 'transaction_id': AMBIGUOUS MERGE — 'Txn_2111293' (n=1) vs 'Txn_2111973' (n=1). Frequencies are close; verify these are not distinct values before accepting the auto-fix.
2026-03-08 11:02:14,164 | WARNING | auto_fix_typos 'transaction_id': AMBIGUOUS MERGE — 'Txn_7485712' (n=1) vs 'Txn_7857126' (n=1). Frequencies are close; verify these are not distinct values before accepting the auto-fix.
2026-03-08 11:02:14,239 | WARNING | auto_fix_typos 'transaction_id': AMBIGUOUS MERGE — 'Txn_1430778' (n=1) vs 'Txn_1940778' (n=1). Frequencies are close; verify these are not distinct values before accepting the auto-fix.
2026-03-08 11:02:14,278 | WARNING | auto_fix_typos 'transaction_id': AMBIGUOUS MERGE — 'Txn_1833012' (n=1) vs 'Txn_8323012' (n=1). Frequencies are close; verify these are not distinct values before accepting the auto-fix.
2026-03-08 11:02:14,515 | WARNING | auto_fix_typos 'transaction_id': AMBIGUOUS MERGE — 'Txn_9715885' (n=1) vs 'Txn_7153885' (n=1). Frequencies are close; verify these are not distinct values before accepting the auto-fix.
2026-03-08 11:02:14,535 | WARNING | auto_fix_typos 'transaction_id': AMBIGUOUS MERGE — 'Txn_1583983' (n=1) vs 'Txn_1853983' (n=1). Frequencies are close; verify these are not distinct values before accepting the auto-fix.
2026-03-08 11:02:14,555 | WARNING | auto_fix_typos 'transaction_id': AMBIGUOUS MERGE — 'Txn_3634860' (n=1) vs 'Txn_3648160' (n=1). Frequencies are close; verify these are not distinct values before accepting the auto-fix.
2026-03-08 11:02:14,593 | WARNING | auto_fix_typos 'transaction_id': AMBIGUOUS MERGE — 'Txn_2379052' (n=1) vs 'Txn_3879052' (n=1). Frequencies are close; verify these are not distinct values before accepting the auto-fix.
2026-03-08 11:02:14,763 | WARNING | auto_fix_typos 'transaction_id': AMBIGUOUS MERGE — 'Txn_5293518' (n=1) vs 'Txn_5229351' (n=1). Frequencies are close; verify these are not distinct values before accepting the auto-fix.
2026-03-08 11:02:14,820 | WARNING | auto_fix_typos 'transaction_id': AMBIGUOUS MERGE — 'Txn_6478978' (n=1) vs 'Txn_6478968' (n=1). Frequencies are close; verify these are not distinct values before accepting the auto-fix.
2026-03-08 11:02:14,838 | WARNING | auto_fix_typos 'transaction_id': AMBIGUOUS MERGE — 'Txn_2030107' (n=1) vs 'Txn_2001807' (n=1). Frequencies are close; verify these are not distinct values before accepting the auto-fix.
2026-03-08 11:02:14,956 | WARNING | auto_fix_typos 'transaction_id': AMBIGUOUS MERGE — 'Txn_2629168' (n=1) vs 'Txn_2632916' (n=1). Frequencies are close; verify these are not distinct values before accepting the auto-fix.
2026-03-08 11:02:14,976 | WARNING | auto_fix_typos 'transaction_id': AMBIGUOUS MERGE — 'Txn_6416741' (n=1) vs 'Txn_6467414' (n=1). Frequencies are close; verify these are not distinct values before accepting the auto-fix.
2026-03-08 11:02:15,050 | WARNING | auto_fix_typos 'transaction_id': AMBIGUOUS MERGE — 'Txn_4849180' (n=1) vs 'Txn_4849860' (n=1). Frequencies are close; verify these are not distinct values before accepting the auto-fix.
2026-03-08 11:02:15,184 | WARNING | auto_fix_typos 'transaction_id': AMBIGUOUS MERGE — 'Txn_9246948' (n=1) vs 'Txn_9246986' (n=1). Frequencies are close; verify these are not distinct values before accepting the auto-fix.
2026-03-08 11:02:15,203 | WARNING | auto_fix_typos 'transaction_id': AMBIGUOUS MERGE — 'Txn_8519330' (n=1) vs 'Txn_8659330' (n=1). Frequencies are close; verify these are not distinct values before accepting the auto-fix.
2026-03-08 11:02:15,242 | WARNING | auto_fix_typos 'transaction_id': AMBIGUOUS MERGE — 'Txn_9859715' (n=1) vs 'Txn_9897215' (n=1). Frequencies are close; verify these are not distinct values before accepting the auto-fix.
2026-03-08 11:02:15,305 | WARNING | auto_fix_typos 'transaction_id': AMBIGUOUS MERGE — 'Txn_5275315' (n=1) vs 'Txn_5257531' (n=1). Frequencies are close; verify these are not distinct values before accepting the auto-fix.
2026-03-08 11:02:15,490 | WARNING | auto_fix_typos 'transaction_id': AMBIGUOUS MERGE — 'Txn_3856021' (n=1) vs 'Txn_3585602' (n=1). Frequencies are close; verify these are not distinct values before accepting the auto-fix.
2026-03-08 11:02:15,550 | WARNING | auto_fix_typos 'transaction_id': AMBIGUOUS MERGE — 'Txn_6935106' (n=1) vs 'Txn_6963106' (n=1). Frequencies are close; verify these are not distinct values before accepting the auto-fix.
2026-03-08 11:02:15,678 | WARNING | auto_fix_typos 'transaction_id': AMBIGUOUS MERGE — 'Txn_9134335' (n=1) vs 'Txn_9135433' (n=1). Frequencies are close; verify these are not distinct values before accepting the auto-fix.
2026-03-08 11:02:15,758 | WARNING | auto_fix_typos 'transaction_id': AMBIGUOUS MERGE — 'Txn_2336946' (n=1) vs 'Txn_2313646' (n=1). Frequencies are close; verify these are not distinct values before accepting the auto-fix.
2026-03-08 11:02:15,849 | WARNING | auto_fix_typos 'transaction_id': AMBIGUOUS MERGE — 'Txn_7466586' (n=1) vs 'Txn_7461658' (n=1). Frequencies are close; verify these are not distinct values before accepting the auto-fix.
2026-03-08 11:02:15,943 | WARNING | auto_fix_typos 'transaction_id': AMBIGUOUS MERGE — 'Txn_8205635' (n=1) vs 'Txn_2056358' (n=1). Frequencies are close; verify these are not distinct values before accepting the auto-fix.
2026-03-08 11:02:16,021 | WARNING | auto_fix_typos 'transaction_id': AMBIGUOUS MERGE — 'Txn_2324227' (n=1) vs 'Txn_3232227' (n=1). Frequencies are close; verify these are not distinct values before accepting the auto-fix.
2026-03-08 11:02:16,100 | WARNING | auto_fix_typos 'transaction_id': AMBIGUOUS MERGE — 'Txn_5743519' (n=1) vs 'Txn_5743619' (n=1). Frequencies are close; verify these are not distinct values before accepting the auto-fix.
2026-03-08 11:02:16,120 | WARNING | auto_fix_typos 'transaction_id': AMBIGUOUS MERGE — 'Txn_1783857' (n=1) vs 'Txn_7838576' (n=1). Frequencies are close; verify these are not distinct values before accepting the auto-fix.
2026-03-08 11:02:16,157 | WARNING | auto_fix_typos 'transaction_id': AMBIGUOUS MERGE — 'Txn_6732494' (n=1) vs 'Txn_2673294' (n=1). Frequencies are close; verify these are not distinct values before accepting the auto-fix.
2026-03-08 11:02:16,267 | WARNING | auto_fix_typos 'transaction_id': AMBIGUOUS MERGE — 'Txn_5747094' (n=1) vs 'Txn_5747509' (n=1). Frequencies are close; verify these are not distinct values before accepting the auto-fix.
2026-03-08 11:02:16,378 | WARNING | auto_fix_typos 'transaction_id': AMBIGUOUS MERGE — 'Txn_7210366' (n=1) vs 'Txn_2103626' (n=1). Frequencies are close; verify these are not distinct values before accepting the auto-fix.
2026-03-08 11:02:16,436 | WARNING | auto_fix_typos 'transaction_id': AMBIGUOUS MERGE — 'Txn_5827969' (n=1) vs 'Txn_8279269' (n=1). Frequencies are close; verify these are not distinct values before accepting the auto-fix.
2026-03-08 11:02:16,512 | WARNING | auto_fix_typos 'transaction_id': AMBIGUOUS MERGE — 'Txn_8066306' (n=1) vs 'Txn_8306630' (n=1). Frequencies are close; verify these are not distinct values before accepting the auto-fix.
2026-03-08 11:02:16,605 | WARNING | auto_fix_typos 'transaction_id': AMBIGUOUS MERGE — 'Txn_3104589' (n=1) vs 'Txn_3105489' (n=1). Frequencies are close; verify these are not distinct values before accepting the auto-fix.
2026-03-08 11:02:16,916 | WARNING | auto_fix_typos 'transaction_id': AMBIGUOUS MERGE — 'Txn_8511110' (n=1) vs 'Txn_8111101' (n=1). Frequencies are close; verify these are not distinct values before accepting the auto-fix.
2026-03-08 11:02:16,953 | WARNING | auto_fix_typos 'transaction_id': AMBIGUOUS MERGE — 'Txn_1812185' (n=1) vs 'Txn_1512185' (n=1). Frequencies are close; verify these are not distinct values before accepting the auto-fix.
2026-03-08 11:02:16,975 | WARNING | auto_fix_typos 'transaction_id': AMBIGUOUS MERGE — 'Txn_7899761' (n=1) vs 'Txn_7997641' (n=1). Frequencies are close; verify these are not distinct values before accepting the auto-fix.
2026-03-08 11:02:17,343 | WARNING | auto_fix_typos 'transaction_id': AMBIGUOUS MERGE — 'Txn_9673343' (n=1) vs 'Txn_6733436' (n=1). Frequencies are close; verify these are not distinct values before accepting the auto-fix.
2026-03-08 11:02:17,382 | WARNING | auto_fix_typos 'transaction_id': AMBIGUOUS MERGE — 'Txn_8384806' (n=1) vs 'Txn_8388056' (n=1). Frequencies are close; verify these are not distinct values before accepting the auto-fix.
2026-03-08 11:02:17,419 | WARNING | auto_fix_typos 'transaction_id': AMBIGUOUS MERGE — 'Txn_8131052' (n=1) vs 'Txn_8813052' (n=1). Frequencies are close; verify these are not distinct values before accepting the auto-fix.
2026-03-08 11:02:17,646 | WARNING | auto_fix_typos 'transaction_id': AMBIGUOUS MERGE — 'Txn_1171281' (n=1) vs 'Txn_1172121' (n=1). Frequencies are close; verify these are not distinct values before accepting the auto-fix.
2026-03-08 11:02:17,668 | WARNING | auto_fix_typos 'transaction_id': AMBIGUOUS MERGE — 'Txn_9875865' (n=1) vs 'Txn_9867586' (n=1). Frequencies are close; verify these are not distinct values before accepting the auto-fix.
2026-03-08 11:02:17,741 | WARNING | auto_fix_typos 'transaction_id': AMBIGUOUS MERGE — 'Txn_7762815' (n=1) vs 'Txn_7728415' (n=1). Frequencies are close; verify these are not distinct values before accepting the auto-fix.
2026-03-08 11:02:17,778 | WARNING | auto_fix_typos 'transaction_id': AMBIGUOUS MERGE — 'Txn_6201227' (n=1) vs 'Txn_3620122' (n=1). Frequencies are close; verify these are not distinct values before accepting the auto-fix.
2026-03-08 11:02:17,988 | WARNING | auto_fix_typos 'transaction_id': AMBIGUOUS MERGE — 'Txn_3067609' (n=1) vs 'Txn_3676019' (n=1). Frequencies are close; verify these are not distinct values before accepting the auto-fix.
2026-03-08 11:02:18,028 | WARNING | auto_fix_typos 'transaction_id': AMBIGUOUS MERGE — 'Txn_4052950' (n=1) vs 'Txn_4352950' (n=1). Frequencies are close; verify these are not distinct values before accepting the auto-fix.
2026-03-08 11:02:18,049 | WARNING | auto_fix_typos 'transaction_id': AMBIGUOUS MERGE — 'Txn_2207332' (n=1) vs 'Txn_2208733' (n=1). Frequencies are close; verify these are not distinct values before accepting the auto-fix.
2026-03-08 11:02:18,126 | WARNING | auto_fix_typos 'transaction_id': AMBIGUOUS MERGE — 'Txn_3548756' (n=1) vs 'Txn_5548756' (n=1). Frequencies are close; verify these are not distinct values before accepting the auto-fix.
2026-03-08 11:02:18,149 | WARNING | auto_fix_typos 'transaction_id': AMBIGUOUS MERGE — 'Txn_9332035' (n=1) vs 'Txn_9433035' (n=1). Frequencies are close; verify these are not distinct values before accepting the auto-fix.
2026-03-08 11:02:18,168 | WARNING | auto_fix_typos 'transaction_id': AMBIGUOUS MERGE — 'Txn_7539774' (n=1) vs 'Txn_6753977' (n=1). Frequencies are close; verify these are not distinct values before accepting the auto-fix.
2026-03-08 11:02:18,207 | WARNING | auto_fix_typos 'transaction_id': AMBIGUOUS MERGE — 'Txn_6707466' (n=1) vs 'Txn_6270766' (n=1). Frequencies are close; verify these are not distinct values before accepting the auto-fix.
2026-03-08 11:02:18,244 | WARNING | auto_fix_typos 'transaction_id': AMBIGUOUS MERGE — 'Txn_2365394' (n=1) vs 'Txn_2354394' (n=1). Frequencies are close; verify these are not distinct values before accepting the auto-fix.
2026-03-08 11:02:18,343 | WARNING | auto_fix_typos 'transaction_id': AMBIGUOUS MERGE — 'Txn_3547013' (n=1) vs 'Txn_3507013' (n=1). Frequencies are close; verify these are not distinct values before accepting the auto-fix.
2026-03-08 11:02:18,363 | WARNING | auto_fix_typos 'transaction_id': AMBIGUOUS MERGE — 'Txn_7705748' (n=1) vs 'Txn_7780748' (n=1). Frequencies are close; verify these are not distinct values before accepting the auto-fix.
2026-03-08 11:02:18,401 | WARNING | auto_fix_typos 'transaction_id': AMBIGUOUS MERGE — 'Txn_8073173' (n=1) vs 'Txn_4873173' (n=1). Frequencies are close; verify these are not distinct values before accepting the auto-fix.
2026-03-08 11:02:18,495 | WARNING | auto_fix_typos 'transaction_id': AMBIGUOUS MERGE — 'Txn_7402573' (n=1) vs 'Txn_8740257' (n=1). Frequencies are close; verify these are not distinct values before accepting the auto-fix.
2026-03-08 11:02:18,554 | WARNING | auto_fix_typos 'transaction_id': AMBIGUOUS MERGE — 'Txn_3054405' (n=1) vs 'Txn_3705445' (n=1). Frequencies are close; verify these are not distinct values before accepting the auto-fix.
2026-03-08 11:02:18,645 | WARNING | auto_fix_typos 'transaction_id': AMBIGUOUS MERGE — 'Txn_8244640' (n=1) vs 'Txn_8447640' (n=1). Frequencies are close; verify these are not distinct values before accepting the auto-fix.
2026-03-08 11:02:18,704 | WARNING | auto_fix_typos 'transaction_id': AMBIGUOUS MERGE — 'Txn_1058927' (n=1) vs 'Txn_1058957' (n=1). Frequencies are close; verify these are not distinct values before accepting the auto-fix.
2026-03-08 11:02:18,741 | WARNING | auto_fix_typos 'transaction_id': AMBIGUOUS MERGE — 'Txn_4497327' (n=1) vs 'Txn_4997327' (n=1). Frequencies are close; verify these are not distinct values before accepting the auto-fix.
2026-03-08 11:02:18,782 | WARNING | auto_fix_typos 'transaction_id': AMBIGUOUS MERGE — 'Txn_6029333' (n=1) vs 'Txn_6093331' (n=1). Frequencies are close; verify these are not distinct values before accepting the auto-fix.
2026-03-08 11:02:18,856 | WARNING | auto_fix_typos 'transaction_id': AMBIGUOUS MERGE — 'Txn_1505875' (n=1) vs 'Txn_1750875' (n=1). Frequencies are close; verify these are not distinct values before accepting the auto-fix.
2026-03-08 11:02:18,918 | WARNING | auto_fix_typos 'transaction_id': AMBIGUOUS MERGE — 'Txn_2000400' (n=1) vs 'Txn_2000406' (n=1). Frequencies are close; verify these are not distinct values before accepting the auto-fix.
2026-03-08 11:02:18,974 | WARNING | auto_fix_typos 'transaction_id': AMBIGUOUS MERGE — 'Txn_1724815' (n=1) vs 'Txn_1272815' (n=1). Frequencies are close; verify these are not distinct values before accepting the auto-fix.
2026-03-08 11:02:19,033 | WARNING | auto_fix_typos 'transaction_id': AMBIGUOUS MERGE — 'Txn_9265178' (n=1) vs 'Txn_2651789' (n=1). Frequencies are close; verify these are not distinct values before accepting the auto-fix.
2026-03-08 11:02:19,078 | WARNING | auto_fix_typos 'transaction_id': AMBIGUOUS MERGE — 'Txn_3776109' (n=1) vs 'Txn_3677109' (n=1). Frequencies are close; verify these are not distinct values before accepting the auto-fix.
2026-03-08 11:02:19,137 | WARNING | auto_fix_typos 'transaction_id': AMBIGUOUS MERGE — 'Txn_4654061' (n=1) vs 'Txn_4650611' (n=1). Frequencies are close; verify these are not distinct values before accepting the auto-fix.
2026-03-08 11:02:19,176 | WARNING | auto_fix_typos 'transaction_id': AMBIGUOUS MERGE — 'Txn_1647069' (n=1) vs 'Txn_1640649' (n=1). Frequencies are close; verify these are not distinct values before accepting the auto-fix.
2026-03-08 11:02:19,343 | WARNING | auto_fix_typos 'transaction_id': AMBIGUOUS MERGE — 'Txn_6682443' (n=1) vs 'Txn_6824743' (n=1). Frequencies are close; verify these are not distinct values before accepting the auto-fix.
2026-03-08 11:02:19,527 | WARNING | auto_fix_typos 'transaction_id': AMBIGUOUS MERGE — 'Txn_8173006' (n=1) vs 'Txn_8917300' (n=1). Frequencies are close; verify these are not distinct values before accepting the auto-fix.
2026-03-08 11:02:19,691 | WARNING | auto_fix_typos 'transaction_id': AMBIGUOUS MERGE — 'Txn_6775024' (n=1) vs 'Txn_7375024' (n=1). Frequencies are close; verify these are not distinct values before accepting the auto-fix.
2026-03-08 11:02:19,783 | WARNING | auto_fix_typos 'transaction_id': AMBIGUOUS MERGE — 'Txn_1971103' (n=1) vs 'Txn_1911093' (n=1). Frequencies are close; verify these are not distinct values before accepting the auto-fix.
2026-03-08 11:02:19,821 | WARNING | auto_fix_typos 'transaction_id': AMBIGUOUS MERGE — 'Txn_1435035' (n=1) vs 'Txn_7143535' (n=1). Frequencies are close; verify these are not distinct values before accepting the auto-fix.
2026-03-08 11:02:19,922 | WARNING | auto_fix_typos 'transaction_id': AMBIGUOUS MERGE — 'Txn_5848025' (n=1) vs 'Txn_7584025' (n=1). Frequencies are close; verify these are not distinct values before accepting the auto-fix.
2026-03-08 11:02:19,968 | WARNING | auto_fix_typos 'transaction_id': AMBIGUOUS MERGE — 'Txn_4661976' (n=1) vs 'Txn_4676976' (n=1). Frequencies are close; verify these are not distinct values before accepting the auto-fix.
2026-03-08 11:02:20,038 | WARNING | auto_fix_typos 'transaction_id': AMBIGUOUS MERGE — 'Txn_6387334' (n=1) vs 'Txn_1637334' (n=1). Frequencies are close; verify these are not distinct values before accepting the auto-fix.
2026-03-08 11:02:20,059 | WARNING | auto_fix_typos 'transaction_id': AMBIGUOUS MERGE — 'Txn_6431384' (n=1) vs 'Txn_6243134' (n=1). Frequencies are close; verify these are not distinct values before accepting the auto-fix.
2026-03-08 11:02:20,158 | WARNING | auto_fix_typos 'transaction_id': AMBIGUOUS MERGE — 'Txn_5530717' (n=1) vs 'Txn_5537517' (n=1). Frequencies are close; verify these are not distinct values before accepting the auto-fix.
2026-03-08 11:02:20,233 | WARNING | auto_fix_typos 'transaction_id': AMBIGUOUS MERGE — 'Txn_6315475' (n=1) vs 'Txn_6231475' (n=1). Frequencies are close; verify these are not distinct values before accepting the auto-fix.
2026-03-08 11:02:20,310 | WARNING | auto_fix_typos 'transaction_id': AMBIGUOUS MERGE — 'Txn_6504180' (n=1) vs 'Txn_6541809' (n=1). Frequencies are close; verify these are not distinct values before accepting the auto-fix.
2026-03-08 11:02:20,389 | WARNING | auto_fix_typos 'transaction_id': AMBIGUOUS MERGE — 'Txn_7499330' (n=1) vs 'Txn_1749930' (n=1). Frequencies are close; verify these are not distinct values before accepting the auto-fix.
2026-03-08 11:02:20,537 | WARNING | auto_fix_typos 'transaction_id': AMBIGUOUS MERGE — 'Txn_8810601' (n=1) vs 'Txn_8810001' (n=1). Frequencies are close; verify these are not distinct values before accepting the auto-fix.
2026-03-08 11:02:20,556 | WARNING | auto_fix_typos 'transaction_id': AMBIGUOUS MERGE — 'Txn_6572164' (n=1) vs 'Txn_5172164' (n=1). Frequencies are close; verify these are not distinct values before accepting the auto-fix.
2026-03-08 11:02:20,613 | WARNING | auto_fix_typos 'transaction_id': AMBIGUOUS MERGE — 'Txn_2470532' (n=1) vs 'Txn_2705302' (n=1). Frequencies are close; verify these are not distinct values before accepting the auto-fix.
2026-03-08 11:02:20,652 | WARNING | auto_fix_typos 'transaction_id': AMBIGUOUS MERGE — 'Txn_6519486' (n=1) vs 'Txn_6189486' (n=1). Frequencies are close; verify these are not distinct values before accepting the auto-fix.
2026-03-08 11:02:20,709 | WARNING | auto_fix_typos 'transaction_id': AMBIGUOUS MERGE — 'Txn_2026084' (n=1) vs 'Txn_2062604' (n=1). Frequencies are close; verify these are not distinct values before accepting the auto-fix.
2026-03-08 11:02:20,768 | WARNING | auto_fix_typos 'transaction_id': AMBIGUOUS MERGE — 'Txn_5202349' (n=1) vs 'Txn_5023419' (n=1). Frequencies are close; verify these are not distinct values before accepting the auto-fix.
2026-03-08 11:02:20,860 | WARNING | auto_fix_typos 'transaction_id': AMBIGUOUS MERGE — 'Txn_6905794' (n=1) vs 'Txn_6057914' (n=1). Frequencies are close; verify these are not distinct values before accepting the auto-fix.
2026-03-08 11:02:21,018 | WARNING | auto_fix_typos 'transaction_id': AMBIGUOUS MERGE — 'Txn_7771526' (n=1) vs 'Txn_7771516' (n=1). Frequencies are close; verify these are not distinct values before accepting the auto-fix.
2026-03-08 11:02:21,074 | WARNING | auto_fix_typos 'transaction_id': AMBIGUOUS MERGE — 'Txn_5320512' (n=1) vs 'Txn_5342051' (n=1). Frequencies are close; verify these are not distinct values before accepting the auto-fix.
2026-03-08 11:02:21,242 | WARNING | auto_fix_typos 'transaction_id': AMBIGUOUS MERGE — 'Txn_5037517' (n=1) vs 'Txn_5537517' (n=1). Frequencies are close; verify these are not distinct values before accepting the auto-fix.
2026-03-08 11:02:21,299 | WARNING | auto_fix_typos 'transaction_id': AMBIGUOUS MERGE — 'Txn_7801115' (n=1) vs 'Txn_7805115' (n=1). Frequencies are close; verify these are not distinct values before accepting the auto-fix.
2026-03-08 11:02:21,320 | WARNING | auto_fix_typos 'transaction_id': AMBIGUOUS MERGE — 'Txn_4753853' (n=1) vs 'Txn_4750383' (n=1). Frequencies are close; verify these are not distinct values before accepting the auto-fix.
2026-03-08 11:02:21,356 | WARNING | auto_fix_typos 'transaction_id': AMBIGUOUS MERGE — 'Txn_2817018' (n=1) vs 'Txn_2810187' (n=1). Frequencies are close; verify these are not distinct values before accepting the auto-fix.
2026-03-08 11:02:21,431 | WARNING | auto_fix_typos 'transaction_id': AMBIGUOUS MERGE — 'Txn_8936086' (n=1) vs 'Txn_9360886' (n=1). Frequencies are close; verify these are not distinct values before accepting the auto-fix.
2026-03-08 11:02:21,450 | WARNING | auto_fix_typos 'transaction_id': AMBIGUOUS MERGE — 'Txn_7808032' (n=1) vs 'Txn_7580803' (n=1). Frequencies are close; verify these are not distinct values before accepting the auto-fix.
2026-03-08 11:02:21,491 | WARNING | auto_fix_typos 'transaction_id': AMBIGUOUS MERGE — 'Txn_9827492' (n=1) vs 'Txn_9874192' (n=1). Frequencies are close; verify these are not distinct values before accepting the auto-fix.
2026-03-08 11:02:21,548 | WARNING | auto_fix_typos 'transaction_id': AMBIGUOUS MERGE — 'Txn_4566012' (n=1) vs 'Txn_4956012' (n=1). Frequencies are close; verify these are not distinct values before accepting the auto-fix.
2026-03-08 11:02:21,657 | WARNING | auto_fix_typos 'transaction_id': AMBIGUOUS MERGE — 'Txn_1661068' (n=1) vs 'Txn_1661682' (n=1). Frequencies are close; verify these are not distinct values before accepting the auto-fix.
2026-03-08 11:02:21,713 | WARNING | auto_fix_typos 'transaction_id': AMBIGUOUS MERGE — 'Txn_4191925' (n=1) vs 'Txn_4919285' (n=1). Frequencies are close; verify these are not distinct values before accepting the auto-fix.
2026-03-08 11:02:21,807 | WARNING | auto_fix_typos 'transaction_id': AMBIGUOUS MERGE — 'Txn_6745856' (n=1) vs 'Txn_7458568' (n=1). Frequencies are close; verify these are not distinct values before accepting the auto-fix.
2026-03-08 11:02:21,861 | WARNING | auto_fix_typos 'transaction_id': AMBIGUOUS MERGE — 'Txn_9646000' (n=1) vs 'Txn_9660030' (n=1). Frequencies are close; verify these are not distinct values before accepting the auto-fix.
2026-03-08 11:02:21,999 | WARNING | auto_fix_typos 'transaction_id': AMBIGUOUS MERGE — 'Txn_7493097' (n=1) vs 'Txn_7436097' (n=1). Frequencies are close; verify these are not distinct values before accepting the auto-fix.
2026-03-08 11:02:22,038 | WARNING | auto_fix_typos 'transaction_id': AMBIGUOUS MERGE — 'Txn_4262142' (n=1) vs 'Txn_4826214' (n=1). Frequencies are close; verify these are not distinct values before accepting the auto-fix.
2026-03-08 11:02:22,057 | WARNING | auto_fix_typos 'transaction_id': AMBIGUOUS MERGE — 'Txn_7153313' (n=1) vs 'Txn_7153321' (n=1). Frequencies are close; verify these are not distinct values before accepting the auto-fix.
2026-03-08 11:02:22,094 | WARNING | auto_fix_typos 'transaction_id': AMBIGUOUS MERGE — 'Txn_3589218' (n=1) vs 'Txn_3158921' (n=1). Frequencies are close; verify these are not distinct values before accepting the auto-fix.
2026-03-08 11:02:22,137 | WARNING | auto_fix_typos 'transaction_id': AMBIGUOUS MERGE — 'Txn_2586183' (n=1) vs 'Txn_2586830' (n=1). Frequencies are close; verify these are not distinct values before accepting the auto-fix.
2026-03-08 11:02:22,158 | WARNING | auto_fix_typos 'transaction_id': AMBIGUOUS MERGE — 'Txn_2436779' (n=1) vs 'Txn_7243779' (n=1). Frequencies are close; verify these are not distinct values before accepting the auto-fix.
2026-03-08 11:02:22,176 | WARNING | auto_fix_typos 'transaction_id': AMBIGUOUS MERGE — 'Txn_4001763' (n=1) vs 'Txn_4030763' (n=1). Frequencies are close; verify these are not distinct values before accepting the auto-fix.
2026-03-08 11:02:22,232 | WARNING | auto_fix_typos 'transaction_id': AMBIGUOUS MERGE — 'Txn_4379467' (n=1) vs 'Txn_2379467' (n=1). Frequencies are close; verify these are not distinct values before accepting the auto-fix.
2026-03-08 11:02:22,290 | WARNING | auto_fix_typos 'transaction_id': AMBIGUOUS MERGE — 'Txn_8566668' (n=1) vs 'Txn_8566683' (n=1). Frequencies are close; verify these are not distinct values before accepting the auto-fix.
2026-03-08 11:02:22,364 | WARNING | auto_fix_typos 'transaction_id': AMBIGUOUS MERGE — 'Txn_5141000' (n=1) vs 'Txn_1641000' (n=1). Frequencies are close; verify these are not distinct values before accepting the auto-fix.
2026-03-08 11:02:22,457 | WARNING | auto_fix_typos 'transaction_id': AMBIGUOUS MERGE — 'Txn_7509630' (n=1) vs 'Txn_7750963' (n=1). Frequencies are close; verify these are not distinct values before accepting the auto-fix.
2026-03-08 11:02:22,536 | WARNING | auto_fix_typos 'transaction_id': AMBIGUOUS MERGE — 'Txn_9284099' (n=1) vs 'Txn_9928409' (n=1). Frequencies are close; verify these are not distinct values before accepting the auto-fix.
2026-03-08 11:02:22,574 | WARNING | auto_fix_typos 'transaction_id': AMBIGUOUS MERGE — 'Txn_7454416' (n=1) vs 'Txn_7954416' (n=1). Frequencies are close; verify these are not distinct values before accepting the auto-fix.
2026-03-08 11:02:22,708 | WARNING | auto_fix_typos 'transaction_id': AMBIGUOUS MERGE — 'Txn_7139869' (n=1) vs 'Txn_1398769' (n=1). Frequencies are close; verify these are not distinct values before accepting the auto-fix.
2026-03-08 11:02:22,836 | WARNING | auto_fix_typos 'transaction_id': AMBIGUOUS MERGE — 'Txn_1772692' (n=1) vs 'Txn_1872692' (n=1). Frequencies are close; verify these are not distinct values before accepting the auto-fix.
2026-03-08 11:02:22,876 | WARNING | auto_fix_typos 'transaction_id': AMBIGUOUS MERGE — 'Txn_2980279' (n=1) vs 'Txn_9890279' (n=1). Frequencies are close; verify these are not distinct values before accepting the auto-fix.
2026-03-08 11:02:22,935 | WARNING | auto_fix_typos 'transaction_id': AMBIGUOUS MERGE — 'Txn_8549381' (n=1) vs 'Txn_9549381' (n=1). Frequencies are close; verify these are not distinct values before accepting the auto-fix.
2026-03-08 11:02:23,053 | WARNING | auto_fix_typos 'transaction_id': AMBIGUOUS MERGE — 'Txn_6272674' (n=1) vs 'Txn_6226704' (n=1). Frequencies are close; verify these are not distinct values before accepting the auto-fix.
2026-03-08 11:02:23,163 | WARNING | auto_fix_typos 'transaction_id': AMBIGUOUS MERGE — 'Txn_3458602' (n=1) vs 'Txn_3585602' (n=1). Frequencies are close; verify these are not distinct values before accepting the auto-fix.
2026-03-08 11:02:23,186 | WARNING | auto_fix_typos 'transaction_id': AMBIGUOUS MERGE — 'Txn_1368769' (n=1) vs 'Txn_1398769' (n=1). Frequencies are close; verify these are not distinct values before accepting the auto-fix.
2026-03-08 11:02:23,259 | WARNING | auto_fix_typos 'transaction_id': AMBIGUOUS MERGE — 'Txn_7975760' (n=1) vs 'Txn_7097760' (n=1). Frequencies are close; verify these are not distinct values before accepting the auto-fix.
2026-03-08 11:02:23,371 | WARNING | auto_fix_typos 'transaction_id': AMBIGUOUS MERGE — 'Txn_6838802' (n=1) vs 'Txn_7838802' (n=1). Frequencies are close; verify these are not distinct values before accepting the auto-fix.
2026-03-08 11:02:23,463 | WARNING | auto_fix_typos 'transaction_id': AMBIGUOUS MERGE — 'Txn_9592941' (n=1) vs 'Txn_5929341' (n=1). Frequencies are close; verify these are not distinct values before accepting the auto-fix.
2026-03-08 11:02:23,578 | WARNING | auto_fix_typos 'transaction_id': AMBIGUOUS MERGE — 'Txn_5347792' (n=1) vs 'Txn_5047792' (n=1). Frequencies are close; verify these are not distinct values before accepting the auto-fix.
2026-03-08 11:02:23,671 | WARNING | auto_fix_typos 'transaction_id': AMBIGUOUS MERGE — 'Txn_6470865' (n=1) vs 'Txn_6708165' (n=1). Frequencies are close; verify these are not distinct values before accepting the auto-fix.
2026-03-08 11:02:23,735 | WARNING | auto_fix_typos 'transaction_id': AMBIGUOUS MERGE — 'Txn_2513558' (n=1) vs 'Txn_2135358' (n=1). Frequencies are close; verify these are not distinct values before accepting the auto-fix.
2026-03-08 11:02:23,754 | WARNING | auto_fix_typos 'transaction_id': AMBIGUOUS MERGE — 'Txn_7460497' (n=1) vs 'Txn_7436097' (n=1). Frequencies are close; verify these are not distinct values before accepting the auto-fix.
2026-03-08 11:02:23,844 | WARNING | auto_fix_typos 'transaction_id': AMBIGUOUS MERGE — 'Txn_6438869' (n=1) vs 'Txn_4328869' (n=1). Frequencies are close; verify these are not distinct values before accepting the auto-fix.
2026-03-08 11:02:23,981 | WARNING | auto_fix_typos 'transaction_id': AMBIGUOUS MERGE — 'Txn_2417721' (n=1) vs 'Txn_2477021' (n=1). Frequencies are close; verify these are not distinct values before accepting the auto-fix.
2026-03-08 11:02:24,160 | WARNING | auto_fix_typos 'transaction_id': AMBIGUOUS MERGE — 'Txn_3670476' (n=1) vs 'Txn_3674876' (n=1). Frequencies are close; verify these are not distinct values before accepting the auto-fix.
2026-03-08 11:02:24,215 | WARNING | auto_fix_typos 'transaction_id': AMBIGUOUS MERGE — 'Txn_2827994' (n=1) vs 'Txn_2878994' (n=1). Frequencies are close; verify these are not distinct values before accepting the auto-fix.
2026-03-08 11:02:24,312 | WARNING | auto_fix_typos 'transaction_id': AMBIGUOUS MERGE — 'Txn_2311186' (n=1) vs 'Txn_2311188' (n=1). Frequencies are close; verify these are not distinct values before accepting the auto-fix.
2026-03-08 11:02:24,367 | WARNING | auto_fix_typos 'transaction_id': AMBIGUOUS MERGE — 'Txn_8710758' (n=1) vs 'Txn_8707598' (n=1). Frequencies are close; verify these are not distinct values before accepting the auto-fix.
2026-03-08 11:02:24,440 | WARNING | auto_fix_typos 'transaction_id': AMBIGUOUS MERGE — 'Txn_5898238' (n=1) vs 'Txn_8982328' (n=1). Frequencies are close; verify these are not distinct values before accepting the auto-fix.
2026-03-08 11:02:24,521 | WARNING | auto_fix_typos 'transaction_id': AMBIGUOUS MERGE — 'Txn_7268802' (n=1) vs 'Txn_7688029' (n=1). Frequencies are close; verify these are not distinct values before accepting the auto-fix.
2026-03-08 11:02:24,541 | WARNING | auto_fix_typos 'transaction_id': AMBIGUOUS MERGE — 'Txn_3894735' (n=1) vs 'Txn_3894173' (n=1). Frequencies are close; verify these are not distinct values before accepting the auto-fix.
2026-03-08 11:02:24,632 | WARNING | auto_fix_typos 'transaction_id': AMBIGUOUS MERGE — 'Txn_2927909' (n=1) vs 'Txn_7292790' (n=1). Frequencies are close; verify these are not distinct values before accepting the auto-fix.
2026-03-08 11:02:24,772 | WARNING | auto_fix_typos 'transaction_id': AMBIGUOUS MERGE — 'Txn_4381404' (n=1) vs 'Txn_4314504' (n=1). Frequencies are close; verify these are not distinct values before accepting the auto-fix.
2026-03-08 11:02:24,792 | WARNING | auto_fix_typos 'transaction_id': AMBIGUOUS MERGE — 'Txn_8406851' (n=1) vs 'Txn_8068515' (n=1). Frequencies are close; verify these are not distinct values before accepting the auto-fix.
2026-03-08 11:02:24,829 | WARNING | auto_fix_typos 'transaction_id': AMBIGUOUS MERGE — 'Txn_1463795' (n=1) vs 'Txn_4146795' (n=1). Frequencies are close; verify these are not distinct values before accepting the auto-fix.
2026-03-08 11:02:24,949 | WARNING | auto_fix_typos 'transaction_id': AMBIGUOUS MERGE — 'Txn_1197495' (n=1) vs 'Txn_1139495' (n=1). Frequencies are close; verify these are not distinct values before accepting the auto-fix.
2026-03-08 11:02:25,045 | WARNING | auto_fix_typos 'transaction_id': AMBIGUOUS MERGE — 'Txn_6575440' (n=1) vs 'Txn_6571440' (n=1). Frequencies are close; verify these are not distinct values before accepting the auto-fix.
2026-03-08 11:02:25,064 | WARNING | auto_fix_typos 'transaction_id': AMBIGUOUS MERGE — 'Txn_5225537' (n=1) vs 'Txn_5255387' (n=1). Frequencies are close; verify these are not distinct values before accepting the auto-fix.
2026-03-08 11:02:25,107 | WARNING | auto_fix_typos 'transaction_id': AMBIGUOUS MERGE — 'Txn_8130122' (n=1) vs 'Txn_8170122' (n=1). Frequencies are close; verify these are not distinct values before accepting the auto-fix.
2026-03-08 11:02:25,144 | WARNING | auto_fix_typos 'transaction_id': AMBIGUOUS MERGE — 'Txn_7053280' (n=1) vs 'Txn_7053830' (n=1). Frequencies are close; verify these are not distinct values before accepting the auto-fix.
2026-03-08 11:02:25,163 | WARNING | auto_fix_typos 'transaction_id': AMBIGUOUS MERGE — 'Txn_9407000' (n=1) vs 'Txn_4070040' (n=1). Frequencies are close; verify these are not distinct values before accepting the auto-fix.
2026-03-08 11:02:25,298 | WARNING | auto_fix_typos 'transaction_id': AMBIGUOUS MERGE — 'Txn_2251009' (n=1) vs 'Txn_2210019' (n=1). Frequencies are close; verify these are not distinct values before accepting the auto-fix.
2026-03-08 11:02:25,424 | WARNING | auto_fix_typos 'transaction_id': AMBIGUOUS MERGE — 'Txn_4141868' (n=1) vs 'Txn_5414186' (n=1). Frequencies are close; verify these are not distinct values before accepting the auto-fix.
2026-03-08 11:02:25,705 | WARNING | auto_fix_typos 'transaction_id': AMBIGUOUS MERGE — 'Txn_5927925' (n=1) vs 'Txn_5927258' (n=1). Frequencies are close; verify these are not distinct values before accepting the auto-fix.
2026-03-08 11:02:25,833 | WARNING | auto_fix_typos 'transaction_id': AMBIGUOUS MERGE — 'Txn_1196923' (n=1) vs 'Txn_1196223' (n=1). Frequencies are close; verify these are not distinct values before accepting the auto-fix.
2026-03-08 11:02:25,928 | WARNING | auto_fix_typos 'transaction_id': AMBIGUOUS MERGE — 'Txn_7618171' (n=1) vs 'Txn_7961171' (n=1). Frequencies are close; verify these are not distinct values before accepting the auto-fix.
2026-03-08 11:02:26,028 | WARNING | auto_fix_typos 'transaction_id': AMBIGUOUS MERGE — 'Txn_7234224' (n=1) vs 'Txn_7232524' (n=1). Frequencies are close; verify these are not distinct values before accepting the auto-fix.
2026-03-08 11:02:26,121 | WARNING | auto_fix_typos 'transaction_id': AMBIGUOUS MERGE — 'Txn_8913153' (n=1) vs 'Txn_8131533' (n=1). Frequencies are close; verify these are not distinct values before accepting the auto-fix.
2026-03-08 11:02:26,147 | WARNING | auto_fix_typos 'transaction_id': AMBIGUOUS MERGE — 'Txn_7595206' (n=1) vs 'Txn_7595096' (n=1). Frequencies are close; verify these are not distinct values before accepting the auto-fix.
2026-03-08 11:02:26,178 | WARNING | auto_fix_typos 'transaction_id': AMBIGUOUS MERGE — 'Txn_8424592' (n=1) vs 'Txn_8842592' (n=1). Frequencies are close; verify these are not distinct values before accepting the auto-fix.
2026-03-08 11:02:26,226 | WARNING | auto_fix_typos 'transaction_id': AMBIGUOUS MERGE — 'Txn_3105786' (n=1) vs 'Txn_3157867' (n=1). Frequencies are close; verify these are not distinct values before accepting the auto-fix.
2026-03-08 11:02:26,327 | WARNING | auto_fix_typos 'transaction_id': AMBIGUOUS MERGE — 'Txn_6613909' (n=1) vs 'Txn_6361309' (n=1). Frequencies are close; verify these are not distinct values before accepting the auto-fix.
2026-03-08 11:02:26,385 | WARNING | auto_fix_typos 'transaction_id': AMBIGUOUS MERGE — 'Txn_9811033' (n=1) vs 'Txn_9110336' (n=1). Frequencies are close; verify these are not distinct values before accepting the auto-fix.
2026-03-08 11:02:26,430 | WARNING | auto_fix_typos 'transaction_id': AMBIGUOUS MERGE — 'Txn_5384343' (n=1) vs 'Txn_3843943' (n=1). Frequencies are close; verify these are not distinct values before accepting the auto-fix.
2026-03-08 11:02:26,451 | WARNING | auto_fix_typos 'transaction_id': AMBIGUOUS MERGE — 'Txn_8361821' (n=1) vs 'Txn_8361813' (n=1). Frequencies are close; verify these are not distinct values before accepting the auto-fix.
2026-03-08 11:02:26,476 | WARNING | auto_fix_typos 'transaction_id': AMBIGUOUS MERGE — 'Txn_1891141' (n=1) vs 'Txn_1899114' (n=1). Frequencies are close; verify these are not distinct values before accepting the auto-fix.
2026-03-08 11:02:26,537 | WARNING | auto_fix_typos 'transaction_id': AMBIGUOUS MERGE — 'Txn_5354721' (n=1) vs 'Txn_5235471' (n=1). Frequencies are close; verify these are not distinct values before accepting the auto-fix.
2026-03-08 11:02:26,578 | WARNING | auto_fix_typos 'transaction_id': AMBIGUOUS MERGE — 'Txn_1852224' (n=1) vs 'Txn_1822234' (n=1). Frequencies are close; verify these are not distinct values before accepting the auto-fix.
2026-03-08 11:02:26,617 | WARNING | auto_fix_typos 'transaction_id': AMBIGUOUS MERGE — 'Txn_8786479' (n=1) vs 'Txn_9878649' (n=1). Frequencies are close; verify these are not distinct values before accepting the auto-fix.
2026-03-08 11:02:26,920 | WARNING | auto_fix_typos 'transaction_id': AMBIGUOUS MERGE — 'Txn_6991736' (n=1) vs 'Txn_6591736' (n=1). Frequencies are close; verify these are not distinct values before accepting the auto-fix.
2026-03-08 11:02:26,960 | WARNING | auto_fix_typos 'transaction_id': AMBIGUOUS MERGE — 'Txn_8120577' (n=1) vs 'Txn_1205773' (n=1). Frequencies are close; verify these are not distinct values before accepting the auto-fix.
2026-03-08 11:02:26,980 | WARNING | auto_fix_typos 'transaction_id': AMBIGUOUS MERGE — 'Txn_9072093' (n=1) vs 'Txn_9792093' (n=1). Frequencies are close; verify these are not distinct values before accepting the auto-fix.
2026-03-08 11:02:27,135 | WARNING | auto_fix_typos 'transaction_id': AMBIGUOUS MERGE — 'Txn_1910487' (n=1) vs 'Txn_9191048' (n=1). Frequencies are close; verify these are not distinct values before accepting the auto-fix.
2026-03-08 11:02:27,156 | WARNING | auto_fix_typos 'transaction_id': AMBIGUOUS MERGE — 'Txn_6142549' (n=1) vs 'Txn_6142529' (n=1). Frequencies are close; verify these are not distinct values before accepting the auto-fix.
2026-03-08 11:02:27,283 | WARNING | auto_fix_typos 'transaction_id': AMBIGUOUS MERGE — 'Txn_5183674' (n=1) vs 'Txn_1836754' (n=1). Frequencies are close; verify these are not distinct values before accepting the auto-fix.
2026-03-08 11:02:27,449 | WARNING | auto_fix_typos 'transaction_id': AMBIGUOUS MERGE — 'Txn_5530097' (n=1) vs 'Txn_5506097' (n=1). Frequencies are close; verify these are not distinct values before accepting the auto-fix.
2026-03-08 11:02:27,614 | WARNING | auto_fix_typos 'transaction_id': AMBIGUOUS MERGE — 'Txn_3866156' (n=1) vs 'Txn_3866162' (n=1). Frequencies are close; verify these are not distinct values before accepting the auto-fix.
2026-03-08 11:02:27,634 | WARNING | auto_fix_typos 'transaction_id': AMBIGUOUS MERGE — 'Txn_6872833' (n=1) vs 'Txn_6732833' (n=1). Frequencies are close; verify these are not distinct values before accepting the auto-fix.
2026-03-08 11:02:28,045 | WARNING | auto_fix_typos 'transaction_id': AMBIGUOUS MERGE — 'Txn_5297995' (n=1) vs 'Txn_5297299' (n=1). Frequencies are close; verify these are not distinct values before accepting the auto-fix.
2026-03-08 11:02:28,177 | WARNING | auto_fix_typos 'transaction_id': AMBIGUOUS MERGE — 'Txn_5364052' (n=1) vs 'Txn_3642052' (n=1). Frequencies are close; verify these are not distinct values before accepting the auto-fix.
2026-03-08 11:02:28,214 | WARNING | auto_fix_typos 'transaction_id': AMBIGUOUS MERGE — 'Txn_8560548' (n=1) vs 'Txn_8356048' (n=1). Frequencies are close; verify these are not distinct values before accepting the auto-fix.
2026-03-08 11:02:28,252 | WARNING | auto_fix_typos 'transaction_id': AMBIGUOUS MERGE — 'Txn_1240476' (n=1) vs 'Txn_9240476' (n=1). Frequencies are close; verify these are not distinct values before accepting the auto-fix.
2026-03-08 11:02:28,349 | WARNING | auto_fix_typos 'transaction_id': AMBIGUOUS MERGE — 'Txn_5926836' (n=1) vs 'Txn_5972836' (n=1). Frequencies are close; verify these are not distinct values before accepting the auto-fix.
2026-03-08 11:02:28,440 | WARNING | auto_fix_typos 'transaction_id': AMBIGUOUS MERGE — 'Txn_7804740' (n=1) vs 'Txn_7047040' (n=1). Frequencies are close; verify these are not distinct values before accepting the auto-fix.
2026-03-08 11:02:28,498 | WARNING | auto_fix_typos 'transaction_id': AMBIGUOUS MERGE — 'Txn_4046039' (n=1) vs 'Txn_4046095' (n=1). Frequencies are close; verify these are not distinct values before accepting the auto-fix.
2026-03-08 11:02:28,591 | WARNING | auto_fix_typos 'transaction_id': AMBIGUOUS MERGE — 'Txn_8383484' (n=1) vs 'Txn_8783484' (n=1). Frequencies are close; verify these are not distinct values before accepting the auto-fix.
2026-03-08 11:02:28,647 | WARNING | auto_fix_typos 'transaction_id': AMBIGUOUS MERGE — 'Txn_5321145' (n=1) vs 'Txn_5032114' (n=1). Frequencies are close; verify these are not distinct values before accepting the auto-fix.
2026-03-08 11:02:28,816 | WARNING | auto_fix_typos 'transaction_id': AMBIGUOUS MERGE — 'Txn_1715684' (n=1) vs 'Txn_9175684' (n=1). Frequencies are close; verify these are not distinct values before accepting the auto-fix.
2026-03-08 11:02:29,030 | WARNING | auto_fix_typos 'transaction_id': AMBIGUOUS MERGE — 'Txn_5665311' (n=1) vs 'Txn_5665341' (n=1). Frequencies are close; verify these are not distinct values before accepting the auto-fix.
2026-03-08 11:02:29,147 | WARNING | auto_fix_typos 'transaction_id': AMBIGUOUS MERGE — 'Txn_7402846' (n=1) vs 'Txn_7408461' (n=1). Frequencies are close; verify these are not distinct values before accepting the auto-fix.
2026-03-08 11:02:29,221 | WARNING | auto_fix_typos 'transaction_id': AMBIGUOUS MERGE — 'Txn_2402928' (n=1) vs 'Txn_2402978' (n=1). Frequencies are close; verify these are not distinct values before accepting the auto-fix.
2026-03-08 11:02:29,259 | WARNING | auto_fix_typos 'transaction_id': AMBIGUOUS MERGE — 'Txn_9685326' (n=1) vs 'Txn_6085326' (n=1). Frequencies are close; verify these are not distinct values before accepting the auto-fix.
2026-03-08 11:02:29,354 | WARNING | auto_fix_typos 'transaction_id': AMBIGUOUS MERGE — 'Txn_9894204' (n=1) vs 'Txn_9894270' (n=1). Frequencies are close; verify these are not distinct values before accepting the auto-fix.
2026-03-08 11:02:29,458 | WARNING | auto_fix_typos 'transaction_id': AMBIGUOUS MERGE — 'Txn_8598575' (n=1) vs 'Txn_8659575' (n=1). Frequencies are close; verify these are not distinct values before accepting the auto-fix.
2026-03-08 11:02:29,478 | WARNING | auto_fix_typos 'transaction_id': AMBIGUOUS MERGE — 'Txn_1417871' (n=1) vs 'Txn_1401771' (n=1). Frequencies are close; verify these are not distinct values before accepting the auto-fix.
2026-03-08 11:02:29,642 | WARNING | auto_fix_typos 'transaction_id': AMBIGUOUS MERGE — 'Txn_6536418' (n=1) vs 'Txn_6553641' (n=1). Frequencies are close; verify these are not distinct values before accepting the auto-fix.
2026-03-08 11:02:29,708 | WARNING | auto_fix_typos 'transaction_id': AMBIGUOUS MERGE — 'Txn_3996874' (n=1) vs 'Txn_3399674' (n=1). Frequencies are close; verify these are not distinct values before accepting the auto-fix.
2026-03-08 11:02:29,764 | WARNING | auto_fix_typos 'transaction_id': AMBIGUOUS MERGE — 'Txn_3216618' (n=1) vs 'Txn_3166181' (n=1). Frequencies are close; verify these are not distinct values before accepting the auto-fix.
2026-03-08 11:02:29,783 | WARNING | auto_fix_typos 'transaction_id': AMBIGUOUS MERGE — 'Txn_3700419' (n=1) vs 'Txn_3670041' (n=1). Frequencies are close; verify these are not distinct values before accepting the auto-fix.
2026-03-08 11:02:29,803 | WARNING | auto_fix_typos 'transaction_id': AMBIGUOUS MERGE — 'Txn_6369590' (n=1) vs 'Txn_6316959' (n=1). Frequencies are close; verify these are not distinct values before accepting the auto-fix.
2026-03-08 11:02:29,901 | WARNING | auto_fix_typos 'transaction_id': AMBIGUOUS MERGE — 'Txn_1170198' (n=1) vs 'Txn_1701798' (n=1). Frequencies are close; verify these are not distinct values before accepting the auto-fix.
2026-03-08 11:02:29,924 | WARNING | auto_fix_typos 'transaction_id': AMBIGUOUS MERGE — 'Txn_8166527' (n=1) vs 'Txn_4816652' (n=1). Frequencies are close; verify these are not distinct values before accepting the auto-fix.
2026-03-08 11:02:29,944 | WARNING | auto_fix_typos 'transaction_id': AMBIGUOUS MERGE — 'Txn_3097593' (n=1) vs 'Txn_3975938' (n=1). Frequencies are close; verify these are not distinct values before accepting the auto-fix.
2026-03-08 11:02:30,017 | WARNING | auto_fix_typos 'transaction_id': AMBIGUOUS MERGE — 'Txn_1936644' (n=1) vs 'Txn_1936447' (n=1). Frequencies are close; verify these are not distinct values before accepting the auto-fix.
2026-03-08 11:02:30,131 | WARNING | auto_fix_typos 'transaction_id': AMBIGUOUS MERGE — 'Txn_7677750' (n=1) vs 'Txn_7277750' (n=1). Frequencies are close; verify these are not distinct values before accepting the auto-fix.
2026-03-08 11:02:30,168 | WARNING | auto_fix_typos 'transaction_id': AMBIGUOUS MERGE — 'Txn_6637989' (n=1) vs 'Txn_6683798' (n=1). Frequencies are close; verify these are not distinct values before accepting the auto-fix.
2026-03-08 11:02:30,482 | WARNING | auto_fix_typos 'transaction_id': AMBIGUOUS MERGE — 'Txn_8487057' (n=1) vs 'Txn_8147057' (n=1). Frequencies are close; verify these are not distinct values before accepting the auto-fix.
2026-03-08 11:02:30,592 | WARNING | auto_fix_typos 'transaction_id': AMBIGUOUS MERGE — 'Txn_7027319' (n=1) vs 'Txn_7029719' (n=1). Frequencies are close; verify these are not distinct values before accepting the auto-fix.
2026-03-08 11:02:30,611 | WARNING | auto_fix_typos 'transaction_id': AMBIGUOUS MERGE — 'Txn_1907428' (n=1) vs 'Txn_1307428' (n=1). Frequencies are close; verify these are not distinct values before accepting the auto-fix.
2026-03-08 11:02:30,648 | WARNING | auto_fix_typos 'transaction_id': AMBIGUOUS MERGE — 'Txn_8554646' (n=1) vs 'Txn_8155446' (n=1). Frequencies are close; verify these are not distinct values before accepting the auto-fix.
2026-03-08 11:02:30,672 | WARNING | auto_fix_typos 'transaction_id': AMBIGUOUS MERGE — 'Txn_5860664' (n=1) vs 'Txn_5806624' (n=1). Frequencies are close; verify these are not distinct values before accepting the auto-fix.
2026-03-08 11:02:30,962 | WARNING | auto_fix_typos 'transaction_id': AMBIGUOUS MERGE — 'Txn_1848481' (n=1) vs 'Txn_1488481' (n=1). Frequencies are close; verify these are not distinct values before accepting the auto-fix.
2026-03-08 11:02:30,982 | WARNING | auto_fix_typos 'transaction_id': AMBIGUOUS MERGE — 'Txn_3842766' (n=1) vs 'Txn_3484276' (n=1). Frequencies are close; verify these are not distinct values before accepting the auto-fix.
2026-03-08 11:02:31,114 | WARNING | auto_fix_typos 'transaction_id': AMBIGUOUS MERGE — 'Txn_8165784' (n=1) vs 'Txn_1654784' (n=1). Frequencies are close; verify these are not distinct values before accepting the auto-fix.
2026-03-08 11:02:31,241 | WARNING | auto_fix_typos 'transaction_id': AMBIGUOUS MERGE — 'Txn_2916992' (n=1) vs 'Txn_2919952' (n=1). Frequencies are close; verify these are not distinct values before accepting the auto-fix.
2026-03-08 11:02:31,264 | WARNING | auto_fix_typos 'transaction_id': AMBIGUOUS MERGE — 'Txn_4350788' (n=1) vs 'Txn_4350828' (n=1). Frequencies are close; verify these are not distinct values before accepting the auto-fix.
2026-03-08 11:02:31,323 | WARNING | auto_fix_typos 'transaction_id': AMBIGUOUS MERGE — 'Txn_9455737' (n=1) vs 'Txn_9455977' (n=1). Frequencies are close; verify these are not distinct values before accepting the auto-fix.
2026-03-08 11:02:31,343 | WARNING | auto_fix_typos 'transaction_id': AMBIGUOUS MERGE — 'Txn_2930963' (n=1) vs 'Txn_2909634' (n=1). Frequencies are close; verify these are not distinct values before accepting the auto-fix.
2026-03-08 11:02:31,492 | WARNING | auto_fix_typos 'transaction_id': AMBIGUOUS MERGE — 'Txn_6922833' (n=1) vs 'Txn_6228313' (n=1). Frequencies are close; verify these are not distinct values before accepting the auto-fix.
2026-03-08 11:02:31,566 | WARNING | auto_fix_typos 'transaction_id': AMBIGUOUS MERGE — 'Txn_8194534' (n=1) vs 'Txn_7894534' (n=1). Frequencies are close; verify these are not distinct values before accepting the auto-fix.
2026-03-08 11:02:31,605 | WARNING | auto_fix_typos 'transaction_id': AMBIGUOUS MERGE — 'Txn_6968752' (n=1) vs 'Txn_6687528' (n=1). Frequencies are close; verify these are not distinct values before accepting the auto-fix.
2026-03-08 11:02:31,624 | WARNING | auto_fix_typos 'transaction_id': AMBIGUOUS MERGE — 'Txn_2582926' (n=1) vs 'Txn_2529216' (n=1). Frequencies are close; verify these are not distinct values before accepting the auto-fix.
2026-03-08 11:02:31,644 | WARNING | auto_fix_typos 'transaction_id': AMBIGUOUS MERGE — 'Txn_1346953' (n=1) vs 'Txn_1346936' (n=1). Frequencies are close; verify these are not distinct values before accepting the auto-fix.
2026-03-08 11:02:31,797 | WARNING | auto_fix_typos 'transaction_id': AMBIGUOUS MERGE — 'Txn_1785644' (n=1) vs 'Txn_1789644' (n=1). Frequencies are close; verify these are not distinct values before accepting the auto-fix.
2026-03-08 11:02:31,816 | WARNING | auto_fix_typos 'transaction_id': AMBIGUOUS MERGE — 'Txn_1702437' (n=1) vs 'Txn_1702434' (n=1). Frequencies are close; verify these are not distinct values before accepting the auto-fix.
2026-03-08 11:02:31,967 | WARNING | auto_fix_typos 'transaction_id': AMBIGUOUS MERGE — 'Txn_3427754' (n=1) vs 'Txn_3422774' (n=1). Frequencies are close; verify these are not distinct values before accepting the auto-fix.
2026-03-08 11:02:32,043 | WARNING | auto_fix_typos 'transaction_id': AMBIGUOUS MERGE — 'Txn_5020643' (n=1) vs 'Txn_5026431' (n=1). Frequencies are close; verify these are not distinct values before accepting the auto-fix.
2026-03-08 11:02:32,101 | WARNING | auto_fix_typos 'transaction_id': AMBIGUOUS MERGE — 'Txn_5927620' (n=1) vs 'Txn_5492760' (n=1). Frequencies are close; verify these are not distinct values before accepting the auto-fix.
2026-03-08 11:02:32,195 | WARNING | auto_fix_typos 'transaction_id': AMBIGUOUS MERGE — 'Txn_9814929' (n=1) vs 'Txn_5981429' (n=1). Frequencies are close; verify these are not distinct values before accepting the auto-fix.
2026-03-08 11:02:32,250 | WARNING | auto_fix_typos 'transaction_id': AMBIGUOUS MERGE — 'Txn_3105263' (n=1) vs 'Txn_3710523' (n=1). Frequencies are close; verify these are not distinct values before accepting the auto-fix.
2026-03-08 11:02:32,438 | WARNING | auto_fix_typos 'transaction_id': AMBIGUOUS MERGE — 'Txn_4569599' (n=1) vs 'Txn_4565969' (n=1). Frequencies are close; verify these are not distinct values before accepting the auto-fix.
2026-03-08 11:02:32,608 | WARNING | auto_fix_typos 'transaction_id': AMBIGUOUS MERGE — 'Txn_7323885' (n=1) vs 'Txn_7423885' (n=1). Frequencies are close; verify these are not distinct values before accepting the auto-fix.
2026-03-08 11:02:32,645 | WARNING | auto_fix_typos 'transaction_id': AMBIGUOUS MERGE — 'Txn_4019040' (n=1) vs 'Txn_4019047' (n=1). Frequencies are close; verify these are not distinct values before accepting the auto-fix.
2026-03-08 11:02:32,687 | WARNING | auto_fix_typos 'transaction_id': AMBIGUOUS MERGE — 'Txn_5991995' (n=1) vs 'Txn_5949199' (n=1). Frequencies are close; verify these are not distinct values before accepting the auto-fix.
2026-03-08 11:02:32,708 | WARNING | auto_fix_typos 'transaction_id': AMBIGUOUS MERGE — 'Txn_2437586' (n=1) vs 'Txn_2437508' (n=1). Frequencies are close; verify these are not distinct values before accepting the auto-fix.
2026-03-08 11:02:32,728 | WARNING | auto_fix_typos 'transaction_id': AMBIGUOUS MERGE — 'Txn_7326827' (n=1) vs 'Txn_8732682' (n=1). Frequencies are close; verify these are not distinct values before accepting the auto-fix.
2026-03-08 11:02:32,747 | WARNING | auto_fix_typos 'transaction_id': AMBIGUOUS MERGE — 'Txn_6004431' (n=1) vs 'Txn_6044312' (n=1). Frequencies are close; verify these are not distinct values before accepting the auto-fix.
2026-03-08 11:02:32,766 | WARNING | auto_fix_typos 'transaction_id': AMBIGUOUS MERGE — 'Txn_7475500' (n=1) vs 'Txn_7445500' (n=1). Frequencies are close; verify these are not distinct values before accepting the auto-fix.
2026-03-08 11:02:32,924 | WARNING | auto_fix_typos 'transaction_id': AMBIGUOUS MERGE — 'Txn_5350200' (n=1) vs 'Txn_5430200' (n=1). Frequencies are close; verify these are not distinct values before accepting the auto-fix.
2026-03-08 11:02:33,003 | WARNING | auto_fix_typos 'transaction_id': AMBIGUOUS MERGE — 'Txn_9059245' (n=1) vs 'Txn_9505924' (n=1). Frequencies are close; verify these are not distinct values before accepting the auto-fix.
2026-03-08 11:02:33,153 | WARNING | auto_fix_typos 'transaction_id': AMBIGUOUS MERGE — 'Txn_3086676' (n=1) vs 'Txn_3028667' (n=1). Frequencies are close; verify these are not distinct values before accepting the auto-fix.
2026-03-08 11:02:33,209 | WARNING | auto_fix_typos 'transaction_id': AMBIGUOUS MERGE — 'Txn_1548245' (n=1) vs 'Txn_1547245' (n=1). Frequencies are close; verify these are not distinct values before accepting the auto-fix.
2026-03-08 11:02:33,323 | WARNING | auto_fix_typos 'transaction_id': AMBIGUOUS MERGE — 'Txn_9507397' (n=1) vs 'Txn_9550397' (n=1). Frequencies are close; verify these are not distinct values before accepting the auto-fix.
2026-03-08 11:02:33,348 | WARNING | auto_fix_typos 'transaction_id': AMBIGUOUS MERGE — 'Txn_6948649' (n=1) vs 'Txn_9486849' (n=1). Frequencies are close; verify these are not distinct values before accepting the auto-fix.
2026-03-08 11:02:33,460 | WARNING | auto_fix_typos 'transaction_id': AMBIGUOUS MERGE — 'Txn_9121676' (n=1) vs 'Txn_9121687' (n=1). Frequencies are close; verify these are not distinct values before accepting the auto-fix.
2026-03-08 11:02:33,568 | WARNING | auto_fix_typos 'transaction_id': AMBIGUOUS MERGE — 'Txn_6159539' (n=1) vs 'Txn_1595139' (n=1). Frequencies are close; verify these are not distinct values before accepting the auto-fix.
2026-03-08 11:02:33,607 | WARNING | auto_fix_typos 'transaction_id': AMBIGUOUS MERGE — 'Txn_9468033' (n=1) vs 'Txn_9478033' (n=1). Frequencies are close; verify these are not distinct values before accepting the auto-fix.
2026-03-08 11:02:33,773 | WARNING | auto_fix_typos 'transaction_id': AMBIGUOUS MERGE — 'Txn_1509627' (n=1) vs 'Txn_8150967' (n=1). Frequencies are close; verify these are not distinct values before accepting the auto-fix.
2026-03-08 11:02:33,866 | WARNING | auto_fix_typos 'transaction_id': AMBIGUOUS MERGE — 'Txn_7531403' (n=1) vs 'Txn_7851403' (n=1). Frequencies are close; verify these are not distinct values before accepting the auto-fix.
2026-03-08 11:02:34,144 | WARNING | auto_fix_typos 'transaction_id': AMBIGUOUS MERGE — 'Txn_8019396' (n=1) vs 'Txn_8019306' (n=1). Frequencies are close; verify these are not distinct values before accepting the auto-fix.
2026-03-08 11:02:34,201 | WARNING | auto_fix_typos 'transaction_id': AMBIGUOUS MERGE — 'Txn_5060289' (n=1) vs 'Txn_5061028' (n=1). Frequencies are close; verify these are not distinct values before accepting the auto-fix.
2026-03-08 11:02:34,409 | WARNING | auto_fix_typos 'transaction_id': AMBIGUOUS MERGE — 'Txn_6216278' (n=1) vs 'Txn_8621278' (n=1). Frequencies are close; verify these are not distinct values before accepting the auto-fix.
2026-03-08 11:02:34,428 | WARNING | auto_fix_typos 'transaction_id': AMBIGUOUS MERGE — 'Txn_9947324' (n=1) vs 'Txn_9924732' (n=1). Frequencies are close; verify these are not distinct values before accepting the auto-fix.
2026-03-08 11:02:34,564 | WARNING | auto_fix_typos 'transaction_id': AMBIGUOUS MERGE — 'Txn_3551665' (n=1) vs 'Txn_3512665' (n=1). Frequencies are close; verify these are not distinct values before accepting the auto-fix.
2026-03-08 11:02:34,637 | WARNING | auto_fix_typos 'transaction_id': AMBIGUOUS MERGE — 'Txn_2525207' (n=1) vs 'Txn_2522047' (n=1). Frequencies are close; verify these are not distinct values before accepting the auto-fix.
2026-03-08 11:02:34,770 | WARNING | auto_fix_typos 'transaction_id': AMBIGUOUS MERGE — 'Txn_2924262' (n=1) vs 'Txn_2929426' (n=1). Frequencies are close; verify these are not distinct values before accepting the auto-fix.
2026-03-08 11:02:34,945 | WARNING | auto_fix_typos 'transaction_id': AMBIGUOUS MERGE — 'Txn_6746916' (n=1) vs 'Txn_6740691' (n=1). Frequencies are close; verify these are not distinct values before accepting the auto-fix.
2026-03-08 11:02:35,038 | WARNING | auto_fix_typos 'transaction_id': AMBIGUOUS MERGE — 'Txn_6856558' (n=1) vs 'Txn_6895558' (n=1). Frequencies are close; verify these are not distinct values before accepting the auto-fix.
2026-03-08 11:02:35,115 | WARNING | auto_fix_typos 'transaction_id': AMBIGUOUS MERGE — 'Txn_7780786' (n=1) vs 'Txn_7780748' (n=1). Frequencies are close; verify these are not distinct values before accepting the auto-fix.
2026-03-08 11:02:35,172 | WARNING | auto_fix_typos 'transaction_id': AMBIGUOUS MERGE — 'Txn_3120848' (n=1) vs 'Txn_3312088' (n=1). Frequencies are close; verify these are not distinct values before accepting the auto-fix.
2026-03-08 11:02:35,436 | WARNING | auto_fix_typos 'transaction_id': AMBIGUOUS MERGE — 'Txn_6036254' (n=1) vs 'Txn_6036240' (n=1). Frequencies are close; verify these are not distinct values before accepting the auto-fix.
2026-03-08 11:02:35,513 | WARNING | auto_fix_typos 'transaction_id': AMBIGUOUS MERGE — 'Txn_2466187' (n=1) vs 'Txn_6266187' (n=1). Frequencies are close; verify these are not distinct values before accepting the auto-fix.
2026-03-08 11:02:35,643 | WARNING | auto_fix_typos 'transaction_id': AMBIGUOUS MERGE — 'Txn_7670699' (n=1) vs 'Txn_6706599' (n=1). Frequencies are close; verify these are not distinct values before accepting the auto-fix.
2026-03-08 11:02:35,683 | WARNING | auto_fix_typos 'transaction_id': AMBIGUOUS MERGE — 'Txn_5412418' (n=1) vs 'Txn_5414186' (n=1). Frequencies are close; verify these are not distinct values before accepting the auto-fix.
2026-03-08 11:02:35,722 | WARNING | auto_fix_typos 'transaction_id': AMBIGUOUS MERGE — 'Txn_3632064' (n=1) vs 'Txn_3632068' (n=1). Frequencies are close; verify these are not distinct values before accepting the auto-fix.
2026-03-08 11:02:35,797 | WARNING | auto_fix_typos 'transaction_id': AMBIGUOUS MERGE — 'Txn_7989903' (n=1) vs 'Txn_7994903' (n=1). Frequencies are close; verify these are not distinct values before accepting the auto-fix.
2026-03-08 11:02:35,852 | WARNING | auto_fix_typos 'transaction_id': AMBIGUOUS MERGE — 'Txn_7515290' (n=1) vs 'Txn_7505290' (n=1). Frequencies are close; verify these are not distinct values before accepting the auto-fix.
2026-03-08 11:02:35,872 | WARNING | auto_fix_typos 'transaction_id': AMBIGUOUS MERGE — 'Txn_3711520' (n=1) vs 'Txn_3171150' (n=1). Frequencies are close; verify these are not distinct values before accepting the auto-fix.
2026-03-08 11:02:35,955 | WARNING | auto_fix_typos 'transaction_id': AMBIGUOUS MERGE — 'Txn_7160196' (n=1) vs 'Txn_7416196' (n=1). Frequencies are close; verify these are not distinct values before accepting the auto-fix.
2026-03-08 11:02:36,013 | WARNING | auto_fix_typos 'transaction_id': AMBIGUOUS MERGE — 'Txn_1080377' (n=1) vs 'Txn_1005377' (n=1). Frequencies are close; verify these are not distinct values before accepting the auto-fix.
2026-03-08 11:02:36,156 | WARNING | auto_fix_typos 'transaction_id': AMBIGUOUS MERGE — 'Txn_9841397' (n=1) vs 'Txn_9384397' (n=1). Frequencies are close; verify these are not distinct values before accepting the auto-fix.
2026-03-08 11:02:36,194 | WARNING | auto_fix_typos 'transaction_id': AMBIGUOUS MERGE — 'Txn_8324315' (n=1) vs 'Txn_8324715' (n=1). Frequencies are close; verify these are not distinct values before accepting the auto-fix.
2026-03-08 11:02:36,400 | WARNING | auto_fix_typos 'transaction_id': AMBIGUOUS MERGE — 'Txn_7560210' (n=1) vs 'Txn_5360210' (n=1). Frequencies are close; verify these are not distinct values before accepting the auto-fix.
2026-03-08 11:02:36,419 | WARNING | auto_fix_typos 'transaction_id': AMBIGUOUS MERGE — 'Txn_2905234' (n=1) vs 'Txn_6205234' (n=1). Frequencies are close; verify these are not distinct values before accepting the auto-fix.
2026-03-08 11:02:36,480 | WARNING | auto_fix_typos 'transaction_id': AMBIGUOUS MERGE — 'Txn_3826298' (n=1) vs 'Txn_3821298' (n=1). Frequencies are close; verify these are not distinct values before accepting the auto-fix.
2026-03-08 11:02:36,500 | WARNING | auto_fix_typos 'transaction_id': AMBIGUOUS MERGE — 'Txn_7854306' (n=1) vs 'Txn_7895436' (n=1). Frequencies are close; verify these are not distinct values before accepting the auto-fix.
2026-03-08 11:02:36,519 | WARNING | auto_fix_typos 'transaction_id': AMBIGUOUS MERGE — 'Txn_6034709' (n=1) vs 'Txn_6036409' (n=1). Frequencies are close; verify these are not distinct values before accepting the auto-fix.
2026-03-08 11:02:36,650 | WARNING | auto_fix_typos 'transaction_id': AMBIGUOUS MERGE — 'Txn_4620459' (n=1) vs 'Txn_4624591' (n=1). Frequencies are close; verify these are not distinct values before accepting the auto-fix.
2026-03-08 11:02:36,708 | WARNING | auto_fix_typos 'transaction_id': AMBIGUOUS MERGE — 'Txn_4116036' (n=1) vs 'Txn_1316036' (n=1). Frequencies are close; verify these are not distinct values before accepting the auto-fix.
2026-03-08 11:02:36,764 | WARNING | auto_fix_typos 'transaction_id': AMBIGUOUS MERGE — 'Txn_3725152' (n=1) vs 'Txn_6372515' (n=1). Frequencies are close; verify these are not distinct values before accepting the auto-fix.
2026-03-08 11:02:36,801 | WARNING | auto_fix_typos 'transaction_id': AMBIGUOUS MERGE — 'Txn_9477344' (n=1) vs 'Txn_9417344' (n=1). Frequencies are close; verify these are not distinct values before accepting the auto-fix.
2026-03-08 11:02:37,080 | WARNING | auto_fix_typos 'transaction_id': AMBIGUOUS MERGE — 'Txn_8695037' (n=1) vs 'Txn_7865037' (n=1). Frequencies are close; verify these are not distinct values before accepting the auto-fix.
2026-03-08 11:02:37,119 | WARNING | auto_fix_typos 'transaction_id': AMBIGUOUS MERGE — 'Txn_7775016' (n=1) vs 'Txn_7771516' (n=1). Frequencies are close; verify these are not distinct values before accepting the auto-fix.
2026-03-08 11:02:37,165 | WARNING | auto_fix_typos 'transaction_id': AMBIGUOUS MERGE — 'Txn_7051683' (n=1) vs 'Txn_7605163' (n=1). Frequencies are close; verify these are not distinct values before accepting the auto-fix.
2026-03-08 11:02:37,230 | WARNING | auto_fix_typos 'transaction_id': AMBIGUOUS MERGE — 'Txn_3953316' (n=1) vs 'Txn_3950331' (n=1). Frequencies are close; verify these are not distinct values before accepting the auto-fix.
2026-03-08 11:02:37,377 | WARNING | auto_fix_typos 'transaction_id': AMBIGUOUS MERGE — 'Txn_4858908' (n=1) vs 'Txn_4583908' (n=1). Frequencies are close; verify these are not distinct values before accepting the auto-fix.
2026-03-08 11:02:37,578 | WARNING | auto_fix_typos 'transaction_id': AMBIGUOUS MERGE — 'Txn_3373078' (n=1) vs 'Txn_3737378' (n=1). Frequencies are close; verify these are not distinct values before accepting the auto-fix.
2026-03-08 11:02:37,599 | WARNING | auto_fix_typos 'transaction_id': AMBIGUOUS MERGE — 'Txn_3982146' (n=1) vs 'Txn_3981406' (n=1). Frequencies are close; verify these are not distinct values before accepting the auto-fix.
2026-03-08 11:02:37,637 | WARNING | auto_fix_typos 'transaction_id': AMBIGUOUS MERGE — 'Txn_9365447' (n=1) vs 'Txn_1936447' (n=1). Frequencies are close; verify these are not distinct values before accepting the auto-fix.
2026-03-08 11:02:37,655 | WARNING | auto_fix_typos 'transaction_id': AMBIGUOUS MERGE — 'Txn_7701878' (n=1) vs 'Txn_7770188' (n=1). Frequencies are close; verify these are not distinct values before accepting the auto-fix.
2026-03-08 11:02:37,737 | WARNING | auto_fix_typos 'transaction_id': AMBIGUOUS MERGE — 'Txn_7426387' (n=1) vs 'Txn_7268387' (n=1). Frequencies are close; verify these are not distinct values before accepting the auto-fix.
2026-03-08 11:02:37,774 | WARNING | auto_fix_typos 'transaction_id': AMBIGUOUS MERGE — 'Txn_6980463' (n=1) vs 'Txn_6780463' (n=1). Frequencies are close; verify these are not distinct values before accepting the auto-fix.
2026-03-08 11:02:37,795 | WARNING | auto_fix_typos 'transaction_id': AMBIGUOUS MERGE — 'Txn_1593691' (n=1) vs 'Txn_1936915' (n=1). Frequencies are close; verify these are not distinct values before accepting the auto-fix.
2026-03-08 11:02:37,950 | WARNING | auto_fix_typos 'transaction_id': AMBIGUOUS MERGE — 'Txn_9131136' (n=1) vs 'Txn_9131153' (n=1). Frequencies are close; verify these are not distinct values before accepting the auto-fix.
2026-03-08 11:02:38,005 | WARNING | auto_fix_typos 'transaction_id': AMBIGUOUS MERGE — 'Txn_8872160' (n=1) vs 'Txn_8487216' (n=1). Frequencies are close; verify these are not distinct values before accepting the auto-fix.
2026-03-08 11:02:38,250 | WARNING | auto_fix_typos 'transaction_id': AMBIGUOUS MERGE — 'Txn_4297979' (n=1) vs 'Txn_2907979' (n=1). Frequencies are close; verify these are not distinct values before accepting the auto-fix.
2026-03-08 11:02:38,468 | WARNING | auto_fix_typos 'transaction_id': AMBIGUOUS MERGE — 'Txn_6225571' (n=1) vs 'Txn_8225571' (n=1). Frequencies are close; verify these are not distinct values before accepting the auto-fix.
2026-03-08 11:02:38,510 | WARNING | auto_fix_typos 'transaction_id': AMBIGUOUS MERGE — 'Txn_4382956' (n=1) vs 'Txn_4032956' (n=1). Frequencies are close; verify these are not distinct values before accepting the auto-fix.
2026-03-08 11:02:38,622 | WARNING | auto_fix_typos 'transaction_id': AMBIGUOUS MERGE — 'Txn_5447967' (n=1) vs 'Txn_5744797' (n=1). Frequencies are close; verify these are not distinct values before accepting the auto-fix.
2026-03-08 11:02:38,713 | WARNING | auto_fix_typos 'transaction_id': AMBIGUOUS MERGE — 'Txn_1571874' (n=1) vs 'Txn_1571824' (n=1). Frequencies are close; verify these are not distinct values before accepting the auto-fix.
2026-03-08 11:02:38,734 | WARNING | auto_fix_typos 'transaction_id': AMBIGUOUS MERGE — 'Txn_8059782' (n=1) vs 'Txn_8505782' (n=1). Frequencies are close; verify these are not distinct values before accepting the auto-fix.
2026-03-08 11:02:39,088 | WARNING | auto_fix_typos 'transaction_id': AMBIGUOUS MERGE — 'Txn_4325098' (n=1) vs 'Txn_4342098' (n=1). Frequencies are close; verify these are not distinct values before accepting the auto-fix.
2026-03-08 11:02:39,163 | WARNING | auto_fix_typos 'transaction_id': AMBIGUOUS MERGE — 'Txn_5555790' (n=1) vs 'Txn_5535579' (n=1). Frequencies are close; verify these are not distinct values before accepting the auto-fix.
2026-03-08 11:02:39,421 | WARNING | auto_fix_typos 'transaction_id': AMBIGUOUS MERGE — 'Txn_6400351' (n=1) vs 'Txn_6403951' (n=1). Frequencies are close; verify these are not distinct values before accepting the auto-fix.
2026-03-08 11:02:39,440 | WARNING | auto_fix_typos 'transaction_id': AMBIGUOUS MERGE — 'Txn_1559512' (n=1) vs 'Txn_1559521' (n=1). Frequencies are close; verify these are not distinct values before accepting the auto-fix.
2026-03-08 11:02:39,458 | WARNING | auto_fix_typos 'transaction_id': AMBIGUOUS MERGE — 'Txn_6091543' (n=1) vs 'Txn_6091431' (n=1). Frequencies are close; verify these are not distinct values before accepting the auto-fix.
2026-03-08 11:02:39,495 | WARNING | auto_fix_typos 'transaction_id': AMBIGUOUS MERGE — 'Txn_8212783' (n=1) vs 'Txn_8271278' (n=1). Frequencies are close; verify these are not distinct values before accepting the auto-fix.
2026-03-08 11:02:39,547 | WARNING | auto_fix_typos 'transaction_id': AMBIGUOUS MERGE — 'Txn_2535099' (n=1) vs 'Txn_2355099' (n=1). Frequencies are close; verify these are not distinct values before accepting the auto-fix.
2026-03-08 11:02:39,566 | WARNING | auto_fix_typos 'transaction_id': AMBIGUOUS MERGE — 'Txn_2951148' (n=1) vs 'Txn_2905118' (n=1). Frequencies are close; verify these are not distinct values before accepting the auto-fix.
2026-03-08 11:02:39,910 | WARNING | auto_fix_typos 'transaction_id': AMBIGUOUS MERGE — 'Txn_2671272' (n=1) vs 'Txn_2672972' (n=1). Frequencies are close; verify these are not distinct values before accepting the auto-fix.
2026-03-08 11:02:39,930 | WARNING | auto_fix_typos 'transaction_id': AMBIGUOUS MERGE — 'Txn_8437157' (n=1) vs 'Txn_8437195' (n=1). Frequencies are close; verify these are not distinct values before accepting the auto-fix.
2026-03-08 11:02:40,015 | WARNING | auto_fix_typos 'transaction_id': AMBIGUOUS MERGE — 'Txn_8425085' (n=1) vs 'Txn_8250845' (n=1). Frequencies are close; verify these are not distinct values before accepting the auto-fix.
2026-03-08 11:02:40,033 | WARNING | auto_fix_typos 'transaction_id': AMBIGUOUS MERGE — 'Txn_3237919' (n=1) vs 'Txn_2375919' (n=1). Frequencies are close; verify these are not distinct values before accepting the auto-fix.
2026-03-08 11:02:40,180 | WARNING | auto_fix_typos 'transaction_id': AMBIGUOUS MERGE — 'Txn_3024493' (n=1) vs 'Txn_3244935' (n=1). Frequencies are close; verify these are not distinct values before accepting the auto-fix.
2026-03-08 11:02:40,199 | WARNING | auto_fix_typos 'transaction_id': AMBIGUOUS MERGE — 'Txn_7551689' (n=1) vs 'Txn_4751689' (n=1). Frequencies are close; verify these are not distinct values before accepting the auto-fix.
2026-03-08 11:02:40,236 | WARNING | auto_fix_typos 'transaction_id': AMBIGUOUS MERGE — 'Txn_9348801' (n=1) vs 'Txn_9348280' (n=1). Frequencies are close; verify these are not distinct values before accepting the auto-fix.
2026-03-08 11:02:40,422 | WARNING | auto_fix_typos 'transaction_id': AMBIGUOUS MERGE — 'Txn_8046057' (n=1) vs 'Txn_8046087' (n=1). Frequencies are close; verify these are not distinct values before accepting the auto-fix.
2026-03-08 11:02:40,601 | WARNING | auto_fix_typos 'transaction_id': AMBIGUOUS MERGE — 'Txn_4758849' (n=1) vs 'Txn_4788849' (n=1). Frequencies are close; verify these are not distinct values before accepting the auto-fix.
2026-03-08 11:02:40,636 | WARNING | auto_fix_typos 'transaction_id': AMBIGUOUS MERGE — 'Txn_1679800' (n=1) vs 'Txn_1698600' (n=1). Frequencies are close; verify these are not distinct values before accepting the auto-fix.
2026-03-08 11:02:40,655 | WARNING | auto_fix_typos 'transaction_id': AMBIGUOUS MERGE — 'Txn_3785678' (n=1) vs 'Txn_3785168' (n=1). Frequencies are close; verify these are not distinct values before accepting the auto-fix.
2026-03-08 11:02:40,690 | WARNING | auto_fix_typos 'transaction_id': AMBIGUOUS MERGE — 'Txn_8712303' (n=1) vs 'Txn_8712307' (n=1). Frequencies are close; verify these are not distinct values before accepting the auto-fix.
2026-03-08 11:02:40,762 | WARNING | auto_fix_typos 'transaction_id': AMBIGUOUS MERGE — 'Txn_7327362' (n=1) vs 'Txn_7312736' (n=1). Frequencies are close; verify these are not distinct values before accepting the auto-fix.
2026-03-08 11:02:40,849 | WARNING | auto_fix_typos 'transaction_id': AMBIGUOUS MERGE — 'Txn_4360906' (n=1) vs 'Txn_4360970' (n=1). Frequencies are close; verify these are not distinct values before accepting the auto-fix.
2026-03-08 11:02:41,116 | WARNING | auto_fix_typos 'transaction_id': AMBIGUOUS MERGE — 'Txn_7819240' (n=1) vs 'Txn_3781240' (n=1). Frequencies are close; verify these are not distinct values before accepting the auto-fix.
2026-03-08 11:02:41,158 | WARNING | auto_fix_typos 'transaction_id': AMBIGUOUS MERGE — 'Txn_2606750' (n=1) vs 'Txn_6266750' (n=1). Frequencies are close; verify these are not distinct values before accepting the auto-fix.
2026-03-08 11:02:41,178 | WARNING | auto_fix_typos 'transaction_id': AMBIGUOUS MERGE — 'Txn_4493874' (n=1) vs 'Txn_4493878' (n=1). Frequencies are close; verify these are not distinct values before accepting the auto-fix.
2026-03-08 11:02:41,217 | WARNING | auto_fix_typos 'transaction_id': AMBIGUOUS MERGE — 'Txn_7414587' (n=1) vs 'Txn_7145872' (n=1). Frequencies are close; verify these are not distinct values before accepting the auto-fix.
2026-03-08 11:02:41,352 | WARNING | auto_fix_typos 'transaction_id': AMBIGUOUS MERGE — 'Txn_2879791' (n=1) vs 'Txn_2887971' (n=1). Frequencies are close; verify these are not distinct values before accepting the auto-fix.
2026-03-08 11:02:41,423 | WARNING | auto_fix_typos 'transaction_id': AMBIGUOUS MERGE — 'Txn_5726114' (n=1) vs 'Txn_5761414' (n=1). Frequencies are close; verify these are not distinct values before accepting the auto-fix.
2026-03-08 11:02:41,441 | WARNING | auto_fix_typos 'transaction_id': AMBIGUOUS MERGE — 'Txn_1079844' (n=1) vs 'Txn_1072984' (n=1). Frequencies are close; verify these are not distinct values before accepting the auto-fix.
2026-03-08 11:02:41,460 | WARNING | auto_fix_typos 'transaction_id': AMBIGUOUS MERGE — 'Txn_8726097' (n=1) vs 'Txn_8260297' (n=1). Frequencies are close; verify these are not distinct values before accepting the auto-fix.
2026-03-08 11:02:41,479 | WARNING | auto_fix_typos 'transaction_id': AMBIGUOUS MERGE — 'Txn_5222176' (n=1) vs 'Txn_1522176' (n=1). Frequencies are close; verify these are not distinct values before accepting the auto-fix.
2026-03-08 11:02:41,633 | WARNING | auto_fix_typos 'transaction_id': AMBIGUOUS MERGE — 'Txn_4643305' (n=1) vs 'Txn_4633505' (n=1). Frequencies are close; verify these are not distinct values before accepting the auto-fix.
2026-03-08 11:02:41,754 | WARNING | auto_fix_typos 'transaction_id': AMBIGUOUS MERGE — 'Txn_1171080' (n=1) vs 'Txn_1170807' (n=1). Frequencies are close; verify these are not distinct values before accepting the auto-fix.
2026-03-08 11:02:41,809 | WARNING | auto_fix_typos 'transaction_id': AMBIGUOUS MERGE — 'Txn_9576454' (n=1) vs 'Txn_9547654' (n=1). Frequencies are close; verify these are not distinct values before accepting the auto-fix.
2026-03-08 11:02:42,106 | WARNING | auto_fix_typos 'transaction_id': AMBIGUOUS MERGE — 'Txn_1674042' (n=1) vs 'Txn_1740742' (n=1). Frequencies are close; verify these are not distinct values before accepting the auto-fix.
2026-03-08 11:02:42,141 | WARNING | auto_fix_typos 'transaction_id': AMBIGUOUS MERGE — 'Txn_2527007' (n=1) vs 'Txn_5270067' (n=1). Frequencies are close; verify these are not distinct values before accepting the auto-fix.
2026-03-08 11:02:42,197 | WARNING | auto_fix_typos 'transaction_id': AMBIGUOUS MERGE — 'Txn_5108188' (n=1) vs 'Txn_5108183' (n=1). Frequencies are close; verify these are not distinct values before accepting the auto-fix.
2026-03-08 11:02:42,249 | WARNING | auto_fix_typos 'transaction_id': AMBIGUOUS MERGE — 'Txn_2308317' (n=1) vs 'Txn_2078317' (n=1). Frequencies are close; verify these are not distinct values before accepting the auto-fix.
2026-03-08 11:02:42,420 | WARNING | auto_fix_typos 'transaction_id': AMBIGUOUS MERGE — 'Txn_5220523' (n=1) vs 'Txn_5220527' (n=1). Frequencies are close; verify these are not distinct values before accepting the auto-fix.
2026-03-08 11:02:42,545 | WARNING | auto_fix_typos 'transaction_id': AMBIGUOUS MERGE — 'Txn_1707251' (n=1) vs 'Txn_7072581' (n=1). Frequencies are close; verify these are not distinct values before accepting the auto-fix.
2026-03-08 11:02:42,563 | WARNING | auto_fix_typos 'transaction_id': AMBIGUOUS MERGE — 'Txn_2446874' (n=1) vs 'Txn_5244674' (n=1). Frequencies are close; verify these are not distinct values before accepting the auto-fix.
2026-03-08 11:02:42,581 | WARNING | auto_fix_typos 'transaction_id': AMBIGUOUS MERGE — 'Txn_5747859' (n=1) vs 'Txn_5747509' (n=1). Frequencies are close; verify these are not distinct values before accepting the auto-fix.
2026-03-08 11:02:42,619 | WARNING | auto_fix_typos 'transaction_id': AMBIGUOUS MERGE — 'Txn_8600523' (n=1) vs 'Txn_6070523' (n=1). Frequencies are close; verify these are not distinct values before accepting the auto-fix.
2026-03-08 11:02:42,670 | WARNING | auto_fix_typos 'transaction_id': AMBIGUOUS MERGE — 'Txn_9072517' (n=1) vs 'Txn_9072817' (n=1). Frequencies are close; verify these are not distinct values before accepting the auto-fix.
2026-03-08 11:02:42,796 | WARNING | auto_fix_typos 'transaction_id': AMBIGUOUS MERGE — 'Txn_1888708' (n=1) vs 'Txn_1887083' (n=1). Frequencies are close; verify these are not distinct values before accepting the auto-fix.
2026-03-08 11:02:42,902 | WARNING | auto_fix_typos 'transaction_id': AMBIGUOUS MERGE — 'Txn_7732813' (n=1) vs 'Txn_7738013' (n=1). Frequencies are close; verify these are not distinct values before accepting the auto-fix.
2026-03-08 11:02:42,938 | WARNING | auto_fix_typos 'transaction_id': AMBIGUOUS MERGE — 'Txn_8878429' (n=1) vs 'Txn_8807429' (n=1). Frequencies are close; verify these are not distinct values before accepting the auto-fix.
2026-03-08 11:02:42,958 | WARNING | auto_fix_typos 'transaction_id': AMBIGUOUS MERGE — 'Txn_2761003' (n=1) vs 'Txn_2710603' (n=1). Frequencies are close; verify these are not distinct values before accepting the auto-fix.
2026-03-08 11:02:42,992 | WARNING | auto_fix_typos 'transaction_id': AMBIGUOUS MERGE — 'Txn_2350703' (n=1) vs 'Txn_2504703' (n=1). Frequencies are close; verify these are not distinct values before accepting the auto-fix.
2026-03-08 11:02:43,133 | WARNING | auto_fix_typos 'transaction_id': AMBIGUOUS MERGE — 'Txn_4385240' (n=1) vs 'Txn_4382406' (n=1). Frequencies are close; verify these are not distinct values before accepting the auto-fix.
2026-03-08 11:02:43,274 | WARNING | auto_fix_typos 'transaction_id': AMBIGUOUS MERGE — 'Txn_5826333' (n=1) vs 'Txn_5263133' (n=1). Frequencies are close; verify these are not distinct values before accepting the auto-fix.
2026-03-08 11:02:43,414 | WARNING | auto_fix_typos 'transaction_id': AMBIGUOUS MERGE — 'Txn_9874775' (n=1) vs 'Txn_8749775' (n=1). Frequencies are close; verify these are not distinct values before accepting the auto-fix.
2026-03-08 11:02:43,793 | WARNING | auto_fix_typos 'transaction_id': AMBIGUOUS MERGE — 'Txn_2190325' (n=1) vs 'Txn_2119325' (n=1). Frequencies are close; verify these are not distinct values before accepting the auto-fix.
2026-03-08 11:02:44,158 | WARNING | auto_fix_typos 'transaction_id': AMBIGUOUS MERGE — 'Txn_6413250' (n=1) vs 'Txn_6412590' (n=1). Frequencies are close; verify these are not distinct values before accepting the auto-fix.
2026-03-08 11:02:44,202 | WARNING | auto_fix_typos 'transaction_id': AMBIGUOUS MERGE — 'Txn_8960347' (n=1) vs 'Txn_8961034' (n=1). Frequencies are close; verify these are not distinct values before accepting the auto-fix.
2026-03-08 11:02:44,278 | WARNING | auto_fix_typos 'transaction_id': AMBIGUOUS MERGE — 'Txn_6347670' (n=1) vs 'Txn_6347567' (n=1). Frequencies are close; verify these are not distinct values before accepting the auto-fix.
2026-03-08 11:02:44,446 | WARNING | auto_fix_typos 'transaction_id': AMBIGUOUS MERGE — 'Txn_7137364' (n=1) vs 'Txn_7133645' (n=1). Frequencies are close; verify these are not distinct values before accepting the auto-fix.
2026-03-08 11:02:44,684 | WARNING | auto_fix_typos 'transaction_id': AMBIGUOUS MERGE — 'Txn_5748083' (n=1) vs 'Txn_7480853' (n=1). Frequencies are close; verify these are not distinct values before accepting the auto-fix.
2026-03-08 11:02:44,703 | WARNING | auto_fix_typos 'transaction_id': AMBIGUOUS MERGE — 'Txn_1804335' (n=1) vs 'Txn_6104335' (n=1). Frequencies are close; verify these are not distinct values before accepting the auto-fix.
2026-03-08 11:02:44,866 | WARNING | auto_fix_typos 'transaction_id': AMBIGUOUS MERGE — 'Txn_2911864' (n=1) vs 'Txn_2911863' (n=1). Frequencies are close; verify these are not distinct values before accepting the auto-fix.
2026-03-08 11:02:44,909 | WARNING | auto_fix_typos 'transaction_id': AMBIGUOUS MERGE — 'Txn_3275800' (n=1) vs 'Txn_9275800' (n=1). Frequencies are close; verify these are not distinct values before accepting the auto-fix.
2026-03-08 11:02:44,997 | WARNING | auto_fix_typos 'transaction_id': AMBIGUOUS MERGE — 'Txn_2919225' (n=1) vs 'Txn_3919225' (n=1). Frequencies are close; verify these are not distinct values before accepting the auto-fix.
2026-03-08 11:02:45,081 | WARNING | auto_fix_typos 'transaction_id': AMBIGUOUS MERGE — 'Txn_5762127' (n=1) vs 'Txn_5761207' (n=1). Frequencies are close; verify these are not distinct values before accepting the auto-fix.
2026-03-08 11:02:45,100 | WARNING | auto_fix_typos 'transaction_id': AMBIGUOUS MERGE — 'Txn_1856153' (n=1) vs 'Txn_1856538' (n=1). Frequencies are close; verify these are not distinct values before accepting the auto-fix.
2026-03-08 11:02:45,250 | WARNING | auto_fix_typos 'transaction_id': AMBIGUOUS MERGE — 'Txn_3858126' (n=1) vs 'Txn_4385826' (n=1). Frequencies are close; verify these are not distinct values before accepting the auto-fix.
2026-03-08 11:02:45,269 | WARNING | auto_fix_typos 'transaction_id': AMBIGUOUS MERGE — 'Txn_3524464' (n=1) vs 'Txn_1354464' (n=1). Frequencies are close; verify these are not distinct values before accepting the auto-fix.
2026-03-08 11:02:45,429 | WARNING | auto_fix_typos 'transaction_id': AMBIGUOUS MERGE — 'Txn_1031802' (n=1) vs 'Txn_7101802' (n=1). Frequencies are close; verify these are not distinct values before accepting the auto-fix.
2026-03-08 11:02:45,481 | WARNING | auto_fix_typos 'transaction_id': AMBIGUOUS MERGE — 'Txn_8522571' (n=1) vs 'Txn_8225571' (n=1). Frequencies are close; verify these are not distinct values before accepting the auto-fix.
2026-03-08 11:02:45,642 | WARNING | auto_fix_typos 'transaction_id': AMBIGUOUS MERGE — 'Txn_7374304' (n=1) vs 'Txn_7764304' (n=1). Frequencies are close; verify these are not distinct values before accepting the auto-fix.
2026-03-08 11:02:45,784 | WARNING | auto_fix_typos 'transaction_id': AMBIGUOUS MERGE — 'Txn_4615235' (n=1) vs 'Txn_4615245' (n=1). Frequencies are close; verify these are not distinct values before accepting the auto-fix.
2026-03-08 11:02:45,820 | WARNING | auto_fix_typos 'transaction_id': AMBIGUOUS MERGE — 'Txn_4677415' (n=1) vs 'Txn_8477415' (n=1). Frequencies are close; verify these are not distinct values before accepting the auto-fix.
2026-03-08 11:02:45,905 | WARNING | auto_fix_typos 'transaction_id': AMBIGUOUS MERGE — 'Txn_6266017' (n=1) vs 'Txn_6266147' (n=1). Frequencies are close; verify these are not distinct values before accepting the auto-fix.
2026-03-08 11:02:46,022 | WARNING | auto_fix_typos 'transaction_id': AMBIGUOUS MERGE — 'Txn_6738716' (n=1) vs 'Txn_7387416' (n=1). Frequencies are close; verify these are not distinct values before accepting the auto-fix.
2026-03-08 11:02:46,058 | WARNING | auto_fix_typos 'transaction_id': AMBIGUOUS MERGE — 'Txn_3136701' (n=1) vs 'Txn_1313701' (n=1). Frequencies are close; verify these are not distinct values before accepting the auto-fix.
2026-03-08 11:02:46,130 | WARNING | auto_fix_typos 'transaction_id': AMBIGUOUS MERGE — 'Txn_1350239' (n=1) vs 'Txn_1307239' (n=1). Frequencies are close; verify these are not distinct values before accepting the auto-fix.
2026-03-08 11:02:46,148 | WARNING | auto_fix_typos 'transaction_id': AMBIGUOUS MERGE — 'Txn_5145906' (n=1) vs 'Txn_5145016' (n=1). Frequencies are close; verify these are not distinct values before accepting the auto-fix.
2026-03-08 11:02:46,185 | WARNING | auto_fix_typos 'transaction_id': AMBIGUOUS MERGE — 'Txn_1205610' (n=1) vs 'Txn_1208561' (n=1). Frequencies are close; verify these are not distinct values before accepting the auto-fix.
2026-03-08 11:02:46,237 | WARNING | auto_fix_typos 'transaction_id': AMBIGUOUS MERGE — 'Txn_5496282' (n=1) vs 'Txn_5492825' (n=1). Frequencies are close; verify these are not distinct values before accepting the auto-fix.
2026-03-08 11:02:46,330 | WARNING | auto_fix_typos 'transaction_id': AMBIGUOUS MERGE — 'Txn_6234838' (n=1) vs 'Txn_6234882' (n=1). Frequencies are close; verify these are not distinct values before accepting the auto-fix.
2026-03-08 11:02:46,480 | WARNING | auto_fix_typos 'transaction_id': AMBIGUOUS MERGE — 'Txn_1721242' (n=1) vs 'Txn_1721342' (n=1). Frequencies are close; verify these are not distinct values before accepting the auto-fix.
2026-03-08 11:02:46,533 | WARNING | auto_fix_typos 'transaction_id': AMBIGUOUS MERGE — 'Txn_3819085' (n=1) vs 'Txn_3819405' (n=1). Frequencies are close; verify these are not distinct values before accepting the auto-fix.
2026-03-08 11:02:46,666 | WARNING | auto_fix_typos 'transaction_id': AMBIGUOUS MERGE — 'Txn_8159727' (n=1) vs 'Txn_8159772' (n=1). Frequencies are close; verify these are not distinct values before accepting the auto-fix.
2026-03-08 11:02:46,784 | WARNING | auto_fix_typos 'transaction_id': AMBIGUOUS MERGE — 'Txn_5752187' (n=1) vs 'Txn_5252187' (n=1). Frequencies are close; verify these are not distinct values before accepting the auto-fix.
2026-03-08 11:02:46,873 | WARNING | auto_fix_typos 'transaction_id': AMBIGUOUS MERGE — 'Txn_8316915' (n=1) vs 'Txn_8316135' (n=1). Frequencies are close; verify these are not distinct values before accepting the auto-fix.
2026-03-08 11:02:47,031 | WARNING | auto_fix_typos 'transaction_id': AMBIGUOUS MERGE — 'Txn_3708535' (n=1) vs 'Txn_3709853' (n=1). Frequencies are close; verify these are not distinct values before accepting the auto-fix.
2026-03-08 11:02:47,147 | WARNING | auto_fix_typos 'transaction_id': AMBIGUOUS MERGE — 'Txn_6732096' (n=1) vs 'Txn_6763296' (n=1). Frequencies are close; verify these are not distinct values before accepting the auto-fix.
2026-03-08 11:02:47,310 | WARNING | auto_fix_typos 'transaction_id': AMBIGUOUS MERGE — 'Txn_2156128' (n=1) vs 'Txn_2156218' (n=1). Frequencies are close; verify these are not distinct values before accepting the auto-fix.
2026-03-08 11:02:47,615 | WARNING | auto_fix_typos 'transaction_id': AMBIGUOUS MERGE — 'Txn_5896413' (n=1) vs 'Txn_5896141' (n=1). Frequencies are close; verify these are not distinct values before accepting the auto-fix.
2026-03-08 11:02:47,681 | WARNING | auto_fix_typos 'transaction_id': AMBIGUOUS MERGE — 'Txn_7665695' (n=1) vs 'Txn_7666945' (n=1). Frequencies are close; verify these are not distinct values before accepting the auto-fix.
2026-03-08 11:02:48,094 | WARNING | auto_fix_typos 'transaction_id': AMBIGUOUS MERGE — 'Txn_5092646' (n=1) vs 'Txn_5049646' (n=1). Frequencies are close; verify these are not distinct values before accepting the auto-fix.
2026-03-08 11:02:48,129 | WARNING | auto_fix_typos 'transaction_id': AMBIGUOUS MERGE — 'Txn_2638434' (n=1) vs 'Txn_2638644' (n=1). Frequencies are close; verify these are not distinct values before accepting the auto-fix.
2026-03-08 11:02:48,533 | WARNING | auto_fix_typos 'transaction_id': AMBIGUOUS MERGE — 'Txn_6184247' (n=1) vs 'Txn_6149247' (n=1). Frequencies are close; verify these are not distinct values before accepting the auto-fix.
2026-03-08 11:02:48,718 | WARNING | auto_fix_typos 'transaction_id': AMBIGUOUS MERGE — 'Txn_7020104' (n=1) vs 'Txn_7021504' (n=1). Frequencies are close; verify these are not distinct values before accepting the auto-fix.
2026-03-08 11:02:48,844 | WARNING | auto_fix_typos 'transaction_id': AMBIGUOUS MERGE — 'Txn_3233221' (n=1) vs 'Txn_3233211' (n=1). Frequencies are close; verify these are not distinct values before accepting the auto-fix.
2026-03-08 11:02:48,978 | WARNING | auto_fix_typos 'transaction_id': AMBIGUOUS MERGE — 'Txn_3889213' (n=1) vs 'Txn_3882139' (n=1). Frequencies are close; verify these are not distinct values before accepting the auto-fix.
2026-03-08 11:02:49,452 | WARNING | auto_fix_typos 'transaction_id': AMBIGUOUS MERGE — 'Txn_6738137' (n=1) vs 'Txn_7383137' (n=1). Frequencies are close; verify these are not distinct values before accepting the auto-fix.
2026-03-08 11:02:49,487 | WARNING | auto_fix_typos 'transaction_id': AMBIGUOUS MERGE — 'Txn_4807459' (n=1) vs 'Txn_4807049' (n=1). Frequencies are close; verify these are not distinct values before accepting the auto-fix.
2026-03-08 11:02:49,624 | WARNING | auto_fix_typos 'transaction_id': AMBIGUOUS MERGE — 'Txn_6505914' (n=1) vs 'Txn_6057914' (n=1). Frequencies are close; verify these are not distinct values before accepting the auto-fix.
2026-03-08 11:02:50,186 | WARNING | auto_fix_typos 'transaction_id': AMBIGUOUS MERGE — 'Txn_7563589' (n=1) vs 'Txn_7565894' (n=1). Frequencies are close; verify these are not distinct values before accepting the auto-fix.
2026-03-08 11:02:50,500 | WARNING | auto_fix_typos 'transaction_id': AMBIGUOUS MERGE — 'Txn_7872478' (n=1) vs 'Txn_7821478' (n=1). Frequencies are close; verify these are not distinct values before accepting the auto-fix.
2026-03-08 11:02:50,656 | WARNING | auto_fix_typos 'transaction_id': AMBIGUOUS MERGE — 'Txn_6547896' (n=1) vs 'Txn_6478968' (n=1). Frequencies are close; verify these are not distinct values before accepting the auto-fix.
2026-03-08 11:02:50,674 | WARNING | auto_fix_typos 'transaction_id': AMBIGUOUS MERGE — 'Txn_9868114' (n=1) vs 'Txn_9863114' (n=1). Frequencies are close; verify these are not distinct values before accepting the auto-fix.
2026-03-08 11:02:50,911 | WARNING | auto_fix_typos 'transaction_id': AMBIGUOUS MERGE — 'Txn_8126586' (n=1) vs 'Txn_8128656' (n=1). Frequencies are close; verify these are not distinct values before accepting the auto-fix.
2026-03-08 11:02:51,090 | WARNING | auto_fix_typos 'transaction_id': AMBIGUOUS MERGE — 'Txn_4892165' (n=1) vs 'Txn_4921865' (n=1). Frequencies are close; verify these are not distinct values before accepting the auto-fix.
2026-03-08 11:02:51,125 | WARNING | auto_fix_typos 'transaction_id': AMBIGUOUS MERGE — 'Txn_4721830' (n=1) vs 'Txn_7213830' (n=1). Frequencies are close; verify these are not distinct values before accepting the auto-fix.
2026-03-08 11:02:51,145 | WARNING | auto_fix_typos 'transaction_id': AMBIGUOUS MERGE — 'Txn_6941542' (n=1) vs 'Txn_6091542' (n=1). Frequencies are close; verify these are not distinct values before accepting the auto-fix.
2026-03-08 11:02:51,256 | WARNING | auto_fix_typos 'transaction_id': AMBIGUOUS MERGE — 'Txn_9615339' (n=1) vs 'Txn_9612533' (n=1). Frequencies are close; verify these are not distinct values before accepting the auto-fix.
2026-03-08 11:02:51,385 | WARNING | auto_fix_typos 'transaction_id': AMBIGUOUS MERGE — 'Txn_3018211' (n=1) vs 'Txn_3182191' (n=1). Frequencies are close; verify these are not distinct values before accepting the auto-fix.
2026-03-08 11:02:51,454 | WARNING | auto_fix_typos 'transaction_id': AMBIGUOUS MERGE — 'Txn_1696300' (n=1) vs 'Txn_1698600' (n=1). Frequencies are close; verify these are not distinct values before accepting the auto-fix.
2026-03-08 11:02:51,604 | WARNING | auto_fix_typos 'transaction_id': AMBIGUOUS MERGE — 'Txn_8402606' (n=1) vs 'Txn_8020606' (n=1). Frequencies are close; verify these are not distinct values before accepting the auto-fix.
2026-03-08 11:02:51,847 | WARNING | auto_fix_typos 'transaction_id': AMBIGUOUS MERGE — 'Txn_3646359' (n=1) vs 'Txn_3663592' (n=1). Frequencies are close; verify these are not distinct values before accepting the auto-fix.
2026-03-08 11:02:51,933 | WARNING | auto_fix_typos 'transaction_id': AMBIGUOUS MERGE — 'Txn_3046567' (n=1) vs 'Txn_3045673' (n=1). Frequencies are close; verify these are not distinct values before accepting the auto-fix.
2026-03-08 11:02:52,122 | WARNING | auto_fix_typos 'transaction_id': AMBIGUOUS MERGE — 'Txn_9340973' (n=1) vs 'Txn_9349736' (n=1). Frequencies are close; verify these are not distinct values before accepting the auto-fix.
2026-03-08 11:02:52,190 | WARNING | auto_fix_typos 'transaction_id': AMBIGUOUS MERGE — 'Txn_7896831' (n=1) vs 'Txn_7898391' (n=1). Frequencies are close; verify these are not distinct values before accepting the auto-fix.
2026-03-08 11:02:52,320 | WARNING | auto_fix_typos 'transaction_id': AMBIGUOUS MERGE — 'Txn_8419985' (n=1) vs 'Txn_8419805' (n=1). Frequencies are close; verify these are not distinct values before accepting the auto-fix.
2026-03-08 11:02:52,450 | WARNING | auto_fix_typos 'transaction_id': AMBIGUOUS MERGE — 'Txn_1851725' (n=1) vs 'Txn_1817275' (n=1). Frequencies are close; verify these are not distinct values before accepting the auto-fix.
2026-03-08 11:02:52,611 | WARNING | auto_fix_typos 'transaction_id': AMBIGUOUS MERGE — 'Txn_4329116' (n=1) vs 'Txn_4932916' (n=1). Frequencies are close; verify these are not distinct values before accepting the auto-fix.
2026-03-08 11:02:52,956 | WARNING | auto_fix_typos 'transaction_id': AMBIGUOUS MERGE — 'Txn_2351890' (n=1) vs 'Txn_3514890' (n=1). Frequencies are close; verify these are not distinct values before accepting the auto-fix.
2026-03-08 11:02:53,441 | WARNING | auto_fix_typos 'transaction_id': AMBIGUOUS MERGE — 'Txn_6879752' (n=1) vs 'Txn_6187752' (n=1). Frequencies are close; verify these are not distinct values before accepting the auto-fix.
2026-03-08 11:02:53,539 | WARNING | auto_fix_typos 'transaction_id': AMBIGUOUS MERGE — 'Txn_2449402' (n=1) vs 'Txn_2244902' (n=1). Frequencies are close; verify these are not distinct values before accepting the auto-fix.
2026-03-08 11:02:53,807 | WARNING | auto_fix_typos 'transaction_id': AMBIGUOUS MERGE — 'Txn_1829391' (n=1) vs 'Txn_8293691' (n=1). Frequencies are close; verify these are not distinct values before accepting the auto-fix.
2026-03-08 11:02:53,834 | WARNING | auto_fix_typos 'transaction_id': AMBIGUOUS MERGE — 'Txn_6815801' (n=1) vs 'Txn_6581580' (n=1). Frequencies are close; verify these are not distinct values before accepting the auto-fix.
2026-03-08 11:02:53,968 | WARNING | auto_fix_typos 'transaction_id': AMBIGUOUS MERGE — 'Txn_3215610' (n=1) vs 'Txn_3241510' (n=1). Frequencies are close; verify these are not distinct values before accepting the auto-fix.
2026-03-08 11:02:54,097 | WARNING | auto_fix_typos 'transaction_id': AMBIGUOUS MERGE — 'Txn_8090361' (n=1) vs 'Txn_8690361' (n=1). Frequencies are close; verify these are not distinct values before accepting the auto-fix.
2026-03-08 11:02:54,134 | WARNING | auto_fix_typos 'transaction_id': AMBIGUOUS MERGE — 'Txn_8363628' (n=1) vs 'Txn_3635628' (n=1). Frequencies are close; verify these are not distinct values before accepting the auto-fix.
2026-03-08 11:02:54,220 | WARNING | auto_fix_typos 'transaction_id': AMBIGUOUS MERGE — 'Txn_3232279' (n=1) vs 'Txn_3232227' (n=1). Frequencies are close; verify these are not distinct values before accepting the auto-fix.
2026-03-08 11:02:54,272 | WARNING | auto_fix_typos 'transaction_id': AMBIGUOUS MERGE — 'Txn_8526941' (n=1) vs 'Txn_8152941' (n=1). Frequencies are close; verify these are not distinct values before accepting the auto-fix.
2026-03-08 11:02:54,441 | WARNING | auto_fix_typos 'transaction_id': AMBIGUOUS MERGE — 'Txn_7963189' (n=1) vs 'Txn_7963892' (n=1). Frequencies are close; verify these are not distinct values before accepting the auto-fix.
2026-03-08 11:02:54,466 | WARNING | auto_fix_typos 'transaction_id': AMBIGUOUS MERGE — 'Txn_9151273' (n=1) vs 'Txn_7915173' (n=1). Frequencies are close; verify these are not distinct values before accepting the auto-fix.
2026-03-08 11:02:54,840 | WARNING | auto_fix_typos 'transaction_id': AMBIGUOUS MERGE — 'Txn_1123346' (n=1) vs 'Txn_1232346' (n=1). Frequencies are close; verify these are not distinct values before accepting the auto-fix.
2026-03-08 11:02:55,096 | WARNING | auto_fix_typos 'transaction_id': AMBIGUOUS MERGE — 'Txn_4985415' (n=1) vs 'Txn_4695415' (n=1). Frequencies are close; verify these are not distinct values before accepting the auto-fix.
2026-03-08 11:02:55,470 | WARNING | auto_fix_typos 'transaction_id': AMBIGUOUS MERGE — 'Txn_1767321' (n=1) vs 'Txn_1767201' (n=1). Frequencies are close; verify these are not distinct values before accepting the auto-fix.
2026-03-08 11:02:55,587 | WARNING | auto_fix_typos 'transaction_id': AMBIGUOUS MERGE — 'Txn_2696377' (n=1) vs 'Txn_6596377' (n=1). Frequencies are close; verify these are not distinct values before accepting the auto-fix.
2026-03-08 11:02:55,635 | WARNING | auto_fix_typos 'transaction_id': AMBIGUOUS MERGE — 'Txn_4602865' (n=1) vs 'Txn_4260865' (n=1). Frequencies are close; verify these are not distinct values before accepting the auto-fix.
2026-03-08 11:02:55,709 | WARNING | auto_fix_typos 'transaction_id': AMBIGUOUS MERGE — 'Txn_2462604' (n=1) vs 'Txn_2062604' (n=1). Frequencies are close; verify these are not distinct values before accepting the auto-fix.
2026-03-08 11:02:55,859 | WARNING | auto_fix_typos 'transaction_id': AMBIGUOUS MERGE — 'Txn_4852852' (n=1) vs 'Txn_4528522' (n=1). Frequencies are close; verify these are not distinct values before accepting the auto-fix.
2026-03-08 11:02:56,216 | WARNING | auto_fix_typos 'transaction_id': AMBIGUOUS MERGE — 'Txn_6206679' (n=1) vs 'Txn_6206792' (n=1). Frequencies are close; verify these are not distinct values before accepting the auto-fix.
2026-03-08 11:02:56,665 | WARNING | auto_fix_typos 'transaction_id': AMBIGUOUS MERGE — 'Txn_4147675' (n=1) vs 'Txn_4141765' (n=1). Frequencies are close; verify these are not distinct values before accepting the auto-fix.
2026-03-08 11:02:56,733 | WARNING | auto_fix_typos 'transaction_id': AMBIGUOUS MERGE — 'Txn_3930990' (n=1) vs 'Txn_3693990' (n=1). Frequencies are close; verify these are not distinct values before accepting the auto-fix.
2026-03-08 11:02:57,000 | WARNING | auto_fix_typos 'transaction_id': AMBIGUOUS MERGE — 'Txn_7068361' (n=1) vs 'Txn_7083611' (n=1). Frequencies are close; verify these are not distinct values before accepting the auto-fix.
2026-03-08 11:02:57,388 | WARNING | auto_fix_typos 'transaction_id': AMBIGUOUS MERGE — 'Txn_7248594' (n=1) vs 'Txn_7241859' (n=1). Frequencies are close; verify these are not distinct values before accepting the auto-fix.
2026-03-08 11:02:57,634 | WARNING | auto_fix_typos 'transaction_id': AMBIGUOUS MERGE — 'Txn_2964794' (n=1) vs 'Txn_9647494' (n=1). Frequencies are close; verify these are not distinct values before accepting the auto-fix.
2026-03-08 11:02:57,797 | WARNING | auto_fix_typos 'transaction_id': AMBIGUOUS MERGE — 'Txn_2320493' (n=1) vs 'Txn_3232043' (n=1). Frequencies are close; verify these are not distinct values before accepting the auto-fix.
2026-03-08 11:02:57,912 | WARNING | auto_fix_typos 'transaction_id': AMBIGUOUS MERGE — 'Txn_5844851' (n=1) vs 'Txn_1584851' (n=1). Frequencies are close; verify these are not distinct values before accepting the auto-fix.
2026-03-08 11:02:58,128 | WARNING | auto_fix_typos 'transaction_id': AMBIGUOUS MERGE — 'Txn_8306028' (n=1) vs 'Txn_3060286' (n=1). Frequencies are close; verify these are not distinct values before accepting the auto-fix.
2026-03-08 11:02:58,218 | WARNING | auto_fix_typos 'transaction_id': AMBIGUOUS MERGE — 'Txn_2939069' (n=1) vs 'Txn_2593909' (n=1). Frequencies are close; verify these are not distinct values before accepting the auto-fix.
2026-03-08 11:02:58,469 | WARNING | auto_fix_typos 'transaction_id': AMBIGUOUS MERGE — 'Txn_8687294' (n=1) vs 'Txn_8872984' (n=1). Frequencies are close; verify these are not distinct values before accepting the auto-fix.
2026-03-08 11:02:58,500 | WARNING | auto_fix_typos 'transaction_id': AMBIGUOUS MERGE — 'Txn_2176821' (n=1) vs 'Txn_2174821' (n=1). Frequencies are close; verify these are not distinct values before accepting the auto-fix.
2026-03-08 11:02:58,679 | WARNING | auto_fix_typos 'transaction_id': AMBIGUOUS MERGE — 'Txn_8385625' (n=1) vs 'Txn_8386253' (n=1). Frequencies are close; verify these are not distinct values before accepting the auto-fix.
2026-03-08 11:02:58,750 | WARNING | auto_fix_typos 'transaction_id': AMBIGUOUS MERGE — 'Txn_6532452' (n=1) vs 'Txn_7653452' (n=1). Frequencies are close; verify these are not distinct values before accepting the auto-fix.
2026-03-08 11:02:59,279 | WARNING | auto_fix_typos 'transaction_id': AMBIGUOUS MERGE — 'Txn_8164119' (n=1) vs 'Txn_8644119' (n=1). Frequencies are close; verify these are not distinct values before accepting the auto-fix.
2026-03-08 11:02:59,328 | WARNING | auto_fix_typos 'transaction_id': AMBIGUOUS MERGE — 'Txn_5332538' (n=1) vs 'Txn_5303258' (n=1). Frequencies are close; verify these are not distinct values before accepting the auto-fix.
2026-03-08 11:02:59,564 | WARNING | auto_fix_typos 'transaction_id': AMBIGUOUS MERGE — 'Txn_2662711' (n=1) vs 'Txn_2667131' (n=1). Frequencies are close; verify these are not distinct values before accepting the auto-fix.
2026-03-08 11:02:59,655 | WARNING | auto_fix_typos 'transaction_id': AMBIGUOUS MERGE — 'Txn_5921766' (n=1) vs 'Txn_5992166' (n=1). Frequencies are close; verify these are not distinct values before accepting the auto-fix.
2026-03-08 11:02:59,695 | WARNING | auto_fix_typos 'transaction_id': AMBIGUOUS MERGE — 'Txn_3420633' (n=1) vs 'Txn_3426338' (n=1). Frequencies are close; verify these are not distinct values before accepting the auto-fix.
2026-03-08 11:03:00,193 | WARNING | auto_fix_typos 'transaction_id': AMBIGUOUS MERGE — 'Txn_2642834' (n=1) vs 'Txn_2427834' (n=1). Frequencies are close; verify these are not distinct values before accepting the auto-fix.
2026-03-08 11:03:00,389 | WARNING | auto_fix_typos 'transaction_id': AMBIGUOUS MERGE — 'Txn_7360979' (n=1) vs 'Txn_7436097' (n=1). Frequencies are close; verify these are not distinct values before accepting the auto-fix.
2026-03-08 11:03:00,505 | WARNING | auto_fix_typos 'transaction_id': AMBIGUOUS MERGE — 'Txn_3295578' (n=1) vs 'Txn_4329558' (n=1). Frequencies are close; verify these are not distinct values before accepting the auto-fix.
2026-03-08 11:03:01,030 | WARNING | auto_fix_typos 'transaction_id': AMBIGUOUS MERGE — 'Txn_6896663' (n=1) vs 'Txn_8936663' (n=1). Frequencies are close; verify these are not distinct values before accepting the auto-fix.
2026-03-08 11:03:01,050 | WARNING | auto_fix_typos 'transaction_id': AMBIGUOUS MERGE — 'Txn_7308096' (n=1) vs 'Txn_3087096' (n=1). Frequencies are close; verify these are not distinct values before accepting the auto-fix.
2026-03-08 11:03:01,260 | WARNING | auto_fix_typos 'transaction_id': AMBIGUOUS MERGE — 'Txn_7208983' (n=1) vs 'Txn_7202898' (n=1). Frequencies are close; verify these are not distinct values before accepting the auto-fix.
2026-03-08 11:03:01,286 | WARNING | auto_fix_typos 'transaction_id': AMBIGUOUS MERGE — 'Txn_8704128' (n=1) vs 'Txn_7804128' (n=1). Frequencies are close; verify these are not distinct values before accepting the auto-fix.
2026-03-08 11:03:01,357 | WARNING | auto_fix_typos 'transaction_id': AMBIGUOUS MERGE — 'Txn_6179190' (n=1) vs 'Txn_6179169' (n=1). Frequencies are close; verify these are not distinct values before accepting the auto-fix.
2026-03-08 11:03:01,474 | WARNING | auto_fix_typos 'transaction_id': AMBIGUOUS MERGE — 'Txn_9839214' (n=1) vs 'Txn_9883214' (n=1). Frequencies are close; verify these are not distinct values before accepting the auto-fix.
2026-03-08 11:03:01,673 | WARNING | auto_fix_typos 'transaction_id': AMBIGUOUS MERGE — 'Txn_3398611' (n=1) vs 'Txn_3386311' (n=1). Frequencies are close; verify these are not distinct values before accepting the auto-fix.
2026-03-08 11:03:01,830 | WARNING | auto_fix_typos 'transaction_id': AMBIGUOUS MERGE — 'Txn_6259087' (n=1) vs 'Txn_6259827' (n=1). Frequencies are close; verify these are not distinct values before accepting the auto-fix.
2026-03-08 11:03:01,871 | WARNING | auto_fix_typos 'transaction_id': AMBIGUOUS MERGE — 'Txn_2987590' (n=1) vs 'Txn_2807590' (n=1). Frequencies are close; verify these are not distinct values before accepting the auto-fix.
2026-03-08 11:03:02,348 | WARNING | auto_fix_typos 'transaction_id': AMBIGUOUS MERGE — 'Txn_2564718' (n=1) vs 'Txn_2561471' (n=1). Frequencies are close; verify these are not distinct values before accepting the auto-fix.
2026-03-08 11:03:02,442 | WARNING | auto_fix_typos 'transaction_id': AMBIGUOUS MERGE — 'Txn_9050127' (n=1) vs 'Txn_9705027' (n=1). Frequencies are close; verify these are not distinct values before accepting the auto-fix.
2026-03-08 11:03:02,679 | WARNING | auto_fix_typos 'transaction_id': AMBIGUOUS MERGE — 'Txn_3647474' (n=1) vs 'Txn_7367474' (n=1). Frequencies are close; verify these are not distinct values before accepting the auto-fix.
2026-03-08 11:03:02,709 | WARNING | auto_fix_typos 'transaction_id': AMBIGUOUS MERGE — 'Txn_4877601' (n=1) vs 'Txn_4777601' (n=1). Frequencies are close; verify these are not distinct values before accepting the auto-fix.
2026-03-08 11:03:02,759 | WARNING | auto_fix_typos 'transaction_id': AMBIGUOUS MERGE — 'Txn_1927704' (n=1) vs 'Txn_1927404' (n=1). Frequencies are close; verify these are not distinct values before accepting the auto-fix.
2026-03-08 11:03:02,983 | WARNING | auto_fix_typos 'transaction_id': AMBIGUOUS MERGE — 'Txn_2372348' (n=1) vs 'Txn_2347248' (n=1). Frequencies are close; verify these are not distinct values before accepting the auto-fix.
2026-03-08 11:03:03,186 | WARNING | auto_fix_typos 'transaction_id': AMBIGUOUS MERGE — 'Txn_4152991' (n=1) vs 'Txn_1529961' (n=1). Frequencies are close; verify these are not distinct values before accepting the auto-fix.
2026-03-08 11:03:03,207 | WARNING | auto_fix_typos 'transaction_id': AMBIGUOUS MERGE — 'Txn_1196324' (n=1) vs 'Txn_1149624' (n=1). Frequencies are close; verify these are not distinct values before accepting the auto-fix.
2026-03-08 11:03:03,299 | WARNING | auto_fix_typos 'transaction_id': AMBIGUOUS MERGE — 'Txn_4442095' (n=1) vs 'Txn_4442954' (n=1). Frequencies are close; verify these are not distinct values before accepting the auto-fix.
2026-03-08 11:03:03,450 | WARNING | auto_fix_typos 'transaction_id': AMBIGUOUS MERGE — 'Txn_1234390' (n=1) vs 'Txn_1234907' (n=1). Frequencies are close; verify these are not distinct values before accepting the auto-fix.
2026-03-08 11:03:03,650 | WARNING | auto_fix_typos 'transaction_id': AMBIGUOUS MERGE — 'Txn_2361290' (n=1) vs 'Txn_2312908' (n=1). Frequencies are close; verify these are not distinct values before accepting the auto-fix.
2026-03-08 11:03:03,745 | WARNING | auto_fix_typos 'transaction_id': AMBIGUOUS MERGE — 'Txn_3676131' (n=1) vs 'Txn_3661311' (n=1). Frequencies are close; verify these are not distinct values before accepting the auto-fix.
2026-03-08 11:03:03,976 | WARNING | auto_fix_typos 'transaction_id': AMBIGUOUS MERGE — 'Txn_6383779' (n=1) vs 'Txn_6837879' (n=1). Frequencies are close; verify these are not distinct values before accepting the auto-fix.
2026-03-08 11:03:04,338 | WARNING | auto_fix_typos 'transaction_id': AMBIGUOUS MERGE — 'Txn_8219298' (n=1) vs 'Txn_3821298' (n=1). Frequencies are close; verify these are not distinct values before accepting the auto-fix.
2026-03-08 11:03:04,378 | WARNING | auto_fix_typos 'transaction_id': AMBIGUOUS MERGE — 'Txn_6376329' (n=1) vs 'Txn_6763296' (n=1). Frequencies are close; verify these are not distinct values before accepting the auto-fix.
2026-03-08 11:03:04,629 | WARNING | auto_fix_typos 'transaction_id': AMBIGUOUS MERGE — 'Txn_5296578' (n=1) vs 'Txn_5289658' (n=1). Frequencies are close; verify these are not distinct values before accepting the auto-fix.
2026-03-08 11:03:04,655 | WARNING | auto_fix_typos 'transaction_id': AMBIGUOUS MERGE — 'Txn_8211303' (n=1) vs 'Txn_8211133' (n=1). Frequencies are close; verify these are not distinct values before accepting the auto-fix.
2026-03-08 11:03:04,708 | WARNING | auto_fix_typos 'transaction_id': AMBIGUOUS MERGE — 'Txn_2435025' (n=1) vs 'Txn_2430215' (n=1). Frequencies are close; verify these are not distinct values before accepting the auto-fix.
2026-03-08 11:03:04,756 | WARNING | auto_fix_typos 'transaction_id': AMBIGUOUS MERGE — 'Txn_4197090' (n=1) vs 'Txn_1419790' (n=1). Frequencies are close; verify these are not distinct values before accepting the auto-fix.
2026-03-08 11:03:04,811 | WARNING | auto_fix_typos 'transaction_id': AMBIGUOUS MERGE — 'Txn_1777171' (n=1) vs 'Txn_4177717' (n=1). Frequencies are close; verify these are not distinct values before accepting the auto-fix.
2026-03-08 11:03:04,897 | WARNING | auto_fix_typos 'transaction_id': AMBIGUOUS MERGE — 'Txn_6479368' (n=1) vs 'Txn_6478968' (n=1). Frequencies are close; verify these are not distinct values before accepting the auto-fix.
2026-03-08 11:03:05,066 | WARNING | auto_fix_typos 'transaction_id': AMBIGUOUS MERGE — 'Txn_5679935' (n=1) vs 'Txn_5679295' (n=1). Frequencies are close; verify these are not distinct values before accepting the auto-fix.
2026-03-08 11:03:05,393 | WARNING | auto_fix_typos 'transaction_id': AMBIGUOUS MERGE — 'Txn_7521634' (n=1) vs 'Txn_7851634' (n=1). Frequencies are close; verify these are not distinct values before accepting the auto-fix.
2026-03-08 11:03:05,413 | WARNING | auto_fix_typos 'transaction_id': AMBIGUOUS MERGE — 'Txn_5951573' (n=1) vs 'Txn_5975573' (n=1). Frequencies are close; verify these are not distinct values before accepting the auto-fix.
2026-03-08 11:03:05,434 | WARNING | auto_fix_typos 'transaction_id': AMBIGUOUS MERGE — 'Txn_7954368' (n=1) vs 'Txn_7895436' (n=1). Frequencies are close; verify these are not distinct values before accepting the auto-fix.
2026-03-08 11:03:05,514 | WARNING | auto_fix_typos 'transaction_id': AMBIGUOUS MERGE — 'Txn_8918905' (n=1) vs 'Txn_8918902' (n=1). Frequencies are close; verify these are not distinct values before accepting the auto-fix.
2026-03-08 11:03:05,723 | WARNING | auto_fix_typos 'transaction_id': AMBIGUOUS MERGE — 'Txn_1488458' (n=1) vs 'Txn_1488481' (n=1). Frequencies are close; verify these are not distinct values before accepting the auto-fix.
2026-03-08 11:03:05,758 | WARNING | auto_fix_typos 'transaction_id': AMBIGUOUS MERGE — 'Txn_2798736' (n=1) vs 'Txn_6279736' (n=1). Frequencies are close; verify these are not distinct values before accepting the auto-fix.
2026-03-08 11:03:05,896 | WARNING | auto_fix_typos 'transaction_id': AMBIGUOUS MERGE — 'Txn_8018272' (n=1) vs 'Txn_8018572' (n=1). Frequencies are close; verify these are not distinct values before accepting the auto-fix.
2026-03-08 11:03:06,003 | WARNING | auto_fix_typos 'transaction_id': AMBIGUOUS MERGE — 'Txn_9929732' (n=1) vs 'Txn_9924732' (n=1). Frequencies are close; verify these are not distinct values before accepting the auto-fix.
2026-03-08 11:03:06,023 | WARNING | auto_fix_typos 'transaction_id': AMBIGUOUS MERGE — 'Txn_2346362' (n=1) vs 'Txn_4234636' (n=1). Frequencies are close; verify these are not distinct values before accepting the auto-fix.
2026-03-08 11:03:06,212 | WARNING | auto_fix_typos 'transaction_id': AMBIGUOUS MERGE — 'Txn_5100579' (n=1) vs 'Txn_5005793' (n=1). Frequencies are close; verify these are not distinct values before accepting the auto-fix.
2026-03-08 11:03:06,233 | WARNING | auto_fix_typos 'transaction_id': AMBIGUOUS MERGE — 'Txn_1701465' (n=1) vs 'Txn_1370465' (n=1). Frequencies are close; verify these are not distinct values before accepting the auto-fix.
2026-03-08 11:03:06,293 | WARNING | auto_fix_typos 'transaction_id': AMBIGUOUS MERGE — 'Txn_2345326' (n=1) vs 'Txn_2345332' (n=1). Frequencies are close; verify these are not distinct values before accepting the auto-fix.
2026-03-08 11:03:06,446 | WARNING | auto_fix_typos 'transaction_id': AMBIGUOUS MERGE — 'Txn_8821839' (n=1) vs 'Txn_3882139' (n=1). Frequencies are close; verify these are not distinct values before accepting the auto-fix.
2026-03-08 11:03:06,558 | WARNING | auto_fix_typos 'transaction_id': AMBIGUOUS MERGE — 'Txn_3897788' (n=1) vs 'Txn_3937788' (n=1). Frequencies are close; verify these are not distinct values before accepting the auto-fix.
2026-03-08 11:03:06,658 | WARNING | auto_fix_typos 'transaction_id': AMBIGUOUS MERGE — 'Txn_6420900' (n=1) vs 'Txn_6420902' (n=1). Frequencies are close; verify these are not distinct values before accepting the auto-fix.
2026-03-08 11:03:06,885 | WARNING | auto_fix_typos 'transaction_id': AMBIGUOUS MERGE — 'Txn_4143264' (n=1) vs 'Txn_4431264' (n=1). Frequencies are close; verify these are not distinct values before accepting the auto-fix.
2026-03-08 11:03:06,938 | WARNING | auto_fix_typos 'transaction_id': AMBIGUOUS MERGE — 'Txn_1529845' (n=1) vs 'Txn_1528454' (n=1). Frequencies are close; verify these are not distinct values before accepting the auto-fix.
2026-03-08 11:03:07,069 | WARNING | auto_fix_typos 'transaction_id': AMBIGUOUS MERGE — 'Txn_2050630' (n=1) vs 'Txn_2052060' (n=1). Frequencies are close; verify these are not distinct values before accepting the auto-fix.
2026-03-08 11:03:07,197 | WARNING | auto_fix_typos 'transaction_id': AMBIGUOUS MERGE — 'Txn_1731476' (n=1) vs 'Txn_1710476' (n=1). Frequencies are close; verify these are not distinct values before accepting the auto-fix.
2026-03-08 11:03:07,334 | WARNING | auto_fix_typos 'transaction_id': AMBIGUOUS MERGE — 'Txn_9675940' (n=1) vs 'Txn_9676940' (n=1). Frequencies are close; verify these are not distinct values before accepting the auto-fix.
2026-03-08 11:03:07,533 | WARNING | auto_fix_typos 'transaction_id': AMBIGUOUS MERGE — 'Txn_2250398' (n=1) vs 'Txn_2250898' (n=1). Frequencies are close; verify these are not distinct values before accepting the auto-fix.
2026-03-08 11:03:07,571 | WARNING | auto_fix_typos 'transaction_id': AMBIGUOUS MERGE — 'Txn_2302259' (n=1) vs 'Txn_2360229' (n=1). Frequencies are close; verify these are not distinct values before accepting the auto-fix.
2026-03-08 11:03:07,628 | WARNING | auto_fix_typos 'transaction_id': AMBIGUOUS MERGE — 'Txn_8175702' (n=1) vs 'Txn_8751702' (n=1). Frequencies are close; verify these are not distinct values before accepting the auto-fix.
2026-03-08 11:03:07,692 | WARNING | auto_fix_typos 'transaction_id': AMBIGUOUS MERGE — 'Txn_5743616' (n=1) vs 'Txn_5743619' (n=1). Frequencies are close; verify these are not distinct values before accepting the auto-fix.
2026-03-08 11:03:07,852 | WARNING | auto_fix_typos 'transaction_id': AMBIGUOUS MERGE — 'Txn_9831537' (n=1) vs 'Txn_8131537' (n=1). Frequencies are close; verify these are not distinct values before accepting the auto-fix.
2026-03-08 11:03:07,941 | WARNING | auto_fix_typos 'transaction_id': AMBIGUOUS MERGE — 'Txn_2437725' (n=1) vs 'Txn_2437751' (n=1). Frequencies are close; verify these are not distinct values before accepting the auto-fix.
2026-03-08 11:03:08,250 | WARNING | auto_fix_typos 'transaction_id': AMBIGUOUS MERGE — 'Txn_1332623' (n=1) vs 'Txn_2133223' (n=1). Frequencies are close; verify these are not distinct values before accepting the auto-fix.
2026-03-08 11:03:08,553 | WARNING | auto_fix_typos 'transaction_id': AMBIGUOUS MERGE — 'Txn_1727281' (n=1) vs 'Txn_1272815' (n=1). Frequencies are close; verify these are not distinct values before accepting the auto-fix.
2026-03-08 11:03:09,027 | WARNING | auto_fix_typos 'transaction_id': AMBIGUOUS MERGE — 'Txn_7418152' (n=1) vs 'Txn_7418562' (n=1). Frequencies are close; verify these are not distinct values before accepting the auto-fix.
2026-03-08 11:03:09,330 | WARNING | auto_fix_typos 'transaction_id': AMBIGUOUS MERGE — 'Txn_3447594' (n=1) vs 'Txn_4475094' (n=1). Frequencies are close; verify these are not distinct values before accepting the auto-fix.
2026-03-08 11:03:09,512 | WARNING | auto_fix_typos 'transaction_id': AMBIGUOUS MERGE — 'Txn_6700141' (n=1) vs 'Txn_3670041' (n=1). Frequencies are close; verify these are not distinct values before accepting the auto-fix.
2026-03-08 11:03:09,578 | WARNING | auto_fix_typos 'transaction_id': AMBIGUOUS MERGE — 'Txn_2714524' (n=1) vs 'Txn_2741424' (n=1). Frequencies are close; verify these are not distinct values before accepting the auto-fix.
2026-03-08 11:03:09,839 | WARNING | auto_fix_typos 'transaction_id': AMBIGUOUS MERGE — 'Txn_2741928' (n=1) vs 'Txn_2749289' (n=1). Frequencies are close; verify these are not distinct values before accepting the auto-fix.
2026-03-08 11:03:09,858 | WARNING | auto_fix_typos 'transaction_id': AMBIGUOUS MERGE — 'Txn_8477945' (n=1) vs 'Txn_8477415' (n=1). Frequencies are close; verify these are not distinct values before accepting the auto-fix.
2026-03-08 11:03:09,883 | WARNING | auto_fix_typos 'transaction_id': AMBIGUOUS MERGE — 'Txn_2838958' (n=1) vs 'Txn_2838588' (n=1). Frequencies are close; verify these are not distinct values before accepting the auto-fix.
2026-03-08 11:03:10,070 | WARNING | auto_fix_typos 'transaction_id': AMBIGUOUS MERGE — 'Txn_9345439' (n=1) vs 'Txn_9354349' (n=1). Frequencies are close; verify these are not distinct values before accepting the auto-fix.
2026-03-08 11:03:10,538 | WARNING | auto_fix_typos 'transaction_id': AMBIGUOUS MERGE — 'Txn_3740465' (n=1) vs 'Txn_1370465' (n=1). Frequencies are close; verify these are not distinct values before accepting the auto-fix.
2026-03-08 11:03:10,573 | WARNING | auto_fix_typos 'transaction_id': AMBIGUOUS MERGE — 'Txn_9374286' (n=1) vs 'Txn_9376428' (n=1). Frequencies are close; verify these are not distinct values before accepting the auto-fix.
2026-03-08 11:03:10,643 | WARNING | auto_fix_typos 'transaction_id': AMBIGUOUS MERGE — 'Txn_1577802' (n=1) vs 'Txn_1357780' (n=1). Frequencies are close; verify these are not distinct values before accepting the auto-fix.
2026-03-08 11:03:10,956 | WARNING | auto_fix_typos 'transaction_id': AMBIGUOUS MERGE — 'Txn_6297375' (n=1) vs 'Txn_6217375' (n=1). Frequencies are close; verify these are not distinct values before accepting the auto-fix.
2026-03-08 11:03:11,195 | WARNING | auto_fix_typos 'transaction_id': AMBIGUOUS MERGE — 'Txn_6125085' (n=1) vs 'Txn_6120851' (n=1). Frequencies are close; verify these are not distinct values before accepting the auto-fix.
2026-03-08 11:03:11,594 | WARNING | auto_fix_typos 'transaction_id': AMBIGUOUS MERGE — 'Txn_8436360' (n=1) vs 'Txn_4363360' (n=1). Frequencies are close; verify these are not distinct values before accepting the auto-fix.
2026-03-08 11:03:11,616 | WARNING | auto_fix_typos 'transaction_id': AMBIGUOUS MERGE — 'Txn_7343660' (n=1) vs 'Txn_4734366' (n=1). Frequencies are close; verify these are not distinct values before accepting the auto-fix.
2026-03-08 11:03:11,637 | WARNING | auto_fix_typos 'transaction_id': AMBIGUOUS MERGE — 'Txn_7777602' (n=1) vs 'Txn_7775760' (n=1). Frequencies are close; verify these are not distinct values before accepting the auto-fix.
2026-03-08 11:03:11,678 | WARNING | auto_fix_typos 'transaction_id': AMBIGUOUS MERGE — 'Txn_3886176' (n=1) vs 'Txn_3886177' (n=1). Frequencies are close; verify these are not distinct values before accepting the auto-fix.
2026-03-08 11:03:11,924 | WARNING | auto_fix_typos 'transaction_id': AMBIGUOUS MERGE — 'Txn_1792405' (n=1) vs 'Txn_5179245' (n=1). Frequencies are close; verify these are not distinct values before accepting the auto-fix.
2026-03-08 11:03:12,246 | WARNING | auto_fix_typos 'transaction_id': AMBIGUOUS MERGE — 'Txn_9597063' (n=1) vs 'Txn_9970653' (n=1). Frequencies are close; verify these are not distinct values before accepting the auto-fix.
2026-03-08 11:03:12,315 | WARNING | auto_fix_typos 'transaction_id': AMBIGUOUS MERGE — 'Txn_3699636' (n=1) vs 'Txn_3399636' (n=1). Frequencies are close; verify these are not distinct values before accepting the auto-fix.
2026-03-08 11:03:12,367 | WARNING | auto_fix_typos 'transaction_id': AMBIGUOUS MERGE — 'Txn_9105374' (n=1) vs 'Txn_9055374' (n=1). Frequencies are close; verify these are not distinct values before accepting the auto-fix.
2026-03-08 11:03:12,420 | WARNING | auto_fix_typos 'transaction_id': AMBIGUOUS MERGE — 'Txn_2882571' (n=1) vs 'Txn_2898571' (n=1). Frequencies are close; verify these are not distinct values before accepting the auto-fix.
2026-03-08 11:03:12,585 | WARNING | auto_fix_typos 'transaction_id': AMBIGUOUS MERGE — 'Txn_8719561' (n=1) vs 'Txn_8199561' (n=1). Frequencies are close; verify these are not distinct values before accepting the auto-fix.
2026-03-08 11:03:12,626 | WARNING | auto_fix_typos 'transaction_id': AMBIGUOUS MERGE — 'Txn_7629728' (n=1) vs 'Txn_3629728' (n=1). Frequencies are close; verify these are not distinct values before accepting the auto-fix.
2026-03-08 11:03:12,959 | WARNING | auto_fix_typos 'transaction_id': AMBIGUOUS MERGE — 'Txn_8363711' (n=1) vs 'Txn_9363711' (n=1). Frequencies are close; verify these are not distinct values before accepting the auto-fix.
2026-03-08 11:03:13,075 | WARNING | auto_fix_typos 'transaction_id': AMBIGUOUS MERGE — 'Txn_4152460' (n=1) vs 'Txn_1524602' (n=1). Frequencies are close; verify these are not distinct values before accepting the auto-fix.
2026-03-08 11:03:13,301 | WARNING | auto_fix_typos 'transaction_id': AMBIGUOUS MERGE — 'Txn_8155540' (n=1) vs 'Txn_8153550' (n=1). Frequencies are close; verify these are not distinct values before accepting the auto-fix.
2026-03-08 11:03:13,802 | WARNING | auto_fix_typos 'transaction_id': AMBIGUOUS MERGE — 'Txn_2536821' (n=1) vs 'Txn_2536021' (n=1). Frequencies are close; verify these are not distinct values before accepting the auto-fix.
2026-03-08 11:03:13,861 | WARNING | auto_fix_typos 'transaction_id': AMBIGUOUS MERGE — 'Txn_6492477' (n=1) vs 'Txn_6149247' (n=1). Frequencies are close; verify these are not distinct values before accepting the auto-fix.
2026-03-08 11:03:13,941 | WARNING | auto_fix_typos 'transaction_id': AMBIGUOUS MERGE — 'Txn_8078312' (n=1) vs 'Txn_8077812' (n=1). Frequencies are close; verify these are not distinct values before accepting the auto-fix.
2026-03-08 11:03:14,019 | WARNING | auto_fix_typos 'transaction_id': AMBIGUOUS MERGE — 'Txn_1604072' (n=1) vs 'Txn_1640172' (n=1). Frequencies are close; verify these are not distinct values before accepting the auto-fix.
2026-03-08 11:03:14,477 | WARNING | auto_fix_typos 'transaction_id': AMBIGUOUS MERGE — 'Txn_5808719' (n=1) vs 'Txn_5808749' (n=1). Frequencies are close; verify these are not distinct values before accepting the auto-fix.
2026-03-08 11:03:14,741 | WARNING | auto_fix_typos 'transaction_id': AMBIGUOUS MERGE — 'Txn_8538125' (n=1) vs 'Txn_8538315' (n=1). Frequencies are close; verify these are not distinct values before accepting the auto-fix.
2026-03-08 11:03:14,899 | WARNING | auto_fix_typos 'transaction_id': AMBIGUOUS MERGE — 'Txn_3561149' (n=1) vs 'Txn_4356114' (n=1). Frequencies are close; verify these are not distinct values before accepting the auto-fix.
2026-03-08 11:03:15,003 | WARNING | auto_fix_typos 'transaction_id': AMBIGUOUS MERGE — 'Txn_9658354' (n=1) vs 'Txn_4958354' (n=1). Frequencies are close; verify these are not distinct values before accepting the auto-fix.
2026-03-08 11:03:15,225 | WARNING | auto_fix_typos 'transaction_id': AMBIGUOUS MERGE — 'Txn_1039367' (n=1) vs 'Txn_3103967' (n=1). Frequencies are close; verify these are not distinct values before accepting the auto-fix.
2026-03-08 11:03:15,277 | WARNING | auto_fix_typos 'transaction_id': AMBIGUOUS MERGE — 'Txn_3660227' (n=1) vs 'Txn_3602272' (n=1). Frequencies are close; verify these are not distinct values before accepting the auto-fix.
2026-03-08 11:03:15,420 | WARNING | auto_fix_typos 'transaction_id': AMBIGUOUS MERGE — 'Txn_5029453' (n=1) vs 'Txn_5029643' (n=1). Frequencies are close; verify these are not distinct values before accepting the auto-fix.
2026-03-08 11:03:15,580 | WARNING | auto_fix_typos 'transaction_id': AMBIGUOUS MERGE — 'Txn_7331903' (n=1) vs 'Txn_7310903' (n=1). Frequencies are close; verify these are not distinct values before accepting the auto-fix.
2026-03-08 11:03:15,705 | WARNING | auto_fix_typos 'transaction_id': AMBIGUOUS MERGE — 'Txn_5790078' (n=1) vs 'Txn_5908078' (n=1). Frequencies are close; verify these are not distinct values before accepting the auto-fix.
2026-03-08 11:03:15,749 | WARNING | auto_fix_typos 'transaction_id': AMBIGUOUS MERGE — 'Txn_2349072' (n=1) vs 'Txn_1234907' (n=1). Frequencies are close; verify these are not distinct values before accepting the auto-fix.
2026-03-08 11:03:15,776 | WARNING | auto_fix_typos 'transaction_id': AMBIGUOUS MERGE — 'Txn_1933628' (n=1) vs 'Txn_9933628' (n=1). Frequencies are close; verify these are not distinct values before accepting the auto-fix.
2026-03-08 11:03:15,871 | WARNING | auto_fix_typos 'transaction_id': AMBIGUOUS MERGE — 'Txn_2002049' (n=1) vs 'Txn_2032049' (n=1). Frequencies are close; verify these are not distinct values before accepting the auto-fix.
2026-03-08 11:03:15,939 | WARNING | auto_fix_typos 'transaction_id': AMBIGUOUS MERGE — 'Txn_3373997' (n=1) vs 'Txn_3375399' (n=1). Frequencies are close; verify these are not distinct values before accepting the auto-fix.
2026-03-08 11:03:16,016 | WARNING | auto_fix_typos 'transaction_id': AMBIGUOUS MERGE — 'Txn_7246698' (n=1) vs 'Txn_7246683' (n=1). Frequencies are close; verify these are not distinct values before accepting the auto-fix.
2026-03-08 11:03:16,116 | WARNING | auto_fix_typos 'transaction_id': AMBIGUOUS MERGE — 'Txn_8211288' (n=1) vs 'Txn_2112848' (n=1). Frequencies are close; verify these are not distinct values before accepting the auto-fix.
2026-03-08 11:03:16,170 | WARNING | auto_fix_typos 'transaction_id': AMBIGUOUS MERGE — 'Txn_9475783' (n=1) vs 'Txn_4757873' (n=1). Frequencies are close; verify these are not distinct values before accepting the auto-fix.
2026-03-08 11:03:16,208 | WARNING | auto_fix_typos 'transaction_id': AMBIGUOUS MERGE — 'Txn_6011341' (n=1) vs 'Txn_6011304' (n=1). Frequencies are close; verify these are not distinct values before accepting the auto-fix.
2026-03-08 11:03:16,245 | WARNING | auto_fix_typos 'transaction_id': AMBIGUOUS MERGE — 'Txn_2377667' (n=1) vs 'Txn_2375667' (n=1). Frequencies are close; verify these are not distinct values before accepting the auto-fix.
2026-03-08 11:03:16,486 | WARNING | auto_fix_typos 'transaction_id': AMBIGUOUS MERGE — 'Txn_9456357' (n=1) vs 'Txn_9456575' (n=1). Frequencies are close; verify these are not distinct values before accepting the auto-fix.
2026-03-08 11:03:16,538 | WARNING | auto_fix_typos 'transaction_id': AMBIGUOUS MERGE — 'Txn_4129476' (n=1) vs 'Txn_1292476' (n=1). Frequencies are close; verify these are not distinct values before accepting the auto-fix.
2026-03-08 11:03:17,417 | WARNING | auto_fix_typos 'transaction_id': AMBIGUOUS MERGE — 'Txn_9298882' (n=1) vs 'Txn_9288882' (n=1). Frequencies are close; verify these are not distinct values before accepting the auto-fix.
2026-03-08 11:03:17,489 | WARNING | auto_fix_typos 'transaction_id': AMBIGUOUS MERGE — 'Txn_4650811' (n=1) vs 'Txn_4650611' (n=1). Frequencies are close; verify these are not distinct values before accepting the auto-fix.
2026-03-08 11:03:17,558 | WARNING | auto_fix_typos 'transaction_id': AMBIGUOUS MERGE — 'Txn_4060332' (n=1) vs 'Txn_4062032' (n=1). Frequencies are close; verify these are not distinct values before accepting the auto-fix.
2026-03-08 11:03:17,643 | WARNING | auto_fix_typos 'transaction_id': AMBIGUOUS MERGE — 'Txn_3785049' (n=1) vs 'Txn_3875049' (n=1). Frequencies are close; verify these are not distinct values before accepting the auto-fix.
2026-03-08 11:03:17,814 | WARNING | auto_fix_typos 'transaction_id': AMBIGUOUS MERGE — 'Txn_8526084' (n=1) vs 'Txn_8562684' (n=1). Frequencies are close; verify these are not distinct values before accepting the auto-fix.
2026-03-08 11:03:17,850 | WARNING | auto_fix_typos 'transaction_id': AMBIGUOUS MERGE — 'Txn_4276442' (n=1) vs 'Txn_4276482' (n=1). Frequencies are close; verify these are not distinct values before accepting the auto-fix.
2026-03-08 11:03:18,058 | WARNING | auto_fix_typos 'transaction_id': AMBIGUOUS MERGE — 'Txn_9665245' (n=1) vs 'Txn_6657245' (n=1). Frequencies are close; verify these are not distinct values before accepting the auto-fix.
2026-03-08 11:03:18,444 | WARNING | auto_fix_typos 'transaction_id': AMBIGUOUS MERGE — 'Txn_3543133' (n=1) vs 'Txn_3541337' (n=1). Frequencies are close; verify these are not distinct values before accepting the auto-fix.
2026-03-08 11:03:18,514 | WARNING | auto_fix_typos 'transaction_id': AMBIGUOUS MERGE — 'Txn_2873573' (n=1) vs 'Txn_2273573' (n=1). Frequencies are close; verify these are not distinct values before accepting the auto-fix.
2026-03-08 11:03:18,586 | WARNING | auto_fix_typos 'transaction_id': AMBIGUOUS MERGE — 'Txn_8127929' (n=1) vs 'Txn_8279269' (n=1). Frequencies are close; verify these are not distinct values before accepting the auto-fix.
2026-03-08 11:03:18,621 | WARNING | auto_fix_typos 'transaction_id': AMBIGUOUS MERGE — 'Txn_2317867' (n=1) vs 'Txn_3157867' (n=1). Frequencies are close; verify these are not distinct values before accepting the auto-fix.
2026-03-08 11:03:18,706 | WARNING | auto_fix_typos 'transaction_id': AMBIGUOUS MERGE — 'Txn_4831311' (n=1) vs 'Txn_4383311' (n=1). Frequencies are close; verify these are not distinct values before accepting the auto-fix.
2026-03-08 11:03:18,925 | WARNING | auto_fix_typos 'transaction_id': AMBIGUOUS MERGE — 'Txn_6923480' (n=1) vs 'Txn_9231480' (n=1). Frequencies are close; verify these are not distinct values before accepting the auto-fix.
2026-03-08 11:03:19,029 | WARNING | auto_fix_typos 'transaction_id': AMBIGUOUS MERGE — 'Txn_3456748' (n=1) vs 'Txn_3645674' (n=1). Frequencies are close; verify these are not distinct values before accepting the auto-fix.
2026-03-08 11:03:19,052 | WARNING | auto_fix_typos 'transaction_id': AMBIGUOUS MERGE — 'Txn_5680687' (n=1) vs 'Txn_5689687' (n=1). Frequencies are close; verify these are not distinct values before accepting the auto-fix.
2026-03-08 11:03:19,092 | WARNING | auto_fix_typos 'transaction_id': AMBIGUOUS MERGE — 'Txn_8540794' (n=1) vs 'Txn_8541074' (n=1). Frequencies are close; verify these are not distinct values before accepting the auto-fix.
2026-03-08 11:03:19,143 | WARNING | auto_fix_typos 'transaction_id': AMBIGUOUS MERGE — 'Txn_3912440' (n=1) vs 'Txn_3971440' (n=1). Frequencies are close; verify these are not distinct values before accepting the auto-fix.
2026-03-08 11:03:19,161 | WARNING | auto_fix_typos 'transaction_id': AMBIGUOUS MERGE — 'Txn_4276702' (n=1) vs 'Txn_4247602' (n=1). Frequencies are close; verify these are not distinct values before accepting the auto-fix.
2026-03-08 11:03:19,488 | WARNING | auto_fix_typos 'transaction_id': AMBIGUOUS MERGE — 'Txn_5139074' (n=1) vs 'Txn_1390754' (n=1). Frequencies are close; verify these are not distinct values before accepting the auto-fix.
2026-03-08 11:03:19,572 | WARNING | auto_fix_typos 'transaction_id': AMBIGUOUS MERGE — 'Txn_3307518' (n=1) vs 'Txn_3303518' (n=1). Frequencies are close; verify these are not distinct values before accepting the auto-fix.
2026-03-08 11:03:19,596 | WARNING | auto_fix_typos 'transaction_id': AMBIGUOUS MERGE — 'Txn_1837617' (n=1) vs 'Txn_1837817' (n=1). Frequencies are close; verify these are not distinct values before accepting the auto-fix.
2026-03-08 11:03:19,631 | WARNING | auto_fix_typos 'transaction_id': AMBIGUOUS MERGE — 'Txn_4472969' (n=1) vs 'Txn_4457299' (n=1). Frequencies are close; verify these are not distinct values before accepting the auto-fix.
2026-03-08 11:03:19,801 | WARNING | auto_fix_typos 'transaction_id': AMBIGUOUS MERGE — 'Txn_6540200' (n=1) vs 'Txn_5430200' (n=1). Frequencies are close; verify these are not distinct values before accepting the auto-fix.
2026-03-08 11:03:20,069 | WARNING | auto_fix_typos 'transaction_id': AMBIGUOUS MERGE — 'Txn_2747156' (n=1) vs 'Txn_2547156' (n=1). Frequencies are close; verify these are not distinct values before accepting the auto-fix.
2026-03-08 11:03:20,212 | WARNING | auto_fix_typos 'transaction_id': AMBIGUOUS MERGE — 'Txn_3463568' (n=1) vs 'Txn_3635628' (n=1). Frequencies are close; verify these are not distinct values before accepting the auto-fix.
2026-03-08 11:03:20,419 | WARNING | auto_fix_typos 'transaction_id': AMBIGUOUS MERGE — 'Txn_6784478' (n=1) vs 'Txn_1784478' (n=1). Frequencies are close; verify these are not distinct values before accepting the auto-fix.
2026-03-08 11:03:20,522 | WARNING | auto_fix_typos 'transaction_id': AMBIGUOUS MERGE — 'Txn_7645464' (n=1) vs 'Txn_2764544' (n=1). Frequencies are close; verify these are not distinct values before accepting the auto-fix.
2026-03-08 11:03:20,540 | WARNING | auto_fix_typos 'transaction_id': AMBIGUOUS MERGE — 'Txn_4205860' (n=1) vs 'Txn_4203560' (n=1). Frequencies are close; verify these are not distinct values before accepting the auto-fix.
2026-03-08 11:03:20,576 | WARNING | auto_fix_typos 'transaction_id': AMBIGUOUS MERGE — 'Txn_5712248' (n=1) vs 'Txn_5171248' (n=1). Frequencies are close; verify these are not distinct values before accepting the auto-fix.
2026-03-08 11:03:20,886 | WARNING | auto_fix_typos 'transaction_id': AMBIGUOUS MERGE — 'Txn_5575420' (n=1) vs 'Txn_5572520' (n=1). Frequencies are close; verify these are not distinct values before accepting the auto-fix.
2026-03-08 11:03:20,920 | WARNING | auto_fix_typos 'transaction_id': AMBIGUOUS MERGE — 'Txn_1687822' (n=1) vs 'Txn_1688292' (n=1). Frequencies are close; verify these are not distinct values before accepting the auto-fix.
2026-03-08 11:03:21,007 | WARNING | auto_fix_typos 'transaction_id': AMBIGUOUS MERGE — 'Txn_4179797' (n=1) vs 'Txn_4759797' (n=1). Frequencies are close; verify these are not distinct values before accepting the auto-fix.
2026-03-08 11:03:21,534 | WARNING | auto_fix_typos 'transaction_id': AMBIGUOUS MERGE — 'Txn_3493771' (n=1) vs 'Txn_4793771' (n=1). Frequencies are close; verify these are not distinct values before accepting the auto-fix.
2026-03-08 11:03:21,595 | WARNING | auto_fix_typos 'transaction_id': AMBIGUOUS MERGE — 'Txn_8107005' (n=1) vs 'Txn_8105705' (n=1). Frequencies are close; verify these are not distinct values before accepting the auto-fix.
2026-03-08 11:03:21,719 | WARNING | auto_fix_typos 'transaction_id': AMBIGUOUS MERGE — 'Txn_9281939' (n=1) vs 'Txn_9281392' (n=1). Frequencies are close; verify these are not distinct values before accepting the auto-fix.
2026-03-08 11:03:21,826 | WARNING | auto_fix_typos 'transaction_id': AMBIGUOUS MERGE — 'Txn_1983705' (n=1) vs 'Txn_4183705' (n=1). Frequencies are close; verify these are not distinct values before accepting the auto-fix.
2026-03-08 11:03:21,930 | WARNING | auto_fix_typos 'transaction_id': AMBIGUOUS MERGE — 'Txn_2807324' (n=1) vs 'Txn_6280724' (n=1). Frequencies are close; verify these are not distinct values before accepting the auto-fix.
2026-03-08 11:03:22,022 | WARNING | auto_fix_typos 'transaction_id': AMBIGUOUS MERGE — 'Txn_6030518' (n=1) vs 'Txn_1603051' (n=1). Frequencies are close; verify these are not distinct values before accepting the auto-fix.
2026-03-08 11:03:22,064 | WARNING | auto_fix_typos 'transaction_id': AMBIGUOUS MERGE — 'Txn_9719921' (n=1) vs 'Txn_4971992' (n=1). Frequencies are close; verify these are not distinct values before accepting the auto-fix.
2026-03-08 11:03:22,133 | WARNING | auto_fix_typos 'transaction_id': AMBIGUOUS MERGE — 'Txn_2894945' (n=1) vs 'Txn_8949453' (n=1). Frequencies are close; verify these are not distinct values before accepting the auto-fix.
2026-03-08 11:03:22,163 | WARNING | auto_fix_typos 'transaction_id': AMBIGUOUS MERGE — 'Txn_7992512' (n=1) vs 'Txn_7997252' (n=1). Frequencies are close; verify these are not distinct values before accepting the auto-fix.
2026-03-08 11:03:22,482 | WARNING | auto_fix_typos 'transaction_id': AMBIGUOUS MERGE — 'Txn_7667139' (n=1) vs 'Txn_7663739' (n=1). Frequencies are close; verify these are not distinct values before accepting the auto-fix.
2026-03-08 11:03:22,800 | WARNING | auto_fix_typos 'transaction_id': AMBIGUOUS MERGE — 'Txn_1236759' (n=1) vs 'Txn_1236779' (n=1). Frequencies are close; verify these are not distinct values before accepting the auto-fix.
2026-03-08 11:03:22,990 | WARNING | auto_fix_typos 'transaction_id': AMBIGUOUS MERGE — 'Txn_6118079' (n=1) vs 'Txn_6110769' (n=1). Frequencies are close; verify these are not distinct values before accepting the auto-fix.
2026-03-08 11:03:23,103 | WARNING | auto_fix_typos 'transaction_id': AMBIGUOUS MERGE — 'Txn_1103495' (n=1) vs 'Txn_1139495' (n=1). Frequencies are close; verify these are not distinct values before accepting the auto-fix.
2026-03-08 11:03:23,157 | WARNING | auto_fix_typos 'transaction_id': AMBIGUOUS MERGE — 'Txn_6013024' (n=1) vs 'Txn_6011304' (n=1). Frequencies are close; verify these are not distinct values before accepting the auto-fix.
2026-03-08 11:03:23,539 | WARNING | auto_fix_typos 'transaction_id': AMBIGUOUS MERGE — 'Txn_2457961' (n=1) vs 'Txn_2057961' (n=1). Frequencies are close; verify these are not distinct values before accepting the auto-fix.
2026-03-08 11:03:23,738 | WARNING | auto_fix_typos 'transaction_id': AMBIGUOUS MERGE — 'Txn_5564198' (n=1) vs 'Txn_5561958' (n=1). Frequencies are close; verify these are not distinct values before accepting the auto-fix.
2026-03-08 11:03:23,941 | WARNING | auto_fix_typos 'transaction_id': AMBIGUOUS MERGE — 'Txn_7413282' (n=1) vs 'Txn_7412782' (n=1). Frequencies are close; verify these are not distinct values before accepting the auto-fix.
2026-03-08 11:03:24,194 | WARNING | auto_fix_typos 'transaction_id': AMBIGUOUS MERGE — 'Txn_9923952' (n=1) vs 'Txn_9921392' (n=1). Frequencies are close; verify these are not distinct values before accepting the auto-fix.
2026-03-08 11:03:24,213 | WARNING | auto_fix_typos 'transaction_id': AMBIGUOUS MERGE — 'Txn_4766317' (n=1) vs 'Txn_4076631' (n=1). Frequencies are close; verify these are not distinct values before accepting the auto-fix.
2026-03-08 11:03:24,341 | WARNING | auto_fix_typos 'transaction_id': AMBIGUOUS MERGE — 'Txn_2616353' (n=1) vs 'Txn_2614633' (n=1). Frequencies are close; verify these are not distinct values before accepting the auto-fix.
2026-03-08 11:03:24,378 | WARNING | auto_fix_typos 'transaction_id': AMBIGUOUS MERGE — 'Txn_3608237' (n=1) vs 'Txn_3602823' (n=1). Frequencies are close; verify these are not distinct values before accepting the auto-fix.
2026-03-08 11:03:24,503 | WARNING | auto_fix_typos 'transaction_id': AMBIGUOUS MERGE — 'Txn_3910293' (n=1) vs 'Txn_3910230' (n=1). Frequencies are close; verify these are not distinct values before accepting the auto-fix.
2026-03-08 11:03:24,640 | WARNING | auto_fix_typos 'transaction_id': AMBIGUOUS MERGE — 'Txn_7223850' (n=1) vs 'Txn_7922350' (n=1). Frequencies are close; verify these are not distinct values before accepting the auto-fix.
2026-03-08 11:03:24,947 | WARNING | auto_fix_typos 'transaction_id': AMBIGUOUS MERGE — 'Txn_4809626' (n=1) vs 'Txn_4209626' (n=1). Frequencies are close; verify these are not distinct values before accepting the auto-fix.
2026-03-08 11:03:25,202 | WARNING | auto_fix_typos 'transaction_id': AMBIGUOUS MERGE — 'Txn_9196694' (n=1) vs 'Txn_9896694' (n=1). Frequencies are close; verify these are not distinct values before accepting the auto-fix.
2026-03-08 11:03:25,355 | WARNING | auto_fix_typos 'transaction_id': AMBIGUOUS MERGE — 'Txn_3048882' (n=1) vs 'Txn_3488082' (n=1). Frequencies are close; verify these are not distinct values before accepting the auto-fix.
2026-03-08 11:03:25,457 | WARNING | auto_fix_typos 'transaction_id': AMBIGUOUS MERGE — 'Txn_4822216' (n=1) vs 'Txn_4822256' (n=1). Frequencies are close; verify these are not distinct values before accepting the auto-fix.
2026-03-08 11:03:25,509 | WARNING | auto_fix_typos 'transaction_id': AMBIGUOUS MERGE — 'Txn_2888655' (n=1) vs 'Txn_2886505' (n=1). Frequencies are close; verify these are not distinct values before accepting the auto-fix.
2026-03-08 11:03:25,680 | WARNING | auto_fix_typos 'transaction_id': AMBIGUOUS MERGE — 'Txn_9375445' (n=1) vs 'Txn_3705445' (n=1). Frequencies are close; verify these are not distinct values before accepting the auto-fix.
2026-03-08 11:03:25,700 | WARNING | auto_fix_typos 'transaction_id': AMBIGUOUS MERGE — 'Txn_4943552' (n=1) vs 'Txn_4435352' (n=1). Frequencies are close; verify these are not distinct values before accepting the auto-fix.
2026-03-08 11:03:25,751 | WARNING | auto_fix_typos 'transaction_id': AMBIGUOUS MERGE — 'Txn_2134763' (n=1) vs 'Txn_1534763' (n=1). Frequencies are close; verify these are not distinct values before accepting the auto-fix.
2026-03-08 11:03:26,010 | WARNING | auto_fix_typos 'transaction_id': AMBIGUOUS MERGE — 'Txn_1732639' (n=1) vs 'Txn_1713639' (n=1). Frequencies are close; verify these are not distinct values before accepting the auto-fix.
2026-03-08 11:03:26,144 | WARNING | auto_fix_typos 'transaction_id': AMBIGUOUS MERGE — 'Txn_2196926' (n=1) vs 'Txn_2199236' (n=1). Frequencies are close; verify these are not distinct values before accepting the auto-fix.
2026-03-08 11:03:26,476 | WARNING | auto_fix_typos 'transaction_id': AMBIGUOUS MERGE — 'Txn_8830264' (n=1) vs 'Txn_8830924' (n=1). Frequencies are close; verify these are not distinct values before accepting the auto-fix.
2026-03-08 11:03:26,713 | WARNING | auto_fix_typos 'transaction_id': AMBIGUOUS MERGE — 'Txn_4378637' (n=1) vs 'Txn_4376376' (n=1). Frequencies are close; verify these are not distinct values before accepting the auto-fix.
2026-03-08 11:03:26,731 | WARNING | auto_fix_typos 'transaction_id': AMBIGUOUS MERGE — 'Txn_4375708' (n=1) vs 'Txn_2437508' (n=1). Frequencies are close; verify these are not distinct values before accepting the auto-fix.
2026-03-08 11:03:26,904 | WARNING | auto_fix_typos 'transaction_id': AMBIGUOUS MERGE — 'Txn_4501915' (n=1) vs 'Txn_4519915' (n=1). Frequencies are close; verify these are not distinct values before accepting the auto-fix.
2026-03-08 11:03:26,941 | WARNING | auto_fix_typos 'transaction_id': AMBIGUOUS MERGE — 'Txn_7645250' (n=1) vs 'Txn_7964520' (n=1). Frequencies are close; verify these are not distinct values before accepting the auto-fix.
2026-03-08 11:03:26,994 | WARNING | auto_fix_typos 'transaction_id': AMBIGUOUS MERGE — 'Txn_5108867' (n=1) vs 'Txn_5088167' (n=1). Frequencies are close; verify these are not distinct values before accepting the auto-fix.
2026-03-08 11:03:27,046 | WARNING | auto_fix_typos 'transaction_id': AMBIGUOUS MERGE — 'Txn_7412012' (n=1) vs 'Txn_7152012' (n=1). Frequencies are close; verify these are not distinct values before accepting the auto-fix.
2026-03-08 11:03:27,180 | WARNING | auto_fix_typos 'transaction_id': AMBIGUOUS MERGE — 'Txn_7664606' (n=1) vs 'Txn_7641606' (n=1). Frequencies are close; verify these are not distinct values before accepting the auto-fix.
2026-03-08 11:03:27,354 | WARNING | auto_fix_typos 'transaction_id': AMBIGUOUS MERGE — 'Txn_8325722' (n=1) vs 'Txn_8325221' (n=1). Frequencies are close; verify these are not distinct values before accepting the auto-fix.
2026-03-08 11:03:27,372 | WARNING | auto_fix_typos 'transaction_id': AMBIGUOUS MERGE — 'Txn_3050797' (n=1) vs 'Txn_3205079' (n=1). Frequencies are close; verify these are not distinct values before accepting the auto-fix.
2026-03-08 11:03:27,493 | WARNING | auto_fix_typos 'transaction_id': AMBIGUOUS MERGE — 'Txn_2097023' (n=1) vs 'Txn_2097072' (n=1). Frequencies are close; verify these are not distinct values before accepting the auto-fix.
2026-03-08 11:03:27,794 | WARNING | auto_fix_typos 'transaction_id': AMBIGUOUS MERGE — 'Txn_2342308' (n=1) vs 'Txn_2352308' (n=1). Frequencies are close; verify these are not distinct values before accepting the auto-fix.
2026-03-08 11:03:28,000 | WARNING | auto_fix_typos 'transaction_id': AMBIGUOUS MERGE — 'Txn_9801552' (n=1) vs 'Txn_9815521' (n=1). Frequencies are close; verify these are not distinct values before accepting the auto-fix.
2026-03-08 11:03:28,035 | WARNING | auto_fix_typos 'transaction_id': AMBIGUOUS MERGE — 'Txn_1569729' (n=1) vs 'Txn_1697299' (n=1). Frequencies are close; verify these are not distinct values before accepting the auto-fix.
2026-03-08 11:03:28,153 | WARNING | auto_fix_typos 'transaction_id': AMBIGUOUS MERGE — 'Txn_7328705' (n=1) vs 'Txn_7387056' (n=1). Frequencies are close; verify these are not distinct values before accepting the auto-fix.
2026-03-08 11:03:28,171 | WARNING | auto_fix_typos 'transaction_id': AMBIGUOUS MERGE — 'Txn_8970187' (n=1) vs 'Txn_8470187' (n=1). Frequencies are close; verify these are not distinct values before accepting the auto-fix.
2026-03-08 11:03:28,189 | WARNING | auto_fix_typos 'transaction_id': AMBIGUOUS MERGE — 'Txn_4385632' (n=1) vs 'Txn_4386732' (n=1). Frequencies are close; verify these are not distinct values before accepting the auto-fix.
2026-03-08 11:03:28,514 | WARNING | auto_fix_typos 'transaction_id': AMBIGUOUS MERGE — 'Txn_7368518' (n=1) vs 'Txn_7936851' (n=1). Frequencies are close; verify these are not distinct values before accepting the auto-fix.
2026-03-08 11:03:28,975 | WARNING | auto_fix_typos 'transaction_id': AMBIGUOUS MERGE — 'Txn_8932087' (n=1) vs 'Txn_8932070' (n=1). Frequencies are close; verify these are not distinct values before accepting the auto-fix.
2026-03-08 11:03:29,010 | WARNING | auto_fix_typos 'transaction_id': AMBIGUOUS MERGE — 'Txn_7293600' (n=1) vs 'Txn_7936002' (n=1). Frequencies are close; verify these are not distinct values before accepting the auto-fix.
2026-03-08 11:03:29,194 | WARNING | auto_fix_typos 'transaction_id': AMBIGUOUS MERGE — 'Txn_1037464' (n=1) vs 'Txn_1037486' (n=1). Frequencies are close; verify these are not distinct values before accepting the auto-fix.
2026-03-08 11:03:29,246 | WARNING | auto_fix_typos 'transaction_id': AMBIGUOUS MERGE — 'Txn_7910572' (n=1) vs 'Txn_4791072' (n=1). Frequencies are close; verify these are not distinct values before accepting the auto-fix.
2026-03-08 11:03:29,455 | WARNING | auto_fix_typos 'transaction_id': AMBIGUOUS MERGE — 'Txn_1983422' (n=1) vs 'Txn_1983842' (n=1). Frequencies are close; verify these are not distinct values before accepting the auto-fix.
2026-03-08 11:03:29,526 | WARNING | auto_fix_typos 'transaction_id': AMBIGUOUS MERGE — 'Txn_7697496' (n=1) vs 'Txn_7694996' (n=1). Frequencies are close; verify these are not distinct values before accepting the auto-fix.
2026-03-08 11:03:29,744 | WARNING | auto_fix_typos 'transaction_id': AMBIGUOUS MERGE — 'Txn_1254663' (n=1) vs 'Txn_8124663' (n=1). Frequencies are close; verify these are not distinct values before accepting the auto-fix.
2026-03-08 11:03:29,932 | WARNING | auto_fix_typos 'transaction_id': AMBIGUOUS MERGE — 'Txn_8469087' (n=1) vs 'Txn_8046087' (n=1). Frequencies are close; verify these are not distinct values before accepting the auto-fix.
2026-03-08 11:03:30,017 | WARNING | auto_fix_typos 'transaction_id': AMBIGUOUS MERGE — 'Txn_2470745' (n=1) vs 'Txn_9247075' (n=1). Frequencies are close; verify these are not distinct values before accepting the auto-fix.
2026-03-08 11:03:30,167 | WARNING | auto_fix_typos 'transaction_id': AMBIGUOUS MERGE — 'Txn_3175177' (n=1) vs 'Txn_3177517' (n=1). Frequencies are close; verify these are not distinct values before accepting the auto-fix.
2026-03-08 11:03:31,182 | WARNING | auto_fix_typos 'transaction_id': AMBIGUOUS MERGE — 'Txn_4117627' (n=1) vs 'Txn_4176272' (n=1). Frequencies are close; verify these are not distinct values before accepting the auto-fix.
2026-03-08 11:03:31,583 | WARNING | auto_fix_typos 'transaction_id': AMBIGUOUS MERGE — 'Txn_7508715' (n=1) vs 'Txn_1750875' (n=1). Frequencies are close; verify these are not distinct values before accepting the auto-fix.
2026-03-08 11:03:31,653 | WARNING | auto_fix_typos 'transaction_id': AMBIGUOUS MERGE — 'Txn_2421387' (n=1) vs 'Txn_2421873' (n=1). Frequencies are close; verify these are not distinct values before accepting the auto-fix.
2026-03-08 11:03:31,854 | WARNING | auto_fix_typos 'transaction_id': AMBIGUOUS MERGE — 'Txn_9444736' (n=1) vs 'Txn_9484436' (n=1). Frequencies are close; verify these are not distinct values before accepting the auto-fix.
2026-03-08 11:03:31,873 | WARNING | auto_fix_typos 'transaction_id': AMBIGUOUS MERGE — 'Txn_4764398' (n=1) vs 'Txn_9464398' (n=1). Frequencies are close; verify these are not distinct values before accepting the auto-fix.
2026-03-08 11:03:32,098 | WARNING | auto_fix_typos 'transaction_id': AMBIGUOUS MERGE — 'Txn_4432252' (n=1) vs 'Txn_4428252' (n=1). Frequencies are close; verify these are not distinct values before accepting the auto-fix.
2026-03-08 11:03:32,246 | WARNING | auto_fix_typos 'transaction_id': AMBIGUOUS MERGE — 'Txn_7010812' (n=1) vs 'Txn_7108012' (n=1). Frequencies are close; verify these are not distinct values before accepting the auto-fix.
2026-03-08 11:03:32,307 | WARNING | auto_fix_typos 'transaction_id': AMBIGUOUS MERGE — 'Txn_5260646' (n=1) vs 'Txn_5206046' (n=1). Frequencies are close; verify these are not distinct values before accepting the auto-fix.
2026-03-08 11:03:32,524 | WARNING | auto_fix_typos 'transaction_id': AMBIGUOUS MERGE — 'Txn_1931190' (n=1) vs 'Txn_1935119' (n=1). Frequencies are close; verify these are not distinct values before accepting the auto-fix.
2026-03-08 11:03:32,822 | WARNING | auto_fix_typos 'transaction_id': AMBIGUOUS MERGE — 'Txn_3771902' (n=1) vs 'Txn_7714902' (n=1). Frequencies are close; verify these are not distinct values before accepting the auto-fix.
2026-03-08 11:03:32,959 | WARNING | auto_fix_typos 'transaction_id': AMBIGUOUS MERGE — 'Txn_2944325' (n=1) vs 'Txn_9443285' (n=1). Frequencies are close; verify these are not distinct values before accepting the auto-fix.
2026-03-08 11:03:33,028 | WARNING | auto_fix_typos 'transaction_id': AMBIGUOUS MERGE — 'Txn_2132747' (n=1) vs 'Txn_5132747' (n=1). Frequencies are close; verify these are not distinct values before accepting the auto-fix.
2026-03-08 11:03:34,141 | WARNING | auto_fix_typos 'transaction_id': AMBIGUOUS MERGE — 'Txn_8343149' (n=1) vs 'Txn_8343414' (n=1). Frequencies are close; verify these are not distinct values before accepting the auto-fix.
2026-03-08 11:03:34,176 | WARNING | auto_fix_typos 'transaction_id': AMBIGUOUS MERGE — 'Txn_7187140' (n=1) vs 'Txn_1807140' (n=1). Frequencies are close; verify these are not distinct values before accepting the auto-fix.
2026-03-08 11:03:34,311 | WARNING | auto_fix_typos 'transaction_id': AMBIGUOUS MERGE — 'Txn_5666241' (n=1) vs 'Txn_6966241' (n=1). Frequencies are close; verify these are not distinct values before accepting the auto-fix.
2026-03-08 11:03:34,690 | WARNING | auto_fix_typos 'transaction_id': AMBIGUOUS MERGE — 'Txn_1512159' (n=1) vs 'Txn_1512185' (n=1). Frequencies are close; verify these are not distinct values before accepting the auto-fix.
2026-03-08 11:03:34,937 | WARNING | auto_fix_typos 'transaction_id': AMBIGUOUS MERGE — 'Txn_8973007' (n=1) vs 'Txn_8917300' (n=1). Frequencies are close; verify these are not distinct values before accepting the auto-fix.
2026-03-08 11:03:34,956 | WARNING | auto_fix_typos 'transaction_id': AMBIGUOUS MERGE — 'Txn_8103630' (n=1) vs 'Txn_8140360' (n=1). Frequencies are close; verify these are not distinct values before accepting the auto-fix.
2026-03-08 11:03:35,009 | WARNING | auto_fix_typos 'transaction_id': AMBIGUOUS MERGE — 'Txn_3252542' (n=1) vs 'Txn_3255254' (n=1). Frequencies are close; verify these are not distinct values before accepting the auto-fix.
2026-03-08 11:03:35,234 | WARNING | auto_fix_typos 'transaction_id': AMBIGUOUS MERGE — 'Txn_4731715' (n=1) vs 'Txn_4717715' (n=1). Frequencies are close; verify these are not distinct values before accepting the auto-fix.
2026-03-08 11:03:35,685 | WARNING | auto_fix_typos 'transaction_id': AMBIGUOUS MERGE — 'Txn_6836109' (n=1) vs 'Txn_6361309' (n=1). Frequencies are close; verify these are not distinct values before accepting the auto-fix.
2026-03-08 11:03:36,273 | WARNING | auto_fix_typos 'transaction_id': AMBIGUOUS MERGE — 'Txn_7896586' (n=1) vs 'Txn_7899686' (n=1). Frequencies are close; verify these are not distinct values before accepting the auto-fix.
2026-03-08 11:03:36,339 | WARNING | auto_fix_typos 'transaction_id': AMBIGUOUS MERGE — 'Txn_5950951' (n=1) vs 'Txn_5965095' (n=1). Frequencies are close; verify these are not distinct values before accepting the auto-fix.
2026-03-08 11:03:36,409 | WARNING | auto_fix_typos 'transaction_id': AMBIGUOUS MERGE — 'Txn_4262451' (n=1) vs 'Txn_4624591' (n=1). Frequencies are close; verify these are not distinct values before accepting the auto-fix.
2026-03-08 11:03:36,444 | WARNING | auto_fix_typos 'transaction_id': AMBIGUOUS MERGE — 'Txn_1231366' (n=1) vs 'Txn_2313646' (n=1). Frequencies are close; verify these are not distinct values before accepting the auto-fix.
2026-03-08 11:03:36,701 | WARNING | auto_fix_typos 'transaction_id': AMBIGUOUS MERGE — 'Txn_7483986' (n=1) vs 'Txn_7548396' (n=1). Frequencies are close; verify these are not distinct values before accepting the auto-fix.
2026-03-08 11:03:36,752 | WARNING | auto_fix_typos 'transaction_id': AMBIGUOUS MERGE — 'Txn_7908153' (n=1) vs 'Txn_7905853' (n=1). Frequencies are close; verify these are not distinct values before accepting the auto-fix.
2026-03-08 11:03:37,700 | WARNING | auto_fix_typos 'transaction_id': AMBIGUOUS MERGE — 'Txn_3672345' (n=1) vs 'Txn_3679245' (n=1). Frequencies are close; verify these are not distinct values before accepting the auto-fix.
2026-03-08 11:03:37,729 | WARNING | auto_fix_typos 'transaction_id': AMBIGUOUS MERGE — 'Txn_3951329' (n=1) vs 'Txn_3195132' (n=1). Frequencies are close; verify these are not distinct values before accepting the auto-fix.
2026-03-08 11:03:37,847 | WARNING | auto_fix_typos 'transaction_id': AMBIGUOUS MERGE — 'Txn_3749801' (n=1) vs 'Txn_3749051' (n=1). Frequencies are close; verify these are not distinct values before accepting the auto-fix.
2026-03-08 11:03:37,994 | WARNING | auto_fix_typos 'transaction_id': AMBIGUOUS MERGE — 'Txn_4978922' (n=1) vs 'Txn_4097922' (n=1). Frequencies are close; verify these are not distinct values before accepting the auto-fix.
2026-03-08 11:03:38,677 | WARNING | auto_fix_typos 'transaction_id': AMBIGUOUS MERGE — 'Txn_1902009' (n=1) vs 'Txn_1192009' (n=1). Frequencies are close; verify these are not distinct values before accepting the auto-fix.
2026-03-08 11:03:39,138 | WARNING | auto_fix_typos 'transaction_id': AMBIGUOUS MERGE — 'Txn_3801338' (n=1) vs 'Txn_3601338' (n=1). Frequencies are close; verify these are not distinct values before accepting the auto-fix.
2026-03-08 11:03:39,963 | WARNING | auto_fix_typos 'transaction_id': AMBIGUOUS MERGE — 'Txn_9852820' (n=1) vs 'Txn_9853220' (n=1). Frequencies are close; verify these are not distinct values before accepting the auto-fix.
2026-03-08 11:03:40,147 | WARNING | auto_fix_typos 'transaction_id': AMBIGUOUS MERGE — 'Txn_2119373' (n=1) vs 'Txn_2111973' (n=1). Frequencies are close; verify these are not distinct values before accepting the auto-fix.
2026-03-08 11:03:40,966 | WARNING | auto_fix_typos 'transaction_id': AMBIGUOUS MERGE — 'Txn_1892102' (n=1) vs 'Txn_1898102' (n=1). Frequencies are close; verify these are not distinct values before accepting the auto-fix.
2026-03-08 11:03:41,232 | WARNING | auto_fix_typos 'transaction_id': AMBIGUOUS MERGE — 'Txn_4224423' (n=1) vs 'Txn_4224427' (n=1). Frequencies are close; verify these are not distinct values before accepting the auto-fix.
2026-03-08 11:03:41,521 | WARNING | auto_fix_typos 'transaction_id': AMBIGUOUS MERGE — 'Txn_2029301' (n=1) vs 'Txn_2028930' (n=1). Frequencies are close; verify these are not distinct values before accepting the auto-fix.
2026-03-08 11:03:41,624 | WARNING | auto_fix_typos 'transaction_id': AMBIGUOUS MERGE — 'Txn_1516961' (n=1) vs 'Txn_1169615' (n=1). Frequencies are close; verify these are not distinct values before accepting the auto-fix.
2026-03-08 11:03:41,929 | WARNING | auto_fix_typos 'transaction_id': AMBIGUOUS MERGE — 'Txn_3098503' (n=1) vs 'Txn_3709853' (n=1). Frequencies are close; verify these are not distinct values before accepting the auto-fix.
2026-03-08 11:03:41,976 | WARNING | auto_fix_typos 'transaction_id': AMBIGUOUS MERGE — 'Txn_5151780' (n=1) vs 'Txn_5151706' (n=1). Frequencies are close; verify these are not distinct values before accepting the auto-fix.
2026-03-08 11:03:42,463 | WARNING | auto_fix_typos 'transaction_id': AMBIGUOUS MERGE — 'Txn_1449866' (n=1) vs 'Txn_1454866' (n=1). Frequencies are close; verify these are not distinct values before accepting the auto-fix.
2026-03-08 11:03:42,517 | WARNING | auto_fix_typos 'transaction_id': AMBIGUOUS MERGE — 'Txn_9673685' (n=1) vs 'Txn_9563685' (n=1). Frequencies are close; verify these are not distinct values before accepting the auto-fix.
2026-03-08 11:03:42,593 | WARNING | auto_fix_typos 'transaction_id': AMBIGUOUS MERGE — 'Txn_5974791' (n=1) vs 'Txn_5974796' (n=1). Frequencies are close; verify these are not distinct values before accepting the auto-fix.
2026-03-08 11:03:43,018 | WARNING | auto_fix_typos 'transaction_id': AMBIGUOUS MERGE — 'Txn_2464236' (n=1) vs 'Txn_2648236' (n=1). Frequencies are close; verify these are not distinct values before accepting the auto-fix.
2026-03-08 11:03:43,288 | WARNING | auto_fix_typos 'transaction_id': AMBIGUOUS MERGE — 'Txn_2575331' (n=1) vs 'Txn_5257531' (n=1). Frequencies are close; verify these are not distinct values before accepting the auto-fix.
2026-03-08 11:03:43,312 | WARNING | auto_fix_typos 'transaction_id': AMBIGUOUS MERGE — 'Txn_3544380' (n=1) vs 'Txn_7354480' (n=1). Frequencies are close; verify these are not distinct values before accepting the auto-fix.
2026-03-08 11:03:43,416 | WARNING | auto_fix_typos 'transaction_id': AMBIGUOUS MERGE — 'Txn_2084232' (n=1) vs 'Txn_2078232' (n=1). Frequencies are close; verify these are not distinct values before accepting the auto-fix.
2026-03-08 11:03:43,516 | WARNING | auto_fix_typos 'transaction_id': AMBIGUOUS MERGE — 'Txn_2294778' (n=1) vs 'Txn_2294776' (n=1). Frequencies are close; verify these are not distinct values before accepting the auto-fix.
2026-03-08 11:03:43,821 | WARNING | auto_fix_typos 'transaction_id': AMBIGUOUS MERGE — 'Txn_1256851' (n=1) vs 'Txn_1256513' (n=1). Frequencies are close; verify these are not distinct values before accepting the auto-fix.
2026-03-08 11:03:43,854 | WARNING | auto_fix_typos 'transaction_id': AMBIGUOUS MERGE — 'Txn_2203873' (n=1) vs 'Txn_2208733' (n=1). Frequencies are close; verify these are not distinct values before accepting the auto-fix.
2026-03-08 11:03:43,996 | WARNING | auto_fix_typos 'transaction_id': AMBIGUOUS MERGE — 'Txn_5369010' (n=1) vs 'Txn_5360210' (n=1). Frequencies are close; verify these are not distinct values before accepting the auto-fix.
2026-03-08 11:03:44,262 | WARNING | auto_fix_typos 'transaction_id': AMBIGUOUS MERGE — 'Txn_8963106' (n=1) vs 'Txn_6963106' (n=1). Frequencies are close; verify these are not distinct values before accepting the auto-fix.
2026-03-08 11:03:44,558 | WARNING | auto_fix_typos 'transaction_id': AMBIGUOUS MERGE — 'Txn_4668931' (n=1) vs 'Txn_4606893' (n=1). Frequencies are close; verify these are not distinct values before accepting the auto-fix.
2026-03-08 11:03:44,600 | WARNING | auto_fix_typos 'transaction_id': AMBIGUOUS MERGE — 'Txn_9663941' (n=1) vs 'Txn_9266394' (n=1). Frequencies are close; verify these are not distinct values before accepting the auto-fix.
2026-03-08 11:03:44,780 | WARNING | auto_fix_typos 'transaction_id': AMBIGUOUS MERGE — 'Txn_6736326' (n=1) vs 'Txn_6763296' (n=1). Frequencies are close; verify these are not distinct values before accepting the auto-fix.
2026-03-08 11:03:44,885 | WARNING | auto_fix_typos 'transaction_id': AMBIGUOUS MERGE — 'Txn_5466291' (n=1) vs 'Txn_3546629' (n=1). Frequencies are close; verify these are not distinct values before accepting the auto-fix.
2026-03-08 11:03:44,950 | WARNING | auto_fix_typos 'transaction_id': AMBIGUOUS MERGE — 'Txn_7426086' (n=1) vs 'Txn_4260865' (n=1). Frequencies are close; verify these are not distinct values before accepting the auto-fix.
2026-03-08 11:03:44,978 | WARNING | auto_fix_typos 'transaction_id': AMBIGUOUS MERGE — 'Txn_9327861' (n=1) vs 'Txn_9326761' (n=1). Frequencies are close; verify these are not distinct values before accepting the auto-fix.
2026-03-08 11:03:45,128 | WARNING | auto_fix_typos 'transaction_id': AMBIGUOUS MERGE — 'Txn_2271705' (n=1) vs 'Txn_2271725' (n=1). Frequencies are close; verify these are not distinct values before accepting the auto-fix.
2026-03-08 11:03:45,500 | WARNING | auto_fix_typos 'transaction_id': AMBIGUOUS MERGE — 'Txn_5817802' (n=1) vs 'Txn_5818032' (n=1). Frequencies are close; verify these are not distinct values before accepting the auto-fix.
2026-03-08 11:03:45,666 | WARNING | auto_fix_typos 'transaction_id': AMBIGUOUS MERGE — 'Txn_8348710' (n=1) vs 'Txn_8344810' (n=1). Frequencies are close; verify these are not distinct values before accepting the auto-fix.
2026-03-08 11:03:45,807 | WARNING | auto_fix_typos 'transaction_id': AMBIGUOUS MERGE — 'Txn_2522828' (n=1) vs 'Txn_2522182' (n=1). Frequencies are close; verify these are not distinct values before accepting the auto-fix.
2026-03-08 11:03:47,240 | WARNING | auto_fix_typos 'transaction_id': AMBIGUOUS MERGE — 'Txn_4521701' (n=1) vs 'Txn_4529101' (n=1). Frequencies are close; verify these are not distinct values before accepting the auto-fix.
2026-03-08 11:03:47,390 | WARNING | auto_fix_typos 'transaction_id': AMBIGUOUS MERGE — 'Txn_4380808' (n=1) vs 'Txn_2480808' (n=1). Frequencies are close; verify these are not distinct values before accepting the auto-fix.
2026-03-08 11:03:47,525 | WARNING | auto_fix_typos 'transaction_id': AMBIGUOUS MERGE — 'Txn_4976485' (n=1) vs 'Txn_5476485' (n=1). Frequencies are close; verify these are not distinct values before accepting the auto-fix.
2026-03-08 11:03:47,584 | WARNING | auto_fix_typos 'transaction_id': AMBIGUOUS MERGE — 'Txn_3967103' (n=1) vs 'Txn_3670103' (n=1). Frequencies are close; verify these are not distinct values before accepting the auto-fix.
2026-03-08 11:03:47,999 | WARNING | auto_fix_typos 'transaction_id': AMBIGUOUS MERGE — 'Txn_8436045' (n=1) vs 'Txn_8432045' (n=1). Frequencies are close; verify these are not distinct values before accepting the auto-fix.
2026-03-08 11:03:48,534 | WARNING | auto_fix_typos 'transaction_id': AMBIGUOUS MERGE — 'Txn_7968892' (n=1) vs 'Txn_7963892' (n=1). Frequencies are close; verify these are not distinct values before accepting the auto-fix.
2026-03-08 11:03:49,066 | WARNING | auto_fix_typos 'transaction_id': AMBIGUOUS MERGE — 'Txn_3894660' (n=1) vs 'Txn_8947660' (n=1). Frequencies are close; verify these are not distinct values before accepting the auto-fix.
2026-03-08 11:03:49,560 | WARNING | auto_fix_typos 'transaction_id': AMBIGUOUS MERGE — 'Txn_5697414' (n=1) vs 'Txn_5977414' (n=1). Frequencies are close; verify these are not distinct values before accepting the auto-fix.
2026-03-08 11:03:49,791 | WARNING | auto_fix_typos 'transaction_id': AMBIGUOUS MERGE — 'Txn_5879154' (n=1) vs 'Txn_3587915' (n=1). Frequencies are close; verify these are not distinct values before accepting the auto-fix.
2026-03-08 11:03:49,990 | WARNING | auto_fix_typos 'transaction_id': AMBIGUOUS MERGE — 'Txn_3898445' (n=1) vs 'Txn_8938445' (n=1). Frequencies are close; verify these are not distinct values before accepting the auto-fix.
2026-03-08 11:03:50,291 | WARNING | auto_fix_typos 'transaction_id': AMBIGUOUS MERGE — 'Txn_3224397' (n=1) vs 'Txn_2294397' (n=1). Frequencies are close; verify these are not distinct values before accepting the auto-fix.
2026-03-08 11:03:50,421 | WARNING | auto_fix_typos 'transaction_id': AMBIGUOUS MERGE — 'Txn_9054074' (n=1) vs 'Txn_9054741' (n=1). Frequencies are close; verify these are not distinct values before accepting the auto-fix.
2026-03-08 11:03:51,100 | WARNING | auto_fix_typos 'transaction_id': AMBIGUOUS MERGE — 'Txn_9162296' (n=1) vs 'Txn_9196229' (n=1). Frequencies are close; verify these are not distinct values before accepting the auto-fix.
2026-03-08 11:03:51,179 | WARNING | auto_fix_typos 'transaction_id': AMBIGUOUS MERGE — 'Txn_1748121' (n=1) vs 'Txn_2174821' (n=1). Frequencies are close; verify these are not distinct values before accepting the auto-fix.
2026-03-08 11:03:52,821 | WARNING | auto_fix_typos 'transaction_id': AMBIGUOUS MERGE — 'Txn_2818204' (n=1) vs 'Txn_2851804' (n=1). Frequencies are close; verify these are not distinct values before accepting the auto-fix.
2026-03-08 11:03:54,881 | INFO | auto_fix_typos 'transaction_id': {'Txn_4271034': 'Txn_8427104', 'Txn_2028930': 'Txn_2029301', 'Txn_4439321': 'Txn_4433211', 'Txn_6699343': 'Txn_6699534', 'Txn_2064360': 'Txn_2064365', 'Txn_9301279': 'Txn_3051279', 'Txn_3670939': 'Txn_3709394', 'Txn_3703964': 'Txn_3709394', 'Txn_3352028': 'Txn_3522028', 'Txn_4030181': 'Txn_9400181', 'Txn_4679409': 'Txn_8467949', 'Txn_4740952': 'Txn_7640952', 'Txn_5173628': 'Txn_1736287', 'Txn_6747376': 'Txn_3747376', 'Txn_7710078': 'Txn_7710508', 'Txn_4685453': 'Txn_6855453', 'Txn_1804132': 'Txn_1080432', 'Txn_1830432': 'Txn_1080432', 'Txn_2083132': 'Txn_2083138', 'Txn_2427834': 'Txn_2642834', 'Txn_2422584': 'Txn_2427584', 'Txn_5455079': 'Txn_5455792', 'Txn_8211146': 'Txn_8201146', 'Txn_8305936': 'Txn_8230936', 'Txn_8742742': 'Txn_7742742', 'Txn_8918902': 'Txn_8918905', 'Txn_8913492': 'Txn_8914892', 'Txn_3263746': 'Txn_3363746', 'Txn_8631468': 'Txn_8614868', 'Txn_8751289': 'Txn_8051289', 'Txn_8014289': 'Txn_8051289', 'Txn_4071743': 'Txn_8471743', 'Txn_4376376': 'Txn_4378637', 'Txn_2991733': 'Txn_2091733', 'Txn_7354480': 'Txn_3544380', 'Txn_8735418': 'Txn_8735480', 'Txn_8735820': 'Txn_8735480', 'Txn_3894165': 'Txn_3829165', 'Txn_1932897': 'Txn_1993289', 'Txn_9266394': 'Txn_9663941', 'Txn_5269634': 'Txn_5266394', 'Txn_6035512': 'Txn_8035512', 'Txn_9818498': 'Txn_8718498', 'Txn_9487214': 'Txn_9487821', 'Txn_3113823': 'Txn_3011323', 'Txn_6289180': 'Txn_6228918', 'Txn_8260461': 'Txn_8268061', 'Txn_3051509': 'Txn_3085509', 'Txn_2695546': 'Txn_6955416', 'Txn_4386732': 'Txn_4385632', 'Txn_4175191': 'Txn_4174591', 'Txn_3985920': 'Txn_3398520', 'Txn_2539318': 'Txn_2530938', 'Txn_5300938': 'Txn_2530938', 'Txn_5436816': 'Txn_5743616', 'Txn_7953750': 'Txn_7945375', 'Txn_3478169': 'Txn_3407169', 'Txn_3075169': 'Txn_3407169', 'Txn_9407169': 'Txn_3407169', 'Txn_2274702': 'Txn_2277042', 'Txn_9237291': 'Txn_9273729', 'Txn_1185003': 'Txn_1150033', 'Txn_4439120': 'Txn_1443912', 'Txn_1443928': 'Txn_1443912', 'Txn_8004510': 'Txn_8700451', 'Txn_8701045': 'Txn_8700451', 'Txn_2842641': 'Txn_2484241', 'Txn_2848421': 'Txn_2484241', 'Txn_4953063': 'Txn_8495063', 'Txn_8211133': 'Txn_8211303', 'Txn_3432433': 'Txn_3424331', 'Txn_3472433': 'Txn_3424331', 'Txn_6587151': 'Txn_8687151', 'Txn_4011509': 'Txn_4031509', 'Txn_5965095': 'Txn_5950951', 'Txn_3526095': 'Txn_5265095', 'Txn_5675095': 'Txn_5753095', 'Txn_6540415': 'Txn_6541415', 'Txn_1928401': 'Txn_1998401', 'Txn_9238066': 'Txn_9238666', 'Txn_6316959': 'Txn_6369590', 'Txn_4631695': 'Txn_1631695', 'Txn_4026277': 'Txn_4062737', 'Txn_4682737': 'Txn_4827371', 'Txn_3494652': 'Txn_3494565', 'Txn_8005089': 'Txn_8005489', 'Txn_3912836': 'Txn_3142836', 'Txn_5376589': 'Txn_5365809', 'Txn_6622980': 'Txn_6629480', 'Txn_3833729': 'Txn_3833797', 'Txn_7412782': 'Txn_7413282', 'Txn_9737509': 'Txn_9737090', 'Txn_6300001': 'Txn_6000201', 'Txn_5115009': 'Txn_5115080', 'Txn_8964527': 'Txn_8964522', 'Txn_3277936': 'Txn_3779366', 'Txn_3171673': 'Txn_3171373', 'Txn_6671827': 'Txn_6717827', 'Txn_6797827': 'Txn_6717827', 'Txn_7179827': 'Txn_6717827', 'Txn_8588758': 'Txn_8587583', 'Txn_8693747': 'Txn_8693704', 'Txn_5761207': 'Txn_5762127', 'Txn_1837764': 'Txn_8377564', 'Txn_2423167': 'Txn_2230167', 'Txn_4496616': 'Txn_4493661', 'Txn_8172182': 'Txn_1721827', 'Txn_1728427': 'Txn_1721827', 'Txn_8562684': 'Txn_8526084', 'Txn_7060144': 'Txn_4700144', 'Txn_3205079': 'Txn_3050797', 'Txn_3786518': 'Txn_3786188', 'Txn_5308047': 'Txn_4530804', 'Txn_7528294': 'Txn_7328294', 'Txn_7328209': 'Txn_7328294', 'Txn_6571440': 'Txn_6575440', 'Txn_5780615': 'Txn_7803615', 'Txn_7595042': 'Txn_7549542', 'Txn_3544792': 'Txn_3514492', 'Txn_4723089': 'Txn_8472308', 'Txn_2269497': 'Txn_2029497', 'Txn_2294397': 'Txn_3224397', 'Txn_2099497': 'Txn_2029497', 'Txn_2096487': 'Txn_2059647', 'Txn_8966922': 'Txn_8669422', 'Txn_4746320': 'Txn_1746320', 'Txn_2130415': 'Txn_2130245', 'Txn_9938977': 'Txn_9913877', 'Txn_9293877': 'Txn_9913877', 'Txn_5208377': 'Txn_2084377', 'Txn_1842697': 'Txn_1842675', 'Txn_1757340': 'Txn_7557340', 'Txn_1158197': 'Txn_1581997', 'Txn_8157817': 'Txn_1157817', 'Txn_8696094': 'Txn_8692094', 'Txn_8620934': 'Txn_8692094', 'Txn_9723120': 'Txn_7223120', 'Txn_2031545': 'Txn_2031459', 'Txn_2253622': 'Txn_2256622', 'Txn_4612930': 'Txn_4912930', 'Txn_4482692': 'Txn_4942692', 'Txn_3730077': 'Txn_3723007', 'Txn_7952232': 'Txn_7922392', 'Txn_5446085': 'Txn_5446858', 'Txn_6704284': 'Txn_6702428', 'Txn_8951525': 'Txn_8955259', 'Txn_9599703': 'Txn_9597063', 'Txn_5939783': 'Txn_5997803', 'Txn_1034956': 'Txn_1103495', 'Txn_8899417': 'Txn_8894157', 'Txn_1418829': 'Txn_1158829', 'Txn_6154626': 'Txn_1524626', 'Txn_1523626': 'Txn_1524626', 'Txn_1524602': 'Txn_4152460', 'Txn_2886223': 'Txn_2889622', 'Txn_4435352': 'Txn_4943552', 'Txn_1714471': 'Txn_7140471', 'Txn_7514047': 'Txn_7140471', 'Txn_8119542': 'Txn_3119542', 'Txn_7377398': 'Txn_7773968', 'Txn_9001088': 'Txn_9081088', 'Txn_9810868': 'Txn_9081088', 'Txn_5591967': 'Txn_8559167', 'Txn_8536578': 'Txn_6853678', 'Txn_4135454': 'Txn_4134594', 'Txn_8276063': 'Txn_8276635', 'Txn_3459152': 'Txn_4591512', 'Txn_3951552': 'Txn_3959152', 'Txn_7762739': 'Txn_7776739', 'Txn_3633955': 'Txn_3638955', 'Txn_3398955': 'Txn_3638955', 'Txn_9271577': 'Txn_9271457', 'Txn_5392630': 'Txn_5392603', 'Txn_9063299': 'Txn_9263299', 'Txn_9263959': 'Txn_9263299', 'Txn_8518516': 'Txn_8751516', 'Txn_8147057': 'Txn_8487057', 'Txn_7482834': 'Txn_7482583', 'Txn_2633600': 'Txn_2633602', 'Txn_7093219': 'Txn_3093219', 'Txn_2393219': 'Txn_3093219', 'Txn_2010658': 'Txn_4010658', 'Txn_3902815': 'Txn_3902135', 'Txn_6638051': 'Txn_3668051', 'Txn_1234907': 'Txn_2349072', 'Txn_8158986': 'Txn_8158496', 'Txn_2726843': 'Txn_2726848', 'Txn_5649995': 'Txn_5499915', 'Txn_2156454': 'Txn_1564754', 'Txn_8245906': 'Txn_1824506', 'Txn_6775972': 'Txn_6377597', 'Txn_8048357': 'Txn_8048037', 'Txn_1875220': 'Txn_1887522', 'Txn_4759797': 'Txn_4179797', 'Txn_6585794': 'Txn_6857943', 'Txn_4982382': 'Txn_4980282', 'Txn_1635631': 'Txn_1633563', 'Txn_8208915': 'Txn_8209125', 'Txn_8209124': 'Txn_8209125', 'Txn_4873180': 'Txn_8763180', 'Txn_6234882': 'Txn_6234838', 'Txn_1719440': 'Txn_7919440', 'Txn_7914340': 'Txn_9143440', 'Txn_9402270': 'Txn_9402247', 'Txn_8850984': 'Txn_8805984', 'Txn_1972843': 'Txn_1972584', 'Txn_1975184': 'Txn_1972584', 'Txn_5251180': 'Txn_5625110', 'Txn_5517185': 'Txn_5511805', 'Txn_7225428': 'Txn_7292548', 'Txn_2696664': 'Txn_2169664', 'Txn_2166064': 'Txn_2169664', 'Txn_3087096': 'Txn_7308096', 'Txn_3244935': 'Txn_3024493', 'Txn_3419352': 'Txn_3414935', 'Txn_5024094': 'Txn_8502094', 'Txn_8502946': 'Txn_8502094', 'Txn_8502079': 'Txn_8502094', 'Txn_7666909': 'Txn_7661609', 'Txn_7661094': 'Txn_7661609', 'Txn_3956062': 'Txn_3560062', 'Txn_3600632': 'Txn_3560062', 'Txn_7276452': 'Txn_7270652', 'Txn_3601382': 'Txn_6360132', 'Txn_2640771': 'Txn_2640727', 'Txn_4374963': 'Txn_3740963', 'Txn_7403963': 'Txn_7406393', 'Txn_8707598': 'Txn_8710758', 'Txn_7551023': 'Txn_7550103', 'Txn_7558010': 'Txn_7550103', 'Txn_4033982': 'Txn_4339682', 'Txn_8265257': 'Txn_8259257', 'Txn_4664329': 'Txn_4663299', 'Txn_4696403': 'Txn_4696439', 'Txn_8829698': 'Txn_8826983', 'Txn_2767034': 'Txn_8267034', 'Txn_8267031': 'Txn_8267034', 'Txn_2947622': 'Txn_2947822', 'Txn_4958354': 'Txn_9658354', 'Txn_1874601': 'Txn_1746001', 'Txn_6720290': 'Txn_6727029', 'Txn_7917193': 'Txn_3917193', 'Txn_2406254': 'Txn_2062854', 'Txn_4625165': 'Txn_4125165', 'Txn_1866816': 'Txn_4186681', 'Txn_4252036': 'Txn_4152036', 'Txn_6206792': 'Txn_6206679', 'Txn_1139495': 'Txn_1103495', 'Txn_5788769': 'Txn_7578769', 'Txn_2019258': 'Txn_6209258', 'Txn_5054719': 'Txn_5547519', 'Txn_4663964': 'Txn_4669664', 'Txn_8432045': 'Txn_8436045', 'Txn_5049646': 'Txn_5092646', 'Txn_7380217': 'Txn_7380277', 'Txn_7860953': 'Txn_7609853', 'Txn_3709853': 'Txn_3098503', 'Txn_8298711': 'Txn_8298311', 'Txn_2316206': 'Txn_2156206', 'Txn_5566652': 'Txn_1556652', 'Txn_8680875': 'Txn_8608765', 'Txn_8676485': 'Txn_8764825', 'Txn_4735392': 'Txn_4737392', 'Txn_6335297': 'Txn_6352917', 'Txn_1212652': 'Txn_1228652', 'Txn_1295824': 'Txn_1259824', 'Txn_1598214': 'Txn_1259824', 'Txn_1481470': 'Txn_3481470', 'Txn_4997327': 'Txn_4497327', 'Txn_3979966': 'Txn_3179966', 'Txn_9268974': 'Txn_9289174', 'Txn_3928174': 'Txn_9289174', 'Txn_4722816': 'Txn_7228816', 'Txn_6960459': 'Txn_6904590', 'Txn_8664335': 'Txn_8664315', 'Txn_2521185': 'Txn_2211685', 'Txn_8215595': 'Txn_8255965', 'Txn_7215311': 'Txn_6721531', 'Txn_5669113': 'Txn_5686113', 'Txn_9265313': 'Txn_9265319', 'Txn_3396099': 'Txn_3397609', 'Txn_3639760': 'Txn_3397609', 'Txn_8905718': 'Txn_6905718', 'Txn_3105489': 'Txn_3104589', 'Txn_3135048': 'Txn_3130548', 'Txn_9320353': 'Txn_9332035', 'Txn_7997641': 'Txn_7899761', 'Txn_2915287': 'Txn_2915281', 'Txn_8061460': 'Txn_7806146', 'Txn_6805057': 'Txn_6830557', 'Txn_4663529': 'Txn_4663299', 'Txn_9923613': 'Txn_9236713', 'Txn_1307239': 'Txn_1350239', 'Txn_4679083': 'Txn_4690833', 'Txn_6266147': 'Txn_6266017', 'Txn_5476846': 'Txn_5476465', 'Txn_5476485': 'Txn_4976485', 'Txn_7688625': 'Txn_7688650', 'Txn_5977414': 'Txn_5697414', 'Txn_8938445': 'Txn_3898445', 'Txn_1675510': 'Txn_1655100', 'Txn_1767201': 'Txn_1767321', 'Txn_2480488': 'Txn_2804828', 'Txn_5519424': 'Txn_5051924', 'Txn_9505924': 'Txn_9059245', 'Txn_8308672': 'Txn_8386792', 'Txn_4634772': 'Txn_6347472', 'Txn_6347482': 'Txn_6347472', 'Txn_9989458': 'Txn_9989415', 'Txn_4476636': 'Txn_4476634', 'Txn_1789644': 'Txn_1785644', 'Txn_7006741': 'Txn_7020671', 'Txn_8970135': 'Txn_8297135', 'Txn_8347965': 'Txn_1347965', 'Txn_4314504': 'Txn_4381404', 'Txn_1512118': 'Txn_1512184', 'Txn_5632564': 'Txn_5632156', 'Txn_8167275': 'Txn_8167279', 'Txn_2004781': 'Txn_2004851', 'Txn_1869147': 'Txn_1869814', 'Txn_3713527': 'Txn_7013527', 'Txn_2611990': 'Txn_2611960', 'Txn_9231480': 'Txn_6923480', 'Txn_4075432': 'Txn_4074732', 'Txn_7399898': 'Txn_7399897', 'Txn_9697154': 'Txn_5969754', 'Txn_8540553': 'Txn_5740553', 'Txn_4801947': 'Txn_4809497', 'Txn_2369294': 'Txn_2392934', 'Txn_2912934': 'Txn_2392934', 'Txn_1046384': 'Txn_1046394', 'Txn_3288233': 'Txn_3228823', 'Txn_6504096': 'Txn_6540946', 'Txn_6571288': 'Txn_6571898', 'Txn_7401710': 'Txn_4015710', 'Txn_4015101': 'Txn_4015710', 'Txn_9587814': 'Txn_9587884', 'Txn_4624591': 'Txn_4262451', 'Txn_9196229': 'Txn_9162296', 'Txn_8541074': 'Txn_8540794', 'Txn_5932892': 'Txn_5931292', 'Txn_2834323': 'Txn_2840323', 'Txn_6869767': 'Txn_6691767', 'Txn_8932070': 'Txn_8932087', 'Txn_3850274': 'Txn_3502743', 'Txn_4176272': 'Txn_4117627', 'Txn_7694020': 'Txn_7940202', 'Txn_3177517': 'Txn_3175177', 'Txn_4827637': 'Txn_4827371', 'Txn_9686177': 'Txn_9658677', 'Txn_6755348': 'Txn_7585348', 'Txn_6731518': 'Txn_7315198', 'Txn_4336892': 'Txn_4933689', 'Txn_5433982': 'Txn_4339682', 'Txn_3368231': 'Txn_3363831', 'Txn_8128656': 'Txn_8126586', 'Txn_3977520': 'Txn_3197752', 'Txn_8223689': 'Txn_8022689', 'Txn_8022892': 'Txn_8022689', 'Txn_3463281': 'Txn_3463928', 'Txn_8689246': 'Txn_8689416', 'Txn_8649416': 'Txn_8689416', 'Txn_9942247': 'Txn_9402247', 'Txn_2414686': 'Txn_2416816', 'Txn_8010562': 'Txn_8005682', 'Txn_7675213': 'Txn_7675823', 'Txn_9364172': 'Txn_9536472', 'Txn_6669163': 'Txn_6696913', 'Txn_2892693': 'Txn_2820693', 'Txn_3462602': 'Txn_3746260', 'Txn_4374260': 'Txn_3746260', 'Txn_1556708': 'Txn_1575608', 'Txn_5153686': 'Txn_5153086', 'Txn_5944318': 'Txn_5445318', 'Txn_3391446': 'Txn_2391446', 'Txn_2390146': 'Txn_2391446', 'Txn_2265603': 'Txn_2826603', 'Txn_2832660': 'Txn_2826603', 'Txn_2526267': 'Txn_2526667', 'Txn_7797507': 'Txn_7679707', 'Txn_5124080': 'Txn_5124870', 'Txn_5148730': 'Txn_5124870', 'Txn_2078232': 'Txn_2084232', 'Txn_3195132': 'Txn_3951329', 'Txn_3305132': 'Txn_3135132', 'Txn_1713983': 'Txn_1713098', 'Txn_1522140': 'Txn_1522430', 'Txn_7484638': 'Txn_7484682', 'Txn_1405498': 'Txn_9140598', 'Txn_4310629': 'Txn_4316299', 'Txn_2624121': 'Txn_2024121', 'Txn_2492586': 'Txn_2492058', 'Txn_2920578': 'Txn_2492058', 'Txn_8791641': 'Txn_8379141', 'Txn_2628941': 'Txn_2287941', 'Txn_2927941': 'Txn_2287941', 'Txn_3994585': 'Txn_3794585', 'Txn_3865627': 'Txn_3856427', 'Txn_9890734': 'Txn_9890874', 'Txn_3947116': 'Txn_9847116', 'Txn_4876685': 'Txn_4874685', 'Txn_2569119': 'Txn_6269119', 'Txn_6404625': 'Txn_6024625', 'Txn_4791072': 'Txn_7910572', 'Txn_6086709': 'Txn_9086709', 'Txn_9086710': 'Txn_9086709', 'Txn_6460409': 'Txn_1646009', 'Txn_8632653': 'Txn_8232653', 'Txn_5027125': 'Txn_5021925', 'Txn_6580743': 'Txn_6358073', 'Txn_8635803': 'Txn_6358073', 'Txn_7764175': 'Txn_7764154', 'Txn_8900751': 'Txn_8920751', 'Txn_2653224': 'Txn_2625324', 'Txn_1496038': 'Txn_1494608', 'Txn_2546684': 'Txn_5546684', 'Txn_1899114': 'Txn_1891141', 'Txn_1346936': 'Txn_1346953', 'Txn_2565449': 'Txn_5654490', 'Txn_5544904': 'Txn_5654490', 'Txn_4038488': 'Txn_4033888', 'Txn_7080148': 'Txn_7880148', 'Txn_2482298': 'Txn_2482129', 'Txn_5535579': 'Txn_5555790', 'Txn_1887083': 'Txn_1888708', 'Txn_1214868': 'Txn_1521486', 'Txn_5214986': 'Txn_1521486', 'Txn_1521861': 'Txn_1521486', 'Txn_6052534': 'Txn_6035534', 'Txn_7217284': 'Txn_7201724', 'Txn_6110386': 'Txn_6113876', 'Txn_6005707': 'Txn_6007079', 'Txn_3186333': 'Txn_3163383', 'Txn_1413310': 'Txn_1413304', 'Txn_7894534': 'Txn_8194534', 'Txn_7895514': 'Txn_7894514', 'Txn_6793298': 'Txn_6791398', 'Txn_2556368': 'Txn_2155368', 'Txn_7932895': 'Txn_9328595', 'Txn_9285925': 'Txn_9328595', 'Txn_6145837': 'Txn_6148397', 'Txn_6148337': 'Txn_6148397', 'Txn_3577683': 'Txn_3857768', 'Txn_6378070': 'Txn_4637070', 'Txn_7021504': 'Txn_7020104', 'Txn_6625294': 'Txn_6622954', 'Txn_1434857': 'Txn_1438257', 'Txn_2578309': 'Txn_4257830', 'Txn_3425783': 'Txn_4257830', 'Txn_5812394': 'Txn_5801294', 'Txn_4359885': 'Txn_4315988', 'Txn_3893927': 'Txn_3963927', 'Txn_3516296': 'Txn_3516263', 'Txn_1970180': 'Txn_1697018', 'Txn_9152120': 'Txn_9159212', 'Txn_8815623': 'Txn_6881523', 'Txn_2824366': 'Txn_3282436', 'Txn_7322436': 'Txn_3282436', 'Txn_4209626': 'Txn_4809626', 'Txn_1236779': 'Txn_1236759', 'Txn_2867795': 'Txn_1286779', 'Txn_9676940': 'Txn_9675940', 'Txn_2413026': 'Txn_2413626', 'Txn_2103626': 'Txn_7210366', 'Txn_2136226': 'Txn_2413626', 'Txn_5680657': 'Txn_5680687', 'Txn_9480564': 'Txn_5480564', 'Txn_2379467': 'Txn_4379467', 'Txn_3941164': 'Txn_3942164', 'Txn_9822173': 'Txn_9822317', 'Txn_8122317': 'Txn_9822317', 'Txn_7263939': 'Txn_7626939', 'Txn_6910030': 'Txn_9102030', 'Txn_3910230': 'Txn_3910293', 'Txn_9100530': 'Txn_9102030', 'Txn_4187673': 'Txn_4176373', 'Txn_5680629': 'Txn_6806290', 'Txn_5386352': 'Txn_5386752', 'Txn_5438652': 'Txn_5386752', 'Txn_3125699': 'Txn_3125997', 'Txn_6202035': 'Txn_6202015', 'Txn_7543369': 'Txn_7433269', 'Txn_3103967': 'Txn_1039367', 'Txn_1054912': 'Txn_1054915', 'Txn_4177717': 'Txn_1777171', 'Txn_4702378': 'Txn_4723978', 'Txn_3741325': 'Txn_1741325', 'Txn_4972634': 'Txn_9497634', 'Txn_4532280': 'Txn_5322809', 'Txn_8958723': 'Txn_8958073', 'Txn_9580673': 'Txn_8958073', 'Txn_8830924': 'Txn_8830264', 'Txn_2151258': 'Txn_2156128', 'Txn_2553803': 'Txn_5538503', 'Txn_8398809': 'Txn_8379880', 'Txn_2893987': 'Txn_2809397', 'Txn_9817602': 'Txn_1981602', 'Txn_1898102': 'Txn_1892102', 'Txn_8121601': 'Txn_1216051', 'Txn_2146829': 'Txn_2946829', 'Txn_8495889': 'Txn_8645889', 'Txn_3875049': 'Txn_3785049', 'Txn_1987716': 'Txn_1973716', 'Txn_8969428': 'Txn_4896948', 'Txn_1691512': 'Txn_6915192', 'Txn_2648236': 'Txn_2464236', 'Txn_6541284': 'Txn_6540284', 'Txn_3212317': 'Txn_3223187', 'Txn_7322317': 'Txn_3223187', 'Txn_6835777': 'Txn_6359777', 'Txn_8293691': 'Txn_1829391', 'Txn_4258943': 'Txn_4258949', 'Txn_3444569': 'Txn_3444519', 'Txn_6817358': 'Txn_6851735', 'Txn_3832513': 'Txn_4832513', 'Txn_4823513': 'Txn_4832513', 'Txn_4832163': 'Txn_4372163', 'Txn_5832513': 'Txn_5683213', 'Txn_7267366': 'Txn_7268366', 'Txn_1120969': 'Txn_1180969', 'Txn_1185069': 'Txn_1180969', 'Txn_2801651': 'Txn_2806515', 'Txn_8068515': 'Txn_8406851', 'Txn_7187128': 'Txn_7198128', 'Txn_6455517': 'Txn_6555617', 'Txn_6898341': 'Txn_6899834', 'Txn_5032114': 'Txn_5321145', 'Txn_8571432': 'Txn_8551432', 'Txn_8830813': 'Txn_8831813', 'Txn_8361813': 'Txn_8361821', 'Txn_1811953': 'Txn_1681153', 'Txn_4255580': 'Txn_4255503', 'Txn_7366807': 'Txn_7369807', 'Txn_1026799': 'Txn_1602799', 'Txn_5901182': 'Txn_5901180', 'Txn_1322421': 'Txn_3224921', 'Txn_2249212': 'Txn_3224921', 'Txn_7825638': 'Txn_7825648', 'Txn_6154823': 'Txn_3615483', 'Txn_3659483': 'Txn_3615483', 'Txn_6068074': 'Txn_6060764', 'Txn_5295223': 'Txn_5290522', 'Txn_4959078': 'Txn_1459078', 'Txn_8167311': 'Txn_7867311', 'Txn_4203885': 'Txn_4203585', 'Txn_2954630': 'Txn_2195630', 'Txn_3628566': 'Txn_3628056', 'Txn_5737831': 'Txn_5735731', 'Txn_5573731': 'Txn_5735731', 'Txn_4243930': 'Txn_2424930', 'Txn_3375399': 'Txn_3373997', 'Txn_2268203': 'Txn_5268203', 'Txn_2682803': 'Txn_9262803', 'Txn_5486063': 'Txn_5086063', 'Txn_6757560': 'Txn_6975750', 'Txn_8059034': 'Txn_8050034', 'Txn_3915802': 'Txn_3091582', 'Txn_2490185': 'Txn_4901854', 'Txn_4156369': 'Txn_4563679', 'Txn_2563679': 'Txn_4563679', 'Txn_4568379': 'Txn_4563679', 'Txn_6206421': 'Txn_6290642', 'Txn_9233948': 'Txn_9253398', 'Txn_9523369': 'Txn_9503369', 'Txn_4594866': 'Txn_4548466', 'Txn_1454866': 'Txn_1449866', 'Txn_9732454': 'Txn_9728454', 'Txn_9728414': 'Txn_9728454', 'Txn_5750248': 'Txn_5750278', 'Txn_4036214': 'Txn_4376214', 'Txn_9073440': 'Txn_9087344', 'Txn_9097321': 'Txn_9975321', 'Txn_8145813': 'Txn_8148137', 'Txn_1811216': 'Txn_1481116', 'Txn_5492825': 'Txn_5496282', 'Txn_5317458': 'Txn_7531745', 'Txn_7317475': 'Txn_7531745', 'Txn_1493452': 'Txn_1494502', 'Txn_6451747': 'Txn_6451377', 'Txn_2142941': 'Txn_2142961', 'Txn_9334593': 'Txn_8933459', 'Txn_3485502': 'Txn_3455702', 'Txn_2851804': 'Txn_2818204', 'Txn_2860514': 'Txn_2865104', 'Txn_4128921': 'Txn_4125921', 'Txn_1492585': 'Txn_8149585', 'Txn_1169615': 'Txn_1516961', 'Txn_5131404': 'Txn_1931404', 'Txn_9762035': 'Txn_9762385', 'Txn_7367474': 'Txn_3647474', 'Txn_9563685': 'Txn_9673685', 'Txn_2494494': 'Txn_2494194', 'Txn_5491825': 'Txn_4549825', 'Txn_3655950': 'Txn_3165950', 'Txn_1097334': 'Txn_3109334', 'Txn_4699706': 'Txn_4692976', 'Txn_8176812': 'Txn_9817681', 'Txn_8127681': 'Txn_9817681', 'Txn_3717307': 'Txn_3717372', 'Txn_6729852': 'Txn_6298532', 'Txn_1603186': 'Txn_2160316', 'Txn_9969836': 'Txn_9969283', 'Txn_4430176': 'Txn_4493176', 'Txn_3641356': 'Txn_3604156', 'Txn_6071905': 'Txn_6073195', 'Txn_1602123': 'Txn_1622123', 'Txn_4428486': 'Txn_4428448', 'Txn_3866162': 'Txn_3866156', 'Txn_5589433': 'Txn_5580933', 'Txn_3321611': 'Txn_3326110', 'Txn_9769782': 'Txn_9169782', 'Txn_4432082': 'Txn_4432823', 'Txn_8131537': 'Txn_9831537', 'Txn_8131570': 'Txn_8138157', 'Txn_2964982': 'Txn_7296498', 'Txn_6708165': 'Txn_6470865', 'Txn_3964550': 'Txn_5396450', 'Txn_5345258': 'Txn_5342589', 'Txn_1827212': 'Txn_1987212', 'Txn_5303258': 'Txn_5332538', 'Txn_1751183': 'Txn_1075183', 'Txn_2154866': 'Txn_2814866', 'Txn_3500571': 'Txn_7350571', 'Txn_6544160': 'Txn_6441650', 'Txn_3251591': 'Txn_3257591', 'Txn_3274591': 'Txn_3257591', 'Txn_1633337': 'Txn_1335337', 'Txn_6259827': 'Txn_6259087', 'Txn_1872692': 'Txn_1772692', 'Txn_8187222': 'Txn_1872922', 'Txn_1932224': 'Txn_1893222', 'Txn_9970964': 'Txn_9970966', 'Txn_6748232': 'Txn_6745832', 'Txn_7108056': 'Txn_7100596', 'Txn_6158834': 'Txn_6188394', 'Txn_9653700': 'Txn_9465300', 'Txn_4541998': 'Txn_4454198', 'Txn_4541981': 'Txn_4454198', 'Txn_1556046': 'Txn_1525046', 'Txn_9886794': 'Txn_9867948', 'Txn_8124663': 'Txn_1254663', 'Txn_9363990': 'Txn_9663990', 'Txn_7684072': 'Txn_7681072', 'Txn_3099819': 'Txn_3099191', 'Txn_7899686': 'Txn_7896586', 'Txn_9668108': 'Txn_9678108', 'Txn_5853281': 'Txn_5085328', 'Txn_3602823': 'Txn_3608237', 'Txn_6504165': 'Txn_6541659', 'Txn_3442435': 'Txn_3443235', 'Txn_6179169': 'Txn_6179190', 'Txn_6110769': 'Txn_6118079', 'Txn_4916936': 'Txn_9169536', 'Txn_3987718': 'Txn_3873718', 'Txn_8676769': 'Txn_8767676', 'Txn_9948645': 'Txn_9948425', 'Txn_9206923': 'Txn_2006923', 'Txn_7010020': 'Txn_7501002', 'Txn_3046572': 'Txn_3046567', 'Txn_6306555': 'Txn_6306655', 'Txn_9793353': 'Txn_9749333', 'Txn_5818032': 'Txn_5817802', 'Txn_9293417': 'Txn_9279347', 'Txn_4283693': 'Txn_4283563', 'Txn_1266278': 'Txn_1926278', 'Txn_2887971': 'Txn_2879791', 'Txn_6755107': 'Txn_6551087', 'Txn_4564556': 'Txn_4567455', 'Txn_6864420': 'Txn_2864420', 'Txn_2106437': 'Txn_2101437', 'Txn_4190750': 'Txn_1907250', 'Txn_1603051': 'Txn_6030518', 'Txn_5789560': 'Txn_5785600', 'Txn_7856009': 'Txn_5785600', 'Txn_4846406': 'Txn_4864206', 'Txn_5858713': 'Txn_5538713', 'Txn_5767392': 'Txn_5767393', 'Txn_6280724': 'Txn_2807324', 'Txn_3679245': 'Txn_3672345', 'Txn_2537138': 'Txn_2543138', 'Txn_8901988': 'Txn_9201988', 'Txn_6564856': 'Txn_6568536', 'Txn_8669012': 'Txn_8668901', 'Txn_8668590': 'Txn_8668901', 'Txn_4083004': 'Txn_4903004', 'Txn_2156218': 'Txn_2156128', 'Txn_2905218': 'Txn_2195218', 'Txn_7376255': 'Txn_7362525', 'Txn_7362526': 'Txn_7362525', 'Txn_8715388': 'Txn_8753888', 'Txn_4795208': 'Txn_7957208', 'Txn_8512136': 'Txn_6851213', 'Txn_7179013': 'Txn_7127903', 'Txn_8402941': 'Txn_8429412', 'Txn_2025634': 'Txn_2255634', 'Txn_3120023': 'Txn_3200203', 'Txn_1122700': 'Txn_1227800', 'Txn_4946991': 'Txn_4894699', 'Txn_5347338': 'Txn_5427338', 'Txn_6355908': 'Txn_6315590', 'Txn_7842557': 'Txn_7825457', 'Txn_5022805': 'Txn_5062280', 'Txn_1571824': 'Txn_1571874', 'Txn_4361614': 'Txn_4836614', 'Txn_6503526': 'Txn_6503052', 'Txn_5930304': 'Txn_9370304', 'Txn_5970304': 'Txn_9370304', 'Txn_1985396': 'Txn_1853196', 'Txn_9024781': 'Txn_9104781', 'Txn_8861275': 'Txn_8861272', 'Txn_2224935': 'Txn_2229365', 'Txn_7126770': 'Txn_7416770', 'Txn_3520982': 'Txn_3520908', 'Txn_3520910': 'Txn_3520908', 'Txn_3604017': 'Txn_3360401', 'Txn_6083650': 'Txn_6036520', 'Txn_6036240': 'Txn_6036254', 'Txn_1643029': 'Txn_1643039', 'Txn_6837879': 'Txn_6383779', 'Txn_4135134': 'Txn_4155134', 'Txn_1789504': 'Txn_1795044', 'Txn_8939048': 'Txn_8997048', 'Txn_6093955': 'Txn_6009395', 'Txn_4908458': 'Txn_4084548', 'Txn_7125395': 'Txn_7125392', 'Txn_6761402': 'Txn_6746140', 'Txn_4740892': 'Txn_9474082', 'Txn_9992148': 'Txn_9991468', 'Txn_1133945': 'Txn_1339457', 'Txn_4401563': 'Txn_4015634', 'Txn_2710603': 'Txn_2761003', 'Txn_8360779': 'Txn_5836079', 'Txn_3206049': 'Txn_5206049', 'Txn_9206049': 'Txn_5206049', 'Txn_5206046': 'Txn_5260646', 'Txn_2064049': 'Txn_5206049', 'Txn_5444860': 'Txn_5448602', 'Txn_1034651': 'Txn_1346517', 'Txn_9630958': 'Txn_9663098', 'Txn_6013295': 'Txn_6132959', 'Txn_8936663': 'Txn_6896663', 'Txn_9565246': 'Txn_9565465', 'Txn_7804128': 'Txn_8704128', 'Txn_4841285': 'Txn_4784128', 'Txn_8196921': 'Txn_8191921', 'Txn_4349970': 'Txn_4349597', 'Txn_6027500': 'Txn_6277500', 'Txn_1569248': 'Txn_6169248', 'Txn_8277583': 'Txn_8277553', 'Txn_4030519': 'Txn_4030197', 'Txn_7846513': 'Txn_8784653', 'Txn_1311519': 'Txn_1351151', 'Txn_4219548': 'Txn_4215488', 'Txn_5167925': 'Txn_5167425', 'Txn_8253046': 'Txn_8285304', 'Txn_7677817': 'Txn_6778177', 'Txn_2613440': 'Txn_2634410', 'Txn_2862856': 'Txn_2828596', 'Txn_9813938': 'Txn_9813943', 'Txn_1585827': 'Txn_1655827', 'Txn_2764625': 'Txn_2764962', 'Txn_2644962': 'Txn_2764962', 'Txn_2749862': 'Txn_2764962', 'Txn_5309677': 'Txn_5396727', 'Txn_8082317': 'Txn_8023817', 'Txn_3413156': 'Txn_3413185', 'Txn_7978452': 'Txn_9783452', 'Txn_1749299': 'Txn_1491299', 'Txn_2561071': 'Txn_2568101', 'Txn_3243410': 'Txn_3247340', 'Txn_3273540': 'Txn_3247340', 'Txn_7796731': 'Txn_7797321', 'Txn_7797231': 'Txn_7797321', 'Txn_8774692': 'Txn_8777692', 'Txn_4914535': 'Txn_9104535', 'Txn_9104545': 'Txn_9104535', 'Txn_6755795': 'Txn_6725579', 'Txn_3597656': 'Txn_3596456', 'Txn_6117421': 'Txn_9617421', 'Txn_6128086': 'Txn_4128086', 'Txn_9891576': 'Txn_9489176', 'Txn_4650447': 'Txn_4650044', 'Txn_5722175': 'Txn_5721215', 'Txn_3937788': 'Txn_3897788', 'Txn_4807899': 'Txn_8097899', 'Txn_6131195': 'Txn_6131415', 'Txn_6133115': 'Txn_6131415', 'Txn_6064232': 'Txn_6064282', 'Txn_7909509': 'Txn_9309509', 'Txn_5132747': 'Txn_2132747', 'Txn_2468359': 'Txn_2461859', 'Txn_7241859': 'Txn_7248594', 'Txn_2680626': 'Txn_2806206', 'Txn_2958213': 'Txn_2982163', 'Txn_7167980': 'Txn_1679800', 'Txn_7316790': 'Txn_7516790', 'Txn_2345332': 'Txn_2345326', 'Txn_4612146': 'Txn_1461246', 'Txn_5331924': 'Txn_5319247', 'Txn_5994713': 'Txn_3599473', 'Txn_5591155': 'Txn_5591145', 'Txn_6484542': 'Txn_6845472', 'Txn_9115899': 'Txn_6915899', 'Txn_6786730': 'Txn_6786340', 'Txn_2490699': 'Txn_1249069', 'Txn_2252218': 'Txn_2252121', 'Txn_1730385': 'Txn_1730850', 'Txn_7145872': 'Txn_7414587', 'Txn_9690711': 'Txn_9690114', 'Txn_1512185': 'Txn_1512159', 'Txn_9710430': 'Txn_9710307', 'Txn_7644000': 'Txn_7640700', 'Txn_5255092': 'Txn_5255023', 'Txn_2550923': 'Txn_5255023', 'Txn_8379868': 'Txn_8379880', 'Txn_4801327': 'Txn_4801832', 'Txn_7524971': 'Txn_7524977', 'Txn_8754977': 'Txn_7524977', 'Txn_2222893': 'Txn_2282283', 'Txn_3193212': 'Txn_3193321', 'Txn_7211792': 'Txn_7211769', 'Txn_6403951': 'Txn_6400351', 'Txn_6755791': 'Txn_6725579', 'Txn_2910247': 'Txn_2916247', 'Txn_9786525': 'Txn_9798525', 'Txn_4970127': 'Txn_4974012', 'Txn_6228313': 'Txn_6922833', 'Txn_7562313': 'Txn_5622313', 'Txn_5483442': 'Txn_5484423', 'Txn_4583957': 'Txn_4598397', 'Txn_9518691': 'Txn_9186913', 'Txn_9027002': 'Txn_9507002', 'Txn_9904214': 'Txn_9901424', 'Txn_8611918': 'Txn_8611913', 'Txn_5901887': 'Txn_5908857', 'Txn_8419805': 'Txn_8419985', 'Txn_9914747': 'Txn_9947479', 'Txn_6283718': 'Txn_6828371', 'Txn_4695415': 'Txn_4985415', 'Txn_7964520': 'Txn_7645250', 'Txn_7785297': 'Txn_1778597', 'Txn_2829951': 'Txn_2982995', 'Txn_6496099': 'Txn_6490609', 'Txn_9923860': 'Txn_9938260', 'Txn_4548698': 'Txn_5486398', 'Txn_4876398': 'Txn_4764398', 'Txn_5004986': 'Txn_9500986', 'Txn_5985513': 'Txn_5985451', 'Txn_1221801': 'Txn_1218016', 'Txn_5602640': 'Txn_5609260', 'Txn_3174336': 'Txn_3743336', 'Txn_3474333': 'Txn_3743336', 'Txn_6895165': 'Txn_6851654', 'Txn_7359190': 'Txn_7345190', 'Txn_3587915': 'Txn_5879154', 'Txn_2037742': 'Txn_2035772', 'Txn_7116267': 'Txn_2711627', 'Txn_6476204': 'Txn_6476304', 'Txn_5974796': 'Txn_5974791', 'Txn_5071222': 'Txn_4571222', 'Txn_5743619': 'Txn_5743616', 'Txn_7416196': 'Txn_7160196', 'Txn_4465589': 'Txn_4452589', 'Txn_2935761': 'Txn_2935871', 'Txn_6872268': 'Txn_8372268', 'Txn_4350854': 'Txn_4630854', 'Txn_1983842': 'Txn_1983422', 'Txn_8285410': 'Txn_8284910', 'Txn_2273573': 'Txn_2873573', 'Txn_9103776': 'Txn_9107676', 'Txn_6269540': 'Txn_6295420', 'Txn_2629420': 'Txn_6295420', 'Txn_6574910': 'Txn_6579109', 'Txn_6987705': 'Txn_6928775', 'Txn_6392156': 'Txn_5632156', 'Txn_5672156': 'Txn_5072156', 'Txn_5632556': 'Txn_5632156', 'Txn_4840522': 'Txn_4844022', 'Txn_6621596': 'Txn_6621756', 'Txn_7242133': 'Txn_7242713', 'Txn_1472433': 'Txn_1724233', 'Txn_2020445': 'Txn_2204457', 'Txn_4076631': 'Txn_4766317', 'Txn_1422305': 'Txn_1223805', 'Txn_2389110': 'Txn_3879110', 'Txn_3033598': 'Txn_3033987', 'Txn_2731270': 'Txn_2732570', 'Txn_9104710': 'Txn_9104781', 'Txn_7662502': 'Txn_7566250', 'Txn_6148776': 'Txn_1487762', 'Txn_9667721': 'Txn_9667219', 'Txn_4135861': 'Txn_4159861', 'Txn_3221795': 'Txn_2217295', 'Txn_2271725': 'Txn_2271705', 'Txn_4567429': 'Txn_5767429', 'Txn_1006942': 'Txn_1009421', 'Txn_5100941': 'Txn_1009421', 'Txn_5367923': 'Txn_5369243', 'Txn_4939667': 'Txn_2939667', 'Txn_7343905': 'Txn_5734395', 'Txn_5734319': 'Txn_5743519', 'Txn_9662632': 'Txn_2966262', 'Txn_9223045': 'Txn_9522045', 'Txn_9254064': 'Txn_9540864', 'Txn_7954064': 'Txn_9540864', 'Txn_3894820': 'Txn_3893480', 'Txn_2561471': 'Txn_2564718', 'Txn_3423451': 'Txn_9423451', 'Txn_9484436': 'Txn_9444736', 'Txn_5067216': 'Txn_5072156', 'Txn_8284384': 'Txn_8854384', 'Txn_8330837': 'Txn_3308378', 'Txn_3587916': 'Txn_3858791', 'Txn_3793672': 'Txn_3943672', 'Txn_2522047': 'Txn_2525207', 'Txn_5530273': 'Txn_8553273', 'Txn_8532735': 'Txn_8553273', 'Txn_9871971': 'Txn_9716971', 'Txn_2544072': 'Txn_2544724', 'Txn_5133476': 'Txn_5313347', 'Txn_6323915': 'Txn_6323914', 'Txn_2210925': 'Txn_2210265', 'Txn_9517380': 'Txn_9561380', 'Txn_1244509': 'Txn_1244593', 'Txn_2134650': 'Txn_2134660', 'Txn_2194660': 'Txn_2134660', 'Txn_1260517': 'Txn_1216051', 'Txn_5926025': 'Txn_5268025', 'Txn_5280256': 'Txn_5268025', 'Txn_9924421': 'Txn_9952441', 'Txn_1328968': 'Txn_1324968', 'Txn_7355326': 'Txn_7335526', 'Txn_2401829': 'Txn_2408294', 'Txn_7387056': 'Txn_7328705', 'Txn_1627038': 'Txn_1672708', 'Txn_4992510': 'Txn_4995910', 'Txn_8323012': 'Txn_1833012', 'Txn_7077961': 'Txn_7707761', 'Txn_8014766': 'Txn_8017663', 'Txn_8016623': 'Txn_8017663', 'Txn_8140360': 'Txn_8103630', 'Txn_6591736': 'Txn_6991736', 'Txn_5852244': 'Txn_5822344', 'Txn_6589078': 'Txn_6568978', 'Txn_9773646': 'Txn_9773606', 'Txn_9365766': 'Txn_9657636', 'Txn_1752992': 'Txn_1375992', 'Txn_4751689': 'Txn_7551689', 'Txn_9905396': 'Txn_9005396', 'Txn_1532390': 'Txn_1533790', 'Txn_3499910': 'Txn_4995910', 'Txn_3166181': 'Txn_3216618', 'Txn_3397034': 'Txn_3359704', 'Txn_2844982': 'Txn_4284492', 'Txn_7738013': 'Txn_7732813', 'Txn_2733833': 'Txn_7323833', 'Txn_6732833': 'Txn_6872833', 'Txn_7418562': 'Txn_7418152', 'Txn_8842592': 'Txn_8424592', 'Txn_1640172': 'Txn_1604072', 'Txn_3692789': 'Txn_3369789', 'Txn_7975387': 'Txn_7753587', 'Txn_7753584': 'Txn_7753587', 'Txn_5680238': 'Txn_5685028', 'Txn_6850528': 'Txn_5685028', 'Txn_2451247': 'Txn_9245124', 'Txn_7997252': 'Txn_7992512', 'Txn_3431526': 'Txn_3315026', 'Txn_3601338': 'Txn_3801338', 'Txn_8235042': 'Txn_8250427', 'Txn_3686848': 'Txn_7368648', 'Txn_4630633': 'Txn_4390633', 'Txn_9054741': 'Txn_9054074', 'Txn_7057481': 'Txn_7705748', 'Txn_7854162': 'Txn_7840162', 'Txn_6696619': 'Txn_6697669', 'Txn_6170729': 'Txn_1617029', 'Txn_9432758': 'Txn_9432588', 'Txn_7832527': 'Txn_7483257', 'Txn_7703185': 'Txn_7003185', 'Txn_1256513': 'Txn_1256851', 'Txn_4234636': 'Txn_2346362', 'Txn_8947660': 'Txn_3894660', 'Txn_1292430': 'Txn_1522430', 'Txn_1935119': 'Txn_1931190', 'Txn_8388462': 'Txn_8384628', 'Txn_8384428': 'Txn_8384628', 'Txn_3846628': 'Txn_8384628', 'Txn_4003040': 'Txn_4200340', 'Txn_5708913': 'Txn_7089173', 'Txn_3376952': 'Txn_3376958', 'Txn_5132482': 'Txn_5132082', 'Txn_7321479': 'Txn_7321789', 'Txn_6226704': 'Txn_6272674', 'Txn_9215670': 'Txn_2152670', 'Txn_4843989': 'Txn_1843989', 'Txn_2559020': 'Txn_2515920', 'Txn_1605677': 'Txn_1056277', 'Txn_7735127': 'Txn_7735237', 'Txn_9335226': 'Txn_3352256', 'Txn_1335256': 'Txn_3352256', 'Txn_8949453': 'Txn_2894945', 'Txn_8494583': 'Txn_8494538', 'Txn_7226406': 'Txn_7223646', 'Txn_2257337': 'Txn_4227337', 'Txn_1756717': 'Txn_1752617', 'Txn_7526174': 'Txn_1752617', 'Txn_3026936': 'Txn_3026930', 'Txn_7251969': 'Txn_2591969', 'Txn_2104550': 'Txn_2145530', 'Txn_1853983': 'Txn_1583983', 'Txn_1585329': 'Txn_1853298', 'Txn_8499618': 'Txn_8996187', 'Txn_9382596': 'Txn_9382156', 'Txn_7770487': 'Txn_7177487', 'Txn_3224156': 'Txn_3224756', 'Txn_8126049': 'Txn_8162049', 'Txn_6655913': 'Txn_6559173', 'Txn_9105544': 'Txn_9155044', 'Txn_8701063': 'Txn_8010863', 'Txn_5862795': 'Txn_5086795', 'Txn_2052060': 'Txn_2050630', 'Txn_4561296': 'Txn_4526296', 'Txn_5373154': 'Txn_5137315', 'Txn_5313435': 'Txn_6513435', 'Txn_9326761': 'Txn_9327861', 'Txn_3447575': 'Txn_3475075', 'Txn_3920436': 'Txn_3292043', 'Txn_3232043': 'Txn_2320493', 'Txn_1990029': 'Txn_1993002', 'Txn_1442771': 'Txn_1442791', 'Txn_6049240': 'Txn_6034920', 'Txn_4203560': 'Txn_4205860', 'Txn_5797307': 'Txn_5793057', 'Txn_5470909': 'Txn_7540909', 'Txn_1496962': 'Txn_1469462', 'Txn_4475094': 'Txn_3447594', 'Txn_6457997': 'Txn_6579974', 'Txn_7218134': 'Txn_7218914', 'Txn_1603563': 'Txn_1633563', 'Txn_4650834': 'Txn_7650834', 'Txn_4108567': 'Txn_4107857', 'Txn_4663537': 'Txn_4635037', 'Txn_9456575': 'Txn_9456357', 'Txn_4856575': 'Txn_4565754', 'Txn_5615754': 'Txn_4565754', 'Txn_8020606': 'Txn_8402606', 'Txn_2265329': 'Txn_2216532', 'Txn_1616810': 'Txn_1665810', 'Txn_9549381': 'Txn_8549381', 'Txn_6987232': 'Txn_6297232', 'Txn_6498718': 'Txn_9649878', 'Txn_6040882': 'Txn_6040824', 'Txn_6408024': 'Txn_6040824', 'Txn_5420062': 'Txn_4520062', 'Txn_6345619': 'Txn_6345691', 'Txn_1336727': 'Txn_8133627', 'Txn_7905853': 'Txn_7908153', 'Txn_9691364': 'Txn_9641364', 'Txn_2477650': 'Txn_2477550', 'Txn_1929398': 'Txn_1923984', 'Txn_9968943': 'Txn_5996894', 'Txn_7278328': 'Txn_7278248', 'Txn_3669990': 'Txn_3660999', 'Txn_3749051': 'Txn_3749801', 'Txn_7262554': 'Txn_2726254', 'Txn_2097072': 'Txn_2097023', 'Txn_4635386': 'Txn_4653861', 'Txn_5153408': 'Txn_5153086', 'Txn_2503245': 'Txn_2500345', 'Txn_5151706': 'Txn_5151780', 'Txn_1980303': 'Txn_1870303', 'Txn_8776634': 'Txn_7766134', 'Txn_7746634': 'Txn_7766134', 'Txn_7592199': 'Txn_7921799', 'Txn_4727260': 'Txn_7272630', 'Txn_1086324': 'Txn_1063524', 'Txn_5714767': 'Txn_5781767', 'Txn_2035283': 'Txn_2035838', 'Txn_9643918': 'Txn_3964398', 'Txn_2933439': 'Txn_2933739', 'Txn_1398769': 'Txn_1368769', 'Txn_3845871': 'Txn_3858791', 'Txn_3895871': 'Txn_3858791', 'Txn_3541337': 'Txn_3543133', 'Txn_3145515': 'Txn_3455415', 'Txn_9259900': 'Txn_2599005', 'Txn_6541329': 'Txn_6549132', 'Txn_3172621': 'Txn_3197621', 'Txn_6581580': 'Txn_6815801', 'Txn_7866805': 'Txn_4786680', 'Txn_6899576': 'Txn_8999576', 'Txn_9285475': 'Txn_9257475', 'Txn_3661311': 'Txn_3676131', 'Txn_2638810': 'Txn_6388107', 'Txn_2588566': 'Txn_5882566', 'Txn_7166936': 'Txn_7116936', 'Txn_9417438': 'Txn_8941438', 'Txn_6515226': 'Txn_6552269', 'Txn_6097144': 'Txn_6037144', 'Txn_3349404': 'Txn_3494014', 'Txn_5426236': 'Txn_5423636', 'Txn_1631377': 'Txn_1635137', 'Txn_8606912': 'Txn_8606152', 'Txn_8076152': 'Txn_8606152', 'Txn_8983868': 'Txn_6898368', 'Txn_5992166': 'Txn_5921766', 'Txn_6830192': 'Txn_3680192', 'Txn_7435096': 'Txn_7435796', 'Txn_1823906': 'Txn_1882390', 'Txn_2038871': 'Txn_8038871', 'Txn_8131533': 'Txn_8913153', 'Txn_9464398': 'Txn_4764398', 'Txn_7089316': 'Txn_7083168', 'Txn_1900906': 'Txn_1900036', 'Txn_6812735': 'Txn_6851735', 'Txn_8077812': 'Txn_8078312', 'Txn_2260351': 'Txn_2603561', 'Txn_8162690': 'Txn_8916290', 'Txn_3670103': 'Txn_3967103', 'Txn_1372003': 'Txn_1367003', 'Txn_6377838': 'Txn_6377813', 'Txn_6327139': 'Txn_3271393', 'Txn_3267393': 'Txn_3271393', 'Txn_1230311': 'Txn_1203191', 'Txn_5368297': 'Txn_4536827', 'Txn_7371782': 'Txn_7637178', 'Txn_9275800': 'Txn_3275800', 'Txn_2119809': 'Txn_1193809', 'Txn_9817102': 'Txn_9281710', 'Txn_2817210': 'Txn_9281710', 'Txn_2217015': 'Txn_2271705', 'Txn_4107706': 'Txn_1077060', 'Txn_1057760': 'Txn_1077060', 'Txn_3629728': 'Txn_7629728', 'Txn_2962728': 'Txn_9362728', 'Txn_6411385': 'Txn_6471185', 'Txn_9288156': 'Txn_9281586', 'Txn_8972184': 'Txn_8721484', 'Txn_1538510': 'Txn_1538515', 'Txn_9764251': 'Txn_9774251', 'Txn_9778251': 'Txn_9774251', 'Txn_7108012': 'Txn_7010812', 'Txn_6395070': 'Txn_6309570', 'Txn_5118799': 'Txn_1118799', 'Txn_8661276': 'Txn_8616276', 'Txn_9810604': 'Txn_8106064', 'Txn_5506097': 'Txn_5530097', 'Txn_8155535': 'Txn_8155325', 'Txn_2111973': 'Txn_2119373', 'Txn_7857126': 'Txn_7485712', 'Txn_1940778': 'Txn_1430778', 'Txn_7153885': 'Txn_9715885', 'Txn_3648160': 'Txn_3634860', 'Txn_3879052': 'Txn_2379052', 'Txn_5229351': 'Txn_5293518', 'Txn_6478968': 'Txn_6479368', 'Txn_2001807': 'Txn_2030107', 'Txn_2030078': 'Txn_2030107', 'Txn_2632916': 'Txn_2629168', 'Txn_6467414': 'Txn_6416741', 'Txn_4849860': 'Txn_4849180', 'Txn_9246986': 'Txn_9246948', 'Txn_8659330': 'Txn_8519330', 'Txn_9897215': 'Txn_9859715', 'Txn_5257531': 'Txn_2575331', 'Txn_3585602': 'Txn_3458602', 'Txn_6963106': 'Txn_8963106', 'Txn_9135433': 'Txn_9134335', 'Txn_2313646': 'Txn_1231366', 'Txn_2330694': 'Txn_2336946', 'Txn_7461658': 'Txn_7466586', 'Txn_2056358': 'Txn_8205635', 'Txn_3232227': 'Txn_3232279', 'Txn_7838576': 'Txn_1783857', 'Txn_2673294': 'Txn_6732494', 'Txn_5747509': 'Txn_5747859', 'Txn_1721366': 'Txn_1231366', 'Txn_8279269': 'Txn_8127929', 'Txn_8306630': 'Txn_8066306', 'Txn_8063016': 'Txn_8066306', 'Txn_8111101': 'Txn_8511110', 'Txn_6733436': 'Txn_9673343', 'Txn_8388056': 'Txn_8384806', 'Txn_8813052': 'Txn_8131052', 'Txn_1172121': 'Txn_1171281', 'Txn_9867586': 'Txn_9875865', 'Txn_7728415': 'Txn_7762815', 'Txn_3620122': 'Txn_6201227', 'Txn_1621227': 'Txn_6201227', 'Txn_3676019': 'Txn_3067609', 'Txn_4352950': 'Txn_4052950', 'Txn_2208733': 'Txn_2203873', 'Txn_5548756': 'Txn_3548756', 'Txn_3547569': 'Txn_3548756', 'Txn_9433035': 'Txn_9332035', 'Txn_6753977': 'Txn_7539774', 'Txn_6270766': 'Txn_6707466', 'Txn_2354394': 'Txn_2365394', 'Txn_3507013': 'Txn_2350703', 'Txn_7780748': 'Txn_7780786', 'Txn_4873173': 'Txn_8073173', 'Txn_8740257': 'Txn_7402573', 'Txn_3705445': 'Txn_9375445', 'Txn_8447640': 'Txn_8244640', 'Txn_1058957': 'Txn_1058927', 'Txn_6093331': 'Txn_6029333', 'Txn_1750875': 'Txn_7508715', 'Txn_1505837': 'Txn_1505875', 'Txn_2000406': 'Txn_2000400', 'Txn_1272815': 'Txn_1727281', 'Txn_2651789': 'Txn_9265178', 'Txn_3677109': 'Txn_3776109', 'Txn_4650611': 'Txn_4650811', 'Txn_1640649': 'Txn_1647069', 'Txn_6824743': 'Txn_6682443', 'Txn_8917300': 'Txn_8973007', 'Txn_7375024': 'Txn_6775024', 'Txn_6775304': 'Txn_6775024', 'Txn_1911093': 'Txn_1971103', 'Txn_7143535': 'Txn_1435035', 'Txn_7584025': 'Txn_5848025', 'Txn_4676976': 'Txn_4661976', 'Txn_1637334': 'Txn_6387334', 'Txn_6243134': 'Txn_6431384', 'Txn_5537517': 'Txn_5037517', 'Txn_6231475': 'Txn_6315475', 'Txn_6541809': 'Txn_6504180', 'Txn_1749930': 'Txn_7499330', 'Txn_8810001': 'Txn_8810601', 'Txn_5172164': 'Txn_6572164', 'Txn_2705302': 'Txn_2470532', 'Txn_2470530': 'Txn_2470532', 'Txn_6189486': 'Txn_6519486', 'Txn_2062604': 'Txn_2462604', 'Txn_5023419': 'Txn_5202349', 'Txn_6057914': 'Txn_6505914', 'Txn_7771516': 'Txn_7775016', 'Txn_5342051': 'Txn_5320512', 'Txn_7805115': 'Txn_7801115', 'Txn_4750383': 'Txn_4753853', 'Txn_2810187': 'Txn_2817018', 'Txn_9360886': 'Txn_8936086', 'Txn_7580803': 'Txn_7808032', 'Txn_9874192': 'Txn_9827492', 'Txn_4956012': 'Txn_4566012', 'Txn_1661682': 'Txn_1661068', 'Txn_4919285': 'Txn_4191925', 'Txn_7458568': 'Txn_6745856', 'Txn_9660030': 'Txn_9646000', 'Txn_7436097': 'Txn_7360979', 'Txn_4826214': 'Txn_4262142', 'Txn_7153321': 'Txn_7153313', 'Txn_3158921': 'Txn_3589218', 'Txn_2586830': 'Txn_2586183', 'Txn_7243779': 'Txn_2436779', 'Txn_4030763': 'Txn_4001763', 'Txn_8566683': 'Txn_8566668', 'Txn_1641000': 'Txn_5141000', 'Txn_7750963': 'Txn_7509630', 'Txn_9928409': 'Txn_9284099', 'Txn_7954416': 'Txn_7454416', 'Txn_9890279': 'Txn_2980279', 'Txn_8549341': 'Txn_8549381', 'Txn_2726749': 'Txn_6272674', 'Txn_7097760': 'Txn_7975760', 'Txn_7775760': 'Txn_7777602', 'Txn_7838802': 'Txn_6838802', 'Txn_5929341': 'Txn_9592941', 'Txn_5047792': 'Txn_5347792', 'Txn_9640865': 'Txn_6470865', 'Txn_2135358': 'Txn_2513558', 'Txn_4328869': 'Txn_6438869', 'Txn_2477021': 'Txn_2417721', 'Txn_2417271': 'Txn_2417721', 'Txn_3674876': 'Txn_3670476', 'Txn_2878994': 'Txn_2827994', 'Txn_2311188': 'Txn_2311186', 'Txn_8982328': 'Txn_5898238', 'Txn_7688029': 'Txn_7268802', 'Txn_3894173': 'Txn_3894735', 'Txn_7292790': 'Txn_2927909', 'Txn_4146795': 'Txn_4147675', 'Txn_5255387': 'Txn_5225537', 'Txn_8170122': 'Txn_8130122', 'Txn_7053830': 'Txn_7053280', 'Txn_4070040': 'Txn_9407000', 'Txn_2210019': 'Txn_2251009', 'Txn_5414186': 'Txn_5412418', 'Txn_5927258': 'Txn_5927925', 'Txn_1196223': 'Txn_1196923', 'Txn_7961171': 'Txn_7618171', 'Txn_7232524': 'Txn_7234224', 'Txn_9131153': 'Txn_9131136', 'Txn_7595096': 'Txn_7595206', 'Txn_3157867': 'Txn_2317867', 'Txn_6361309': 'Txn_6836109', 'Txn_9110336': 'Txn_9811033', 'Txn_3843943': 'Txn_5384343', 'Txn_5235471': 'Txn_5354721', 'Txn_9535721': 'Txn_5354721', 'Txn_1822234': 'Txn_1852224', 'Txn_9878649': 'Txn_8786479', 'Txn_5878649': 'Txn_8786479', 'Txn_1205773': 'Txn_8120577', 'Txn_9792093': 'Txn_9072093', 'Txn_9191048': 'Txn_1910487', 'Txn_6142529': 'Txn_6142549', 'Txn_1836754': 'Txn_5183674', 'Txn_5297299': 'Txn_5297995', 'Txn_3642052': 'Txn_5364052', 'Txn_8356048': 'Txn_8560548', 'Txn_9240476': 'Txn_1240476', 'Txn_5972836': 'Txn_5926836', 'Txn_7047040': 'Txn_7804740', 'Txn_4046095': 'Txn_4046039', 'Txn_8783484': 'Txn_8383484', 'Txn_9175684': 'Txn_1715684', 'Txn_5665341': 'Txn_5665311', 'Txn_7408461': 'Txn_7402846', 'Txn_7340284': 'Txn_7402846', 'Txn_2402978': 'Txn_2402928', 'Txn_6085326': 'Txn_9685326', 'Txn_9894270': 'Txn_9894204', 'Txn_8659575': 'Txn_8598575', 'Txn_1401771': 'Txn_1417871', 'Txn_6553641': 'Txn_6536418', 'Txn_3399674': 'Txn_3996874', 'Txn_3670041': 'Txn_6700141', 'Txn_1701798': 'Txn_1170198', 'Txn_4816652': 'Txn_8166527', 'Txn_1766527': 'Txn_8166527', 'Txn_3975938': 'Txn_3097593', 'Txn_1936447': 'Txn_9365447', 'Txn_7277750': 'Txn_7677750', 'Txn_6683798': 'Txn_6637989', 'Txn_7029719': 'Txn_7027319', 'Txn_1307428': 'Txn_1907428', 'Txn_8155446': 'Txn_8554646', 'Txn_5806624': 'Txn_5860664', 'Txn_1488481': 'Txn_1488458', 'Txn_3484276': 'Txn_3842766', 'Txn_1654784': 'Txn_8165784', 'Txn_2919952': 'Txn_2916992', 'Txn_4350828': 'Txn_4350788', 'Txn_4350798': 'Txn_4325098', 'Txn_9455977': 'Txn_9455737', 'Txn_2909634': 'Txn_2930963', 'Txn_6687528': 'Txn_6968752', 'Txn_2529216': 'Txn_2582926', 'Txn_1728644': 'Txn_1785644', 'Txn_1702434': 'Txn_1702437', 'Txn_3422774': 'Txn_3427754', 'Txn_5026431': 'Txn_5020643', 'Txn_5029643': 'Txn_5029453', 'Txn_5492760': 'Txn_5927620', 'Txn_5981429': 'Txn_9814929', 'Txn_3710523': 'Txn_3105263', 'Txn_3105633': 'Txn_3105263', 'Txn_4565969': 'Txn_4569599', 'Txn_7423885': 'Txn_7323885', 'Txn_4019047': 'Txn_4019040', 'Txn_5949199': 'Txn_5991995', 'Txn_2437508': 'Txn_4375708', 'Txn_8732682': 'Txn_7326827', 'Txn_6044312': 'Txn_6004431', 'Txn_7445500': 'Txn_7475500', 'Txn_5430200': 'Txn_6540200', 'Txn_3028667': 'Txn_3086676', 'Txn_1547245': 'Txn_1548245', 'Txn_9550397': 'Txn_9507397', 'Txn_9486849': 'Txn_6948649', 'Txn_9121687': 'Txn_9121676', 'Txn_1595139': 'Txn_6159539', 'Txn_9478033': 'Txn_9468033', 'Txn_8150967': 'Txn_1509627', 'Txn_7851403': 'Txn_7531403', 'Txn_8019306': 'Txn_8019396', 'Txn_5061028': 'Txn_5060289', 'Txn_8621278': 'Txn_8212783', 'Txn_9924732': 'Txn_9929732', 'Txn_3512665': 'Txn_3551665', 'Txn_2929426': 'Txn_2924262', 'Txn_6740691': 'Txn_6746916', 'Txn_6895558': 'Txn_6856558', 'Txn_3312088': 'Txn_3120848', 'Txn_6266187': 'Txn_6266017', 'Txn_6706599': 'Txn_7670699', 'Txn_3632068': 'Txn_3632064', 'Txn_7994903': 'Txn_7989903', 'Txn_7505290': 'Txn_7515290', 'Txn_3171150': 'Txn_3711520', 'Txn_1005377': 'Txn_1080377', 'Txn_9384397': 'Txn_9841397', 'Txn_8324715': 'Txn_8324315', 'Txn_5360210': 'Txn_5369010', 'Txn_6205234': 'Txn_2905234', 'Txn_3821298': 'Txn_8219298', 'Txn_7895436': 'Txn_7954368', 'Txn_6036409': 'Txn_6034709', 'Txn_1316036': 'Txn_4116036', 'Txn_6372515': 'Txn_3725152', 'Txn_9417344': 'Txn_9477344', 'Txn_7865037': 'Txn_8695037', 'Txn_7605163': 'Txn_7051683', 'Txn_3950331': 'Txn_3953316', 'Txn_4583908': 'Txn_4858908', 'Txn_3737378': 'Txn_3373078', 'Txn_3981406': 'Txn_3982146', 'Txn_7770188': 'Txn_7701878', 'Txn_7268387': 'Txn_7426387', 'Txn_7421687': 'Txn_7426387', 'Txn_6780463': 'Txn_6980463', 'Txn_1936915': 'Txn_1593691', 'Txn_8487216': 'Txn_8872160', 'Txn_8872103': 'Txn_8872160', 'Txn_2907979': 'Txn_4297979', 'Txn_8225571': 'Txn_8522571', 'Txn_4032956': 'Txn_4382956', 'Txn_5744797': 'Txn_5447967', 'Txn_8505782': 'Txn_8059782', 'Txn_4342098': 'Txn_4325098', 'Txn_1559521': 'Txn_1559512', 'Txn_6091431': 'Txn_6091543', 'Txn_6091542': 'Txn_6941542', 'Txn_8271278': 'Txn_8212783', 'Txn_2355099': 'Txn_2535099', 'Txn_2905118': 'Txn_2951148', 'Txn_2672972': 'Txn_2671272', 'Txn_8437195': 'Txn_8437157', 'Txn_8250845': 'Txn_8425085', 'Txn_2375919': 'Txn_3237919', 'Txn_9348280': 'Txn_9348801', 'Txn_8046087': 'Txn_8469087', 'Txn_4788849': 'Txn_4758849', 'Txn_1698600': 'Txn_1696300', 'Txn_3785168': 'Txn_3785678', 'Txn_8712307': 'Txn_8712303', 'Txn_7312736': 'Txn_7327362', 'Txn_4360970': 'Txn_4360906', 'Txn_3781240': 'Txn_7819240', 'Txn_6266750': 'Txn_2606750', 'Txn_4493878': 'Txn_4493874', 'Txn_5761414': 'Txn_5726114', 'Txn_1072984': 'Txn_1079844', 'Txn_8260297': 'Txn_8726097', 'Txn_1522176': 'Txn_5222176', 'Txn_4633505': 'Txn_4643305', 'Txn_1170807': 'Txn_1171080', 'Txn_9547654': 'Txn_9576454', 'Txn_1740742': 'Txn_1674042', 'Txn_5270067': 'Txn_2527007', 'Txn_9252700': 'Txn_2527007', 'Txn_5108183': 'Txn_5108188', 'Txn_2078317': 'Txn_2308317', 'Txn_5220527': 'Txn_5220523', 'Txn_7072581': 'Txn_1707251', 'Txn_5244674': 'Txn_3524464', 'Txn_6070523': 'Txn_8600523', 'Txn_8860052': 'Txn_8600523', 'Txn_9072817': 'Txn_9072517', 'Txn_9012517': 'Txn_9072517', 'Txn_1888706': 'Txn_1888708', 'Txn_8807429': 'Txn_8878429', 'Txn_2504703': 'Txn_2350703', 'Txn_4382406': 'Txn_4385240', 'Txn_5263133': 'Txn_5826333', 'Txn_5823330': 'Txn_5826333', 'Txn_8749775': 'Txn_9874775', 'Txn_2119325': 'Txn_2190325', 'Txn_1903825': 'Txn_2190325', 'Txn_6412590': 'Txn_6413250', 'Txn_8961034': 'Txn_8960347', 'Txn_8963470': 'Txn_8960347', 'Txn_6347567': 'Txn_6347670', 'Txn_7133645': 'Txn_7137364', 'Txn_7480853': 'Txn_5748083', 'Txn_6104335': 'Txn_1804335', 'Txn_2911863': 'Txn_2911864', 'Txn_2491186': 'Txn_2911864', 'Txn_3919225': 'Txn_2919225', 'Txn_1856538': 'Txn_1856153', 'Txn_4385826': 'Txn_3858126', 'Txn_1354464': 'Txn_3524464', 'Txn_7101802': 'Txn_1031802', 'Txn_7764304': 'Txn_7374304', 'Txn_4615245': 'Txn_4615235', 'Txn_8477415': 'Txn_8477945', 'Txn_7387416': 'Txn_6738716', 'Txn_6738516': 'Txn_6738716', 'Txn_1313701': 'Txn_3136701', 'Txn_3502394': 'Txn_1350239', 'Txn_5145016': 'Txn_5145906', 'Txn_1208561': 'Txn_1205610', 'Txn_5492822': 'Txn_5496282', 'Txn_1721342': 'Txn_1721242', 'Txn_3819405': 'Txn_3819085', 'Txn_8159772': 'Txn_8159727', 'Txn_5252187': 'Txn_5752187', 'Txn_8316135': 'Txn_8316915', 'Txn_6763296': 'Txn_6736326', 'Txn_5896141': 'Txn_5896413', 'Txn_7666945': 'Txn_7665695', 'Txn_2638644': 'Txn_2638434', 'Txn_6149247': 'Txn_6492477', 'Txn_3233211': 'Txn_3233221', 'Txn_3882139': 'Txn_8821839', 'Txn_3838923': 'Txn_3889213', 'Txn_7383137': 'Txn_6738137', 'Txn_4807049': 'Txn_4807459', 'Txn_7565894': 'Txn_7563589', 'Txn_7821478': 'Txn_7872478', 'Txn_9863114': 'Txn_9868114', 'Txn_4921865': 'Txn_4892165', 'Txn_4982165': 'Txn_4892165', 'Txn_7213830': 'Txn_4721830', 'Txn_9612533': 'Txn_9615339', 'Txn_3182191': 'Txn_3018211', 'Txn_3663592': 'Txn_3646359', 'Txn_3045673': 'Txn_3046567', 'Txn_9349736': 'Txn_9340973', 'Txn_7898391': 'Txn_7896831', 'Txn_1817275': 'Txn_1851725', 'Txn_1485725': 'Txn_1851725', 'Txn_4932916': 'Txn_4329116', 'Txn_3514890': 'Txn_2351890', 'Txn_6187752': 'Txn_6879752', 'Txn_2244902': 'Txn_2449402', 'Txn_3241510': 'Txn_3215610', 'Txn_8690361': 'Txn_8090361', 'Txn_3635628': 'Txn_3463568', 'Txn_8152941': 'Txn_8526941', 'Txn_7963892': 'Txn_7968892', 'Txn_7915173': 'Txn_9151273', 'Txn_1232346': 'Txn_1123346', 'Txn_6596377': 'Txn_2696377', 'Txn_4260865': 'Txn_7426086', 'Txn_4528522': 'Txn_4852852', 'Txn_6276679': 'Txn_6206679', 'Txn_4141765': 'Txn_4147675', 'Txn_1476775': 'Txn_4147675', 'Txn_3693990': 'Txn_3930990', 'Txn_7083611': 'Txn_7068361', 'Txn_9647494': 'Txn_2964794', 'Txn_2032049': 'Txn_2002049', 'Txn_1584851': 'Txn_5844851', 'Txn_3060286': 'Txn_8306028', 'Txn_2593909': 'Txn_2939069', 'Txn_8872984': 'Txn_8687294', 'Txn_2174821': 'Txn_1748121', 'Txn_4216821': 'Txn_2176821', 'Txn_8386253': 'Txn_8385625', 'Txn_7653452': 'Txn_6532452', 'Txn_8644119': 'Txn_8164119', 'Txn_2667131': 'Txn_2662711', 'Txn_2566211': 'Txn_2662711', 'Txn_3426338': 'Txn_3420633', 'Txn_4329558': 'Txn_3295578', 'Txn_7202898': 'Txn_7208983', 'Txn_9883214': 'Txn_9839214', 'Txn_3386311': 'Txn_3398611', 'Txn_2807590': 'Txn_2987590', 'Txn_9705027': 'Txn_9050127', 'Txn_4777601': 'Txn_4877601', 'Txn_1927404': 'Txn_1927704', 'Txn_2347248': 'Txn_2372348', 'Txn_1529961': 'Txn_4152991', 'Txn_1149624': 'Txn_1196324', 'Txn_4442954': 'Txn_4442095', 'Txn_2312908': 'Txn_2361290', 'Txn_3612790': 'Txn_2361290', 'Txn_5289658': 'Txn_5296578', 'Txn_2430215': 'Txn_2435025', 'Txn_1419790': 'Txn_4197090', 'Txn_5679295': 'Txn_5679935', 'Txn_7851634': 'Txn_7521634', 'Txn_5975573': 'Txn_5951573', 'Txn_6279736': 'Txn_2798736', 'Txn_8018572': 'Txn_8018272', 'Txn_5005793': 'Txn_5100579', 'Txn_1370465': 'Txn_3740465', 'Txn_6420902': 'Txn_6420900', 'Txn_4431264': 'Txn_4143264', 'Txn_1528454': 'Txn_1529845', 'Txn_1710476': 'Txn_1731476', 'Txn_9659401': 'Txn_9675940', 'Txn_2250898': 'Txn_2250398', 'Txn_2360229': 'Txn_2302259', 'Txn_8751702': 'Txn_8175702', 'Txn_2437751': 'Txn_2437725', 'Txn_2133223': 'Txn_1332623', 'Txn_2741424': 'Txn_2714524', 'Txn_2749289': 'Txn_2741928', 'Txn_2838588': 'Txn_2838958', 'Txn_9354349': 'Txn_9345439', 'Txn_9344399': 'Txn_9345439', 'Txn_9376428': 'Txn_9374286', 'Txn_1357780': 'Txn_1577802', 'Txn_6217375': 'Txn_6297375', 'Txn_6120851': 'Txn_6125085', 'Txn_4363360': 'Txn_8436360', 'Txn_8435360': 'Txn_8436360', 'Txn_4734366': 'Txn_7343660', 'Txn_3886177': 'Txn_3886176', 'Txn_5179245': 'Txn_1792405', 'Txn_9970653': 'Txn_9597063', 'Txn_3399636': 'Txn_3699636', 'Txn_9055374': 'Txn_9105374', 'Txn_2898571': 'Txn_2882571', 'Txn_2887257': 'Txn_2882571', 'Txn_2882871': 'Txn_2882571', 'Txn_8199561': 'Txn_8719561', 'Txn_9363711': 'Txn_8363711', 'Txn_8153550': 'Txn_8155540', 'Txn_2536021': 'Txn_2536821', 'Txn_5808749': 'Txn_5808719', 'Txn_8538315': 'Txn_8538125', 'Txn_4356114': 'Txn_3561149', 'Txn_3602272': 'Txn_3660227', 'Txn_7310903': 'Txn_7331903', 'Txn_5908078': 'Txn_5790078', 'Txn_9933628': 'Txn_1933628', 'Txn_7246683': 'Txn_7246698', 'Txn_2112848': 'Txn_8211288', 'Txn_8112788': 'Txn_8211288', 'Txn_4757873': 'Txn_9475783', 'Txn_6011304': 'Txn_6013024', 'Txn_2375667': 'Txn_2377667', 'Txn_1292476': 'Txn_4129476', 'Txn_9288882': 'Txn_9298882', 'Txn_4062032': 'Txn_4060332', 'Txn_4276482': 'Txn_4276442', 'Txn_6657245': 'Txn_9665245', 'Txn_4343133': 'Txn_3543133', 'Txn_4383311': 'Txn_4831311', 'Txn_3645674': 'Txn_3456748', 'Txn_5689687': 'Txn_5680687', 'Txn_3971440': 'Txn_3912440', 'Txn_4247602': 'Txn_4276702', 'Txn_1390754': 'Txn_5139074', 'Txn_3303518': 'Txn_3307518', 'Txn_1837817': 'Txn_1837617', 'Txn_4457299': 'Txn_4472969', 'Txn_2547156': 'Txn_2747156', 'Txn_1784478': 'Txn_6784478', 'Txn_2764544': 'Txn_7645464', 'Txn_5171248': 'Txn_5712248', 'Txn_5572520': 'Txn_5575420', 'Txn_1688292': 'Txn_1687822', 'Txn_4793771': 'Txn_3493771', 'Txn_8105705': 'Txn_8107005', 'Txn_9281392': 'Txn_9281939', 'Txn_4183705': 'Txn_1983705', 'Txn_4971992': 'Txn_9719921', 'Txn_7663739': 'Txn_7667139', 'Txn_2057961': 'Txn_2457961', 'Txn_5561958': 'Txn_5564198', 'Txn_9921392': 'Txn_9923952', 'Txn_2614633': 'Txn_2616353', 'Txn_7922350': 'Txn_7223850', 'Txn_9896694': 'Txn_9196694', 'Txn_3488082': 'Txn_3048882', 'Txn_4822256': 'Txn_4822216', 'Txn_2886505': 'Txn_2888655', 'Txn_1534763': 'Txn_2134763', 'Txn_1713639': 'Txn_1732639', 'Txn_2199236': 'Txn_2196926', 'Txn_4519915': 'Txn_4501915', 'Txn_5088167': 'Txn_5108867', 'Txn_7152012': 'Txn_7412012', 'Txn_4120124': 'Txn_7412012', 'Txn_7641606': 'Txn_7664606', 'Txn_8325221': 'Txn_8325722', 'Txn_2352308': 'Txn_2342308', 'Txn_9815521': 'Txn_9801552', 'Txn_1697299': 'Txn_1569729', 'Txn_8470187': 'Txn_8970187', 'Txn_7936851': 'Txn_7368518', 'Txn_7936002': 'Txn_7293600', 'Txn_1037486': 'Txn_1037464', 'Txn_7694996': 'Txn_7697496', 'Txn_9247075': 'Txn_2470745', 'Txn_2421873': 'Txn_2421387', 'Txn_4428252': 'Txn_4432252', 'Txn_7714902': 'Txn_3771902', 'Txn_9443285': 'Txn_2944325', 'Txn_8343414': 'Txn_8343149', 'Txn_1807140': 'Txn_7187140', 'Txn_6966241': 'Txn_5666241', 'Txn_3255254': 'Txn_3252542', 'Txn_4717715': 'Txn_4731715', 'Txn_7548396': 'Txn_7483986', 'Txn_4097922': 'Txn_4978922', 'Txn_1192009': 'Txn_1902009', 'Txn_9853220': 'Txn_9852820', 'Txn_4224427': 'Txn_4224423', 'Txn_4764236': 'Txn_2464236', 'Txn_2294776': 'Txn_2294778', 'Txn_4606893': 'Txn_4668931', 'Txn_3546629': 'Txn_5466291', 'Txn_8344810': 'Txn_8348710', 'Txn_2522182': 'Txn_2522828', 'Txn_4529101': 'Txn_4521701', 'Txn_2480808': 'Txn_4380808'}
2026-03-08 11:07:24,380 | INFO | smart_impute applied (skew_threshold=1.0).
2026-03-08 11:07:24,425 | INFO | clean_column_names \u2192 renamed 8 cols: {'Transaction ID': 'transaction_id', 'Item': 'item', 'Quantity': 'quantity', 'Price Per Unit': 'price_per_unit', 'Total Spent': 'total_spent', 'Payment Method': 'payment_method', 'Location': 'location', 'Transaction Date': 'transaction_date'}
2026-03-08 11:07:24,520 | INFO | fix_date_formats: ['transaction_date']
2026-03-08 11:07:24,790 | INFO | fix_numeric_strings: []
2026-03-08 11:08:14,857 | INFO | smart_impute applied (skew_threshold=1.0).
2026-03-08 11:25:53,853 | INFO | smart_impute applied (skew_threshold=1.0).
2026-03-08 11:25:53,860 | INFO | clean_column_names \u2192 renamed 8 cols: {'Transaction ID': 'transaction_id', 'Item': 'item', 'Quantity': 'quantity', 'Price Per Unit': 'price_per_unit', 'Total Spent': 'total_spent', 'Payment Method': 'payment_method', 'Location': 'location', 'Transaction Date': 'transaction_date'}
2026-03-08 11:25:54,479 | INFO | standardize_strings applied.
2026-03-08 11:25:54,484 | INFO | fix_date_formats: ['transaction_date']
2026-03-08 11:25:54,572 | INFO | fix_numeric_strings: []
2026-03-08 11:25:54,662 | INFO | flag_test_data \u2192 0 rows flagged.
2026-03-08 11:31:01,979 | INFO | mask_pii: ['Transaction ID']
2026-03-08 11:31:55,464 | INFO | mask_pii: ['Transaction ID']
2026-03-08 11:32:09,658 | INFO | mask_pii: ['Transaction ID']
2026-03-08 11:40:15,453 | INFO | smart_impute applied (skew_threshold=1.0).
2026-03-08 11:40:15,457 | INFO | clean_column_names \u2192 renamed 8 cols: {'Transaction ID': 'transaction_id', 'Item': 'item', 'Quantity': 'quantity', 'Price Per Unit': 'price_per_unit', 'Total Spent': 'total_spent', 'Payment Method': 'payment_method', 'Location': 'location', 'Transaction Date': 'transaction_date'}
2026-03-08 11:40:15,933 | INFO | standardize_strings applied.
2026-03-08 11:40:15,940 | INFO | fix_date_formats: ['transaction_date']
2026-03-08 11:40:16,117 | INFO | fix_numeric_strings: ['quantity', 'price_per_unit', 'total_spent']
2026-03-08 11:44:23,992 | INFO | mask_pii: ['transaction_id']
2026-03-08 11:44:24,021 | INFO | hash_column 'payment_method' (sha256)
2026-03-08 11:44:42,976 | INFO | mask_pii: ['transaction_id']
2026-03-08 11:44:42,999 | INFO | hash_column 'payment_method' (md5)
2026-03-08 11:49:40,288 | INFO | smart_impute applied (skew_threshold=1.0).
2026-03-08 11:49:40,289 | INFO | clean_column_names \u2192 renamed 8 cols: {'Transaction ID': 'transaction_id', 'Item': 'item', 'Quantity': 'quantity', 'Price Per Unit': 'price_per_unit', 'Total Spent': 'total_spent', 'Payment Method': 'payment_method', 'Location': 'location', 'Transaction Date': 'transaction_date'}
2026-03-08 11:49:40,745 | INFO | standardize_strings applied.
2026-03-08 11:49:40,756 | INFO | fix_date_formats: ['transaction_date']
2026-03-08 11:49:41,032 | INFO | fix_numeric_strings: ['quantity', 'price_per_unit', 'total_spent']
2026-03-08 12:03:59,457 | INFO | smart_impute applied (skew_threshold=1.0).
2026-03-08 12:03:59,458 | INFO | clean_column_names \u2192 renamed 8 cols: {'Transaction ID': 'transaction_id', 'Item': 'item', 'Quantity': 'quantity', 'Price Per Unit': 'price_per_unit', 'Total Spent': 'total_spent', 'Payment Method': 'payment_method', 'Location': 'location', 'Transaction Date': 'transaction_date'}
2026-03-08 12:04:00,000 | INFO | standardize_strings applied.
2026-03-08 12:04:00,005 | INFO | fix_date_formats: ['transaction_date']
2026-03-08 12:04:00,170 | INFO | fix_numeric_strings: ['quantity', 'price_per_unit', 'total_spent']
2026-03-08 12:18:29,574 | INFO | smart_impute applied (skew_threshold=1.0).
2026-03-08 12:18:29,577 | INFO | clean_column_names \u2192 renamed 8 cols: {'Transaction ID': 'transaction_id', 'Item': 'item', 'Quantity': 'quantity', 'Price Per Unit': 'price_per_unit', 'Total Spent': 'total_spent', 'Payment Method': 'payment_method', 'Location': 'location', 'Transaction Date': 'transaction_date'}
2026-03-08 12:18:30,072 | INFO | standardize_strings applied.
2026-03-08 12:18:30,078 | INFO | fix_date_formats: ['transaction_date']
2026-03-08 12:18:30,240 | INFO | fix_numeric_strings: ['quantity', 'price_per_unit', 'total_spent']
